Date,Low,Open,Volume,High,Close,Adjusted Close
05-11-2004,12.75,12.75,8150300,17.610000610351562,17.489999771118164,15.472705841064453
08-11-2004,16.5,17.1299991607666,1113400,18.8799991607666,18.700000762939453,16.543136596679688
09-11-2004,17.31999969482422,18.739999771118164,521600,19.600000381469727,18.56999969482422,16.428131103515625
10-11-2004,18.020000457763672,18.350000381469727,709500,21.239999771118164,20.149999618530273,17.825899124145508
11-11-2004,20.3700008392334,20.700000762939453,1757100,24.40999984741211,21.0,18.577857971191406
12-11-2004,21.0,22.149999618530273,580900,22.5,21.399999618530273,18.931726455688477
15-11-2004,20.59000015258789,21.649999618530273,638900,23.100000381469727,21.610000610351562,19.11750030517578
16-11-2004,20.950000762939453,22.190000534057617,457500,22.469999313354492,22.200000762939453,19.63945198059082
17-11-2004,21.799999237060547,21.799999237060547,442500,23.25,22.0,19.46251106262207
18-11-2004,20.510000228881836,21.809999465942383,273900,21.989999771118164,20.84000015258789,18.436311721801758
19-11-2004,19.489999771118164,20.799999237060547,597300,21.75,21.5,19.020185470581055
22-11-2004,21.079999923706055,21.1299991607666,290400,22.989999771118164,22.219999313354492,19.657140731811523
23-11-2004,20.649999618530273,22.850000381469727,436800,22.850000381469727,21.190000534057617,18.74594497680664
24-11-2004,20.25,21.5,182600,21.559999465942383,21.049999237060547,18.622087478637695
26-11-2004,20.899999618530273,21.149999618530273,61100,21.25,21.0,18.577857971191406
29-11-2004,19.709999084472656,21.700000762939453,317800,21.75,20.229999542236328,17.89666175842285
30-11-2004,19.510000228881836,20.43000030517578,282900,20.760000228881836,19.600000381469727,17.339336395263672
01-12-2004,19.25,19.889999389648438,317000,20.100000381469727,20.040000915527344,17.728580474853516
02-12-2004,20.0,20.0,486600,22.469999313354492,21.639999389648438,19.144033432006836
03-12-2004,21.079999923706055,21.649999618530273,222000,22.8700008392334,21.440000534057617,18.967113494873047
06-12-2004,20.440000534057617,21.65999984741211,147000,22.06999969482422,20.5,18.135522842407227
07-12-2004,18.540000915527344,20.989999771118164,414200,21.0,19.440000534057617,17.197784423828125
08-12-2004,18.700000762939453,19.399999618530273,82500,19.68000030517578,19.399999618530273,17.162399291992188
09-12-2004,18.850000381469727,19.450000762939453,142900,20.399999618530273,20.0,17.693195343017578
10-12-2004,20.049999237060547,20.200000762939453,209100,20.84000015258789,20.40999984741211,18.055912017822266
13-12-2004,19.25,20.15999984741211,66500,20.3700008392334,19.399999618530273,17.162399291992188
14-12-2004,17.950000762939453,19.399999618530273,319600,19.899999618530273,18.290000915527344,16.18042755126953
15-12-2004,17.049999237060547,18.25,511400,18.3799991607666,17.209999084472656,15.224998474121094
16-12-2004,15.670000076293945,17.030000686645508,339100,17.25,16.09000015258789,14.234177589416504
17-12-2004,15.720000267028809,16.239999771118164,485700,16.959999084472656,15.930000305175781,14.092633247375488
20-12-2004,15.850000381469727,16.25,134400,16.850000381469727,16.1200008392334,14.260716438293457
21-12-2004,16.049999237060547,16.049999237060547,123500,17.459999084472656,16.969999313354492,15.012681007385254
22-12-2004,16.75,17.149999618530273,50100,17.149999618530273,16.940000534057617,14.986139297485352
23-12-2004,16.860000610351562,16.989999771118164,106800,17.31999969482422,17.190000534057617,15.207297325134277
27-12-2004,16.31999969482422,17.190000534057617,58400,17.309999465942383,16.979999542236328,15.021525382995605
28-12-2004,16.5,17.049999237060547,48200,17.049999237060547,16.90999984741211,14.959595680236816
29-12-2004,16.549999237060547,16.75,86500,17.200000762939453,16.760000228881836,14.826897621154785
30-12-2004,16.809999465942383,16.940000534057617,27600,17.18000030517578,17.18000030517578,15.198453903198242
31-12-2004,16.709999084472656,17.1299991607666,47500,17.1299991607666,17.010000228881836,15.048065185546875
03-01-2005,15.9399995803833,16.75,87400,17.149999618530273,15.949999809265137,14.110321044921875
04-01-2005,15.300000190734863,16.149999618530273,178100,16.270000457763672,15.5600004196167,13.765307426452637
05-01-2005,15.289999961853027,15.420000076293945,121500,16.40999984741211,15.600000381469727,13.800695419311523
06-01-2005,15.119999885559082,15.5,44000,15.729999542236328,15.279999732971191,13.517602920532227
07-01-2005,15.220000267028809,15.25,55000,16.18000030517578,15.5,13.712226867675781
10-01-2005,15.0600004196167,15.5,39300,16.0,15.5,13.712226867675781
11-01-2005,15.390000343322754,15.5,128500,16.010000228881836,15.920000076293945,14.083783149719238
12-01-2005,15.40999984741211,15.800000190734863,45200,15.930000305175781,15.880000114440918,14.048396110534668
13-01-2005,14.970000267028809,15.5,54100,15.739999771118164,15.079999923706055,13.340667724609375
14-01-2005,14.949999809265137,14.949999809265137,35500,15.329999923706055,15.199999809265137,13.446826934814453
18-01-2005,14.9399995803833,15.350000381469727,64200,15.449999809265137,14.989999771118164,13.261052131652832
19-01-2005,14.75,15.100000381469727,19400,15.100000381469727,14.930000305175781,13.20797348022461
20-01-2005,14.399999618530273,14.699999809265137,70900,14.869999885559082,14.680000305175781,12.98680591583252
21-01-2005,13.609999656677246,14.460000038146973,111200,14.770000457763672,14.539999961853027,12.862954139709473
24-01-2005,14.100000381469727,14.149999618530273,32900,15.270000457763672,14.100000381469727,12.473699569702148
25-01-2005,14.100000381469727,14.220000267028809,78800,14.489999771118164,14.399999618530273,12.73910140991211
26-01-2005,14.149999618530273,14.579999923706055,33700,14.630000114440918,14.350000381469727,12.694869041442871
27-01-2005,14.15999984741211,14.25,19100,14.5,14.220000267028809,12.579862594604492
28-01-2005,14.149999618530273,14.149999618530273,29700,14.399999618530273,14.229999542236328,12.588709831237793
31-01-2005,13.869999885559082,14.100000381469727,71500,14.40999984741211,13.979999542236328,12.36754322052002
01-02-2005,13.850000381469727,13.859999656677246,87500,14.25,13.960000038146973,12.34985065460205
02-02-2005,13.619999885559082,13.949999809265137,34800,13.970000267028809,13.819999694824219,12.225997924804688
03-02-2005,12.09000015258789,13.600000381469727,256200,13.600000381469727,12.09000015258789,10.695538520812988
04-02-2005,10.829999923706055,11.989999771118164,778700,12.449999809265137,11.5,10.173588752746582
07-02-2005,11.25,11.25,227800,12.149999618530273,11.399999618530273,10.085124969482422
08-02-2005,11.25,11.3100004196167,216400,11.899999618530273,11.350000381469727,10.040889739990234
09-02-2005,11.420000076293945,12.600000381469727,451900,12.880000114440918,11.970000267028809,10.589377403259277
10-02-2005,12.399999618530273,12.789999961853027,221300,13.0,12.5,11.058244705200195
11-02-2005,12.399999618530273,12.729999542236328,89300,12.729999542236328,12.479999542236328,11.040550231933594
14-02-2005,12.039999961853027,12.550000190734863,83800,12.550000190734863,12.199999809265137,10.792850494384766
15-02-2005,12.100000381469727,12.100000381469727,213300,13.319999694824219,13.050000190734863,11.544812202453613
16-02-2005,13.199999809265137,13.449999809265137,101700,13.75,13.699999809265137,12.11983871459961
17-02-2005,12.789999961853027,13.880000114440918,149500,14.050000190734863,12.9399995803833,11.447495460510254
18-02-2005,13.119999885559082,13.130000114440918,57200,13.680000305175781,13.15999984741211,11.642125129699707
22-02-2005,12.850000381469727,13.300000190734863,95600,13.300000190734863,13.0,11.500579833984375
23-02-2005,12.8100004196167,13.140000343322754,25600,13.140000343322754,12.8100004196167,11.332494735717773
24-02-2005,12.210000038146973,12.75,72700,12.8100004196167,12.640000343322754,11.182101249694824
25-02-2005,12.050000190734863,12.449999809265137,59000,12.600000381469727,12.479999542236328,11.040550231933594
28-02-2005,11.800000190734863,12.569999694824219,84500,12.569999694824219,11.819999694824219,10.456679344177246
01-03-2005,11.949999809265137,12.149999618530273,78200,12.149999618530273,12.0,10.615915298461914
02-03-2005,11.880000114440918,12.0,44100,12.010000228881836,12.0,10.615915298461914
03-03-2005,11.390000343322754,11.789999961853027,96700,11.989999771118164,11.430000305175781,10.111662864685059
04-03-2005,11.350000381469727,11.350000381469727,33600,11.600000381469727,11.430000305175781,10.111662864685059
07-03-2005,11.329999923706055,11.5,22400,11.5600004196167,11.399999618530273,10.085124969482422
08-03-2005,10.930000305175781,11.34000015258789,65300,11.6899995803833,11.109999656677246,9.828570365905762
09-03-2005,10.65999984741211,10.979999542236328,79800,11.079999923706055,11.0600004196167,9.784337997436523
10-03-2005,11.0600004196167,11.0600004196167,70100,11.420000076293945,11.220000267028809,9.925884246826172
11-03-2005,10.720000267028809,11.130000114440918,41600,11.449999809265137,11.039999961853027,9.766646385192871
14-03-2005,10.9399995803833,11.0,113700,11.25,11.199999809265137,9.90818977355957
15-03-2005,10.899999618530273,11.3100004196167,64600,11.3100004196167,10.989999771118164,9.722412109375
16-03-2005,10.859999656677246,10.890000343322754,178700,11.180000305175781,11.0,9.731255531311035
17-03-2005,10.859999656677246,11.0,43900,11.170000076293945,10.949999809265137,9.687026023864746
18-03-2005,10.819999694824219,10.819999694824219,49400,11.149999618530273,10.9399995803833,9.67817497253418
21-03-2005,10.600000381469727,10.920000076293945,56400,11.09000015258789,10.699999809265137,9.465863227844238
22-03-2005,10.579999923706055,10.59000015258789,29400,11.100000381469727,10.920000076293945,9.66048526763916
23-03-2005,10.390000343322754,10.770000457763672,38500,10.859999656677246,10.5,9.288928985595703
24-03-2005,10.279999732971191,10.479999542236328,70400,10.579999923706055,10.40999984741211,9.209305763244629
28-03-2005,10.020000457763672,10.260000228881836,81200,10.4399995803833,10.260000228881836,9.076611518859863
29-03-2005,9.75,10.199999809265137,47000,10.380000114440918,9.880000114440918,8.740437507629395
30-03-2005,9.180000305175781,9.699999809265137,176400,9.90999984741211,9.640000343322754,8.528120994567871
31-03-2005,9.510000228881836,9.510000228881836,438300,11.449999809265137,11.170000076293945,9.881648063659668
01-04-2005,11.880000114440918,12.09000015258789,344000,12.989999771118164,12.930000305175781,11.43864917755127
04-04-2005,12.100000381469727,13.029999732971191,93900,13.029999732971191,12.760000228881836,11.28825855255127
05-04-2005,12.140000343322754,12.789999961853027,110200,12.800000190734863,12.140000343322754,10.739770889282227
06-04-2005,11.979999542236328,12.09000015258789,90100,12.25,12.0,10.615915298461914
07-04-2005,11.75,12.100000381469727,81900,12.180000305175781,12.039999961853027,10.651308059692383
08-04-2005,11.9399995803833,12.0,153800,12.130000114440918,11.960000038146973,10.580533027648926
11-04-2005,12.0,12.0,70700,12.720000267028809,12.25,10.837080955505371
12-04-2005,12.100000381469727,12.25,99100,12.6899995803833,12.5600004196167,11.11133098602295
13-04-2005,12.5,12.5,162200,13.369999885559082,13.020000457763672,11.518272399902344
14-04-2005,12.989999771118164,13.279999732971191,171100,13.930000305175781,13.600000381469727,12.031373977661133
15-04-2005,13.300000190734863,13.609999656677246,131100,13.609999656677246,13.520000457763672,11.960600852966309
18-04-2005,13.420000076293945,13.819999694824219,217300,14.350000381469727,13.84000015258789,12.243692398071289
19-04-2005,13.8100004196167,14.149999618530273,152000,14.149999618530273,13.869999885559082,12.270232200622559
20-04-2005,13.210000038146973,13.800000190734863,117900,13.800000190734863,13.210000038146973,11.686355590820312
21-04-2005,13.199999809265137,13.220000267028809,155600,13.680000305175781,13.600000381469727,12.031373977661133
22-04-2005,12.760000228881836,13.59000015258789,963100,13.59000015258789,12.760000228881836,11.28825855255127
25-04-2005,12.270000457763672,12.850000381469727,192600,13.0,12.449999809265137,11.014015197753906
26-04-2005,12.0,12.489999771118164,237200,12.5,12.050000190734863,10.660152435302734
27-04-2005,11.859999656677246,12.020000457763672,157100,12.220000267028809,12.100000381469727,10.704385757446289
28-04-2005,12.050000190734863,12.100000381469727,130500,12.569999694824219,12.09000015258789,10.695538520812988
29-04-2005,12.0,12.4399995803833,159700,12.4399995803833,12.260000228881836,10.845929145812988
02-05-2005,11.920000076293945,12.319999694824219,137700,12.569999694824219,12.229999542236328,10.819390296936035
03-05-2005,12.170000076293945,12.170000076293945,198700,12.6899995803833,12.430000305175781,10.996318817138672
04-05-2005,10.649999618530273,11.75,977200,11.75,11.300000190734863,9.996655464172363
05-05-2005,10.930000305175781,11.069999694824219,586100,11.5,11.0,9.731255531311035
06-05-2005,10.710000038146973,10.890000343322754,555200,11.229999542236328,11.229999542236328,9.934731483459473
09-05-2005,10.479999542236328,11.109999656677246,619900,11.25,11.100000381469727,9.81972599029541
10-05-2005,10.930000305175781,11.100000381469727,311000,11.100000381469727,11.0,9.731255531311035
11-05-2005,10.670000076293945,11.0,274900,11.0,10.789999961853027,9.545482635498047
12-05-2005,10.220000267028809,10.640000343322754,212900,10.770000457763672,10.520000457763672,9.306620597839355
13-05-2005,10.220000267028809,10.489999771118164,65600,10.550000190734863,10.220000267028809,9.04122543334961
16-05-2005,9.489999771118164,10.199999809265137,398400,10.430000305175781,10.300000190734863,9.11199951171875
17-05-2005,10.069999694824219,10.319999694824219,174500,10.510000228881836,10.5,9.288928985595703
18-05-2005,9.930000305175781,10.390000343322754,211000,10.899999618530273,10.199999809265137,9.023526191711426
19-05-2005,10.0,10.199999809265137,101900,10.479999542236328,10.100000381469727,8.935066223144531
20-05-2005,9.770000457763672,10.15999984741211,130900,10.15999984741211,9.899999618530273,8.758130073547363
23-05-2005,9.829999923706055,9.829999923706055,249100,11.100000381469727,10.729999542236328,9.49239730834961
24-05-2005,10.569999694824219,10.84000015258789,126400,11.0,10.850000381469727,9.598557472229004
25-05-2005,10.279999732971191,10.880000114440918,237700,10.899999618530273,10.420000076293945,9.218155860900879
26-05-2005,10.300000190734863,10.399999618530273,154200,10.470000267028809,10.4399995803833,9.235846519470215
27-05-2005,10.100000381469727,10.319999694824219,148900,10.6899995803833,10.350000381469727,9.156229972839355
31-05-2005,9.739999771118164,10.479999542236328,194200,10.479999542236328,10.0,8.846597671508789
01-06-2005,9.489999771118164,9.880000114440918,329100,10.0,9.829999923706055,8.696207046508789
02-06-2005,9.710000038146973,9.829999923706055,135700,10.0600004196167,10.0600004196167,8.899678230285645
03-06-2005,10.0,10.050000190734863,117000,10.430000305175781,10.279999732971191,9.0943021774292
06-06-2005,9.869999885559082,10.180000305175781,129800,10.3100004196167,10.300000190734863,9.11199951171875
07-06-2005,10.1899995803833,10.329999923706055,129100,10.359999656677246,10.239999771118164,9.058917045593262
08-06-2005,9.859999656677246,10.180000305175781,45700,10.180000305175781,9.930000305175781,8.784673690795898
09-06-2005,9.84000015258789,10.039999961853027,115700,10.09000015258789,10.09000015258789,8.92621898651123
10-06-2005,10.029999732971191,10.039999961853027,189300,10.430000305175781,10.199999809265137,9.023526191711426
13-06-2005,10.220000267028809,10.220000267028809,244200,10.710000038146973,10.600000381469727,9.377396583557129
14-06-2005,10.569999694824219,10.670000076293945,413500,11.5,11.430000305175781,10.111662864685059
15-06-2005,10.859999656677246,11.65999984741211,108100,11.699999809265137,11.170000076293945,9.881648063659668
16-06-2005,10.90999984741211,11.039999961853027,142700,11.579999923706055,11.550000190734863,10.21782398223877
17-06-2005,11.350000381469727,11.479999542236328,198200,11.600000381469727,11.359999656677246,10.049734115600586
20-06-2005,11.260000228881836,11.640000343322754,52100,11.640000343322754,11.329999923706055,10.02319622039795
21-06-2005,11.300000190734863,11.34000015258789,181400,11.520000457763672,11.449999809265137,10.129358291625977
22-06-2005,11.420000076293945,11.489999771118164,385500,11.729999542236328,11.649999618530273,10.306288719177246
23-06-2005,11.420000076293945,11.770000457763672,1232600,11.770000457763672,11.5,10.173588752746582
24-06-2005,10.510000228881836,11.5,1340700,11.670000076293945,11.579999923706055,10.24436092376709
27-06-2005,11.399999618530273,11.640000343322754,280900,11.640000343322754,11.510000228881836,10.18243408203125
28-06-2005,11.109999656677246,11.529999732971191,244900,11.600000381469727,11.5,10.173588752746582
29-06-2005,10.789999961853027,11.5,496000,11.720000267028809,11.369999885559082,10.058582305908203
30-06-2005,11.029999732971191,11.25,273100,11.4399995803833,11.300000190734863,9.996655464172363
01-07-2005,10.899999618530273,11.329999923706055,161000,11.329999923706055,11.020000457763672,9.74895191192627
05-07-2005,10.760000228881836,10.920000076293945,118100,11.15999984741211,10.850000381469727,9.598557472229004
06-07-2005,10.739999771118164,10.75,238000,11.039999961853027,10.890000343322754,9.633946418762207
07-07-2005,10.199999809265137,10.770000457763672,345200,10.890000343322754,10.520000457763672,9.306620597839355
08-07-2005,10.380000114440918,10.40999984741211,460200,10.579999923706055,10.539999961853027,9.324315071105957
11-07-2005,10.510000228881836,10.600000381469727,494300,11.960000038146973,11.300000190734863,9.996655464172363
12-07-2005,10.970000267028809,11.329999923706055,123900,11.390000343322754,11.050000190734863,9.775491714477539
13-07-2005,10.819999694824219,11.100000381469727,64300,11.100000381469727,10.859999656677246,9.607407569885254
14-07-2005,10.890000343322754,10.989999771118164,181100,11.25,10.890000343322754,9.633946418762207
15-07-2005,10.600000381469727,10.75,178700,11.0,10.869999885559082,9.616250038146973
18-07-2005,10.710000038146973,10.859999656677246,123500,11.079999923706055,10.949999809265137,9.687026023864746
19-07-2005,10.739999771118164,11.09000015258789,126400,11.09000015258789,10.970000267028809,9.704720497131348
20-07-2005,10.880000114440918,10.90999984741211,143200,11.479999542236328,11.430000305175781,10.111662864685059
21-07-2005,10.9399995803833,11.430000305175781,93500,11.470000267028809,11.0600004196167,9.784337997436523
22-07-2005,11.020000457763672,11.0600004196167,67100,11.420000076293945,11.390000343322754,10.076274871826172
25-07-2005,10.949999809265137,11.289999961853027,55800,11.289999961853027,11.020000457763672,9.74895191192627
26-07-2005,10.760000228881836,11.020000457763672,116600,11.130000114440918,10.920000076293945,9.66048526763916
27-07-2005,10.5600004196167,10.949999809265137,101000,11.180000305175781,10.989999771118164,9.722412109375
28-07-2005,10.729999542236328,10.9399995803833,80000,11.180000305175781,10.859999656677246,9.607407569885254
29-07-2005,10.789999961853027,10.789999961853027,61000,11.0,10.949999809265137,9.687026023864746
01-08-2005,10.75,10.979999542236328,127900,11.010000228881836,10.760000228881836,9.518937110900879
02-08-2005,10.600000381469727,10.729999542236328,121500,10.760000228881836,10.760000228881836,9.518937110900879
03-08-2005,10.529999732971191,10.670000076293945,97700,11.020000457763672,10.84000015258789,9.589710235595703
04-08-2005,10.5600004196167,10.8100004196167,64900,10.8100004196167,10.5600004196167,9.342005729675293
05-08-2005,10.550000190734863,10.600000381469727,78000,10.65999984741211,10.569999694824219,9.350852966308594
08-08-2005,10.029999732971191,10.029999732971191,148500,10.350000381469727,10.220000267028809,9.04122543334961
09-08-2005,10.069999694824219,10.270000457763672,168000,11.079999923706055,10.84000015258789,9.589710235595703
10-08-2005,10.020000457763672,10.890000343322754,168000,11.0,10.279999732971191,9.0943021774292
11-08-2005,9.869999885559082,10.270000457763672,129200,10.329999923706055,10.0,8.846597671508789
12-08-2005,9.8100004196167,9.960000038146973,67900,10.130000114440918,10.039999961853027,8.881985664367676
15-08-2005,9.960000038146973,10.069999694824219,85600,10.359999656677246,10.359999656677246,9.16507625579834
16-08-2005,9.920000076293945,10.34000015258789,129300,10.34000015258789,10.0,8.846597671508789
17-08-2005,9.850000381469727,9.920000076293945,42200,10.09000015258789,9.989999771118164,8.837750434875488
18-08-2005,9.869999885559082,9.890000343322754,47900,10.140000343322754,9.989999771118164,8.837750434875488
19-08-2005,9.899999618530273,9.9399995803833,67800,10.15999984741211,10.0600004196167,8.899678230285645
22-08-2005,9.949999809265137,10.15999984741211,74200,10.239999771118164,10.0600004196167,8.899678230285645
23-08-2005,9.949999809265137,10.130000114440918,122900,10.199999809265137,10.119999885559082,8.952760696411133
24-08-2005,10.029999732971191,10.069999694824219,129800,10.539999961853027,10.5,9.288928985595703
25-08-2005,10.479999542236328,10.479999542236328,183500,11.15999984741211,11.010000228881836,9.740103721618652
26-08-2005,10.90999984741211,10.949999809265137,96000,11.489999771118164,11.010000228881836,9.740103721618652
29-08-2005,10.90999984741211,10.920000076293945,64400,11.390000343322754,11.380000114440918,10.067429542541504
30-08-2005,11.0,11.380000114440918,57600,11.380000114440918,11.140000343322754,9.855112075805664
31-08-2005,10.84000015258789,11.140000343322754,141800,11.25,11.1899995803833,9.899343490600586
01-09-2005,11.029999732971191,11.1899995803833,95600,11.40999984741211,11.050000190734863,9.775491714477539
02-09-2005,11.0,11.010000228881836,22700,11.09000015258789,11.069999694824219,9.793184280395508
06-09-2005,11.020000457763672,11.020000457763672,55500,11.369999885559082,11.289999961853027,9.987809181213379
07-09-2005,10.880000114440918,11.260000228881836,67200,11.649999618530273,11.220000267028809,9.925884246826172
08-09-2005,11.039999961853027,11.180000305175781,58100,11.479999542236328,11.300000190734863,9.996655464172363
09-09-2005,10.979999542236328,11.3100004196167,63700,11.430000305175781,11.34000015258789,10.03204345703125
12-09-2005,11.399999618530273,11.399999618530273,133700,12.470000267028809,12.199999809265137,10.792850494384766
13-09-2005,11.510000228881836,12.199999809265137,124000,12.229999542236328,11.760000228881836,10.403597831726074
14-09-2005,11.069999694824219,11.770000457763672,115700,11.770000457763672,11.199999809265137,9.90818977355957
15-09-2005,11.130000114440918,11.210000038146973,48800,11.239999771118164,11.239999771118164,9.943573951721191
16-09-2005,11.40999984741211,12.25,250100,12.289999961853027,11.739999771118164,10.385904312133789
19-09-2005,11.670000076293945,11.670000076293945,171700,12.229999542236328,12.050000190734863,10.660152435302734
20-09-2005,11.949999809265137,12.09000015258789,148500,12.229999542236328,12.15999984741211,10.757460594177246
21-09-2005,12.0600004196167,12.069999694824219,128400,12.359999656677246,12.210000038146973,10.80169677734375
22-09-2005,12.0600004196167,12.100000381469727,215500,13.149999618530273,12.760000228881836,11.28825855255127
23-09-2005,12.779999732971191,12.850000381469727,188200,13.380000114440918,13.130000114440918,11.615583419799805
26-09-2005,13.220000267028809,13.220000267028809,157700,13.699999809265137,13.329999923706055,11.792516708374023
27-09-2005,13.25,13.329999923706055,274600,13.600000381469727,13.430000305175781,11.880983352661133
28-09-2005,13.180000305175781,13.529999732971191,189300,14.550000190734863,14.09000015258789,12.464858055114746
29-09-2005,13.170000076293945,14.100000381469727,115700,14.15999984741211,14.010000228881836,12.394085884094238
30-09-2005,13.350000381469727,13.829999923706055,202200,13.960000038146973,13.600000381469727,12.031373977661133
03-10-2005,13.119999885559082,13.550000190734863,126100,13.550000190734863,13.140000343322754,11.624430656433105
04-10-2005,12.739999771118164,13.170000076293945,150200,13.220000267028809,12.789999961853027,11.314798355102539
05-10-2005,12.149999618530273,12.6899995803833,187400,12.899999618530273,12.4399995803833,11.005168914794922
06-10-2005,12.25,12.449999809265137,106500,12.720000267028809,12.4399995803833,11.005168914794922
07-10-2005,12.390000343322754,12.470000267028809,104500,12.5600004196167,12.4399995803833,11.005168914794922
10-10-2005,12.270000457763672,12.369999885559082,46500,12.539999961853027,12.279999732971191,10.86362361907959
11-10-2005,12.369999885559082,12.369999885559082,116400,12.970000267028809,12.720000267028809,11.252875328063965
12-10-2005,12.109999656677246,12.65999984741211,81100,12.850000381469727,12.300000190734863,10.881315231323242
13-10-2005,11.880000114440918,12.1899995803833,91000,12.359999656677246,12.199999809265137,10.792850494384766
14-10-2005,11.5600004196167,12.350000381469727,85400,12.350000381469727,12.0,10.615915298461914
17-10-2005,11.680000305175781,11.920000076293945,113400,12.050000190734863,11.739999771118164,10.385904312133789
18-10-2005,11.550000190734863,11.680000305175781,38000,11.84000015258789,11.550000190734863,10.21782398223877
19-10-2005,10.899999618530273,11.550000190734863,141400,12.5,12.470000267028809,11.031708717346191
20-10-2005,11.800000190734863,12.529999732971191,54400,12.529999732971191,12.050000190734863,10.660152435302734
21-10-2005,12.100000381469727,12.109999656677246,76600,12.5,12.25,10.837080955505371
24-10-2005,12.300000190734863,12.300000190734863,190800,12.800000190734863,12.539999961853027,11.093631744384766
25-10-2005,12.100000381469727,12.489999771118164,45600,12.520000457763672,12.399999618530273,10.969782829284668
26-10-2005,12.210000038146973,12.369999885559082,204200,12.600000381469727,12.359999656677246,10.934393882751465
27-10-2005,11.930000305175781,12.3100004196167,102600,12.369999885559082,12.010000228881836,10.624768257141113
28-10-2005,11.899999618530273,12.0600004196167,108700,12.34000015258789,12.34000015258789,10.916702270507812
31-10-2005,12.239999771118164,12.359999656677246,128300,12.529999732971191,12.34000015258789,10.916702270507812
01-11-2005,11.529999732971191,12.279999732971191,204200,12.5,11.960000038146973,10.580533027648926
02-11-2005,11.760000228881836,11.890000343322754,109100,12.5,12.149999618530273,10.748612403869629
03-11-2005,12.220000267028809,12.3100004196167,98300,12.630000114440918,12.630000114440918,11.173253059387207
04-11-2005,11.890000343322754,12.609999656677246,156300,12.649999618530273,12.050000190734863,10.660152435302734
07-11-2005,12.010000228881836,12.109999656677246,100200,12.75,12.390000343322754,10.960935592651367
08-11-2005,12.0,12.329999923706055,69900,12.329999923706055,12.0,10.615915298461914
09-11-2005,11.829999923706055,11.9399995803833,136100,12.050000190734863,11.9399995803833,10.562840461730957
10-11-2005,11.520000457763672,11.880000114440918,134500,12.149999618530273,11.970000267028809,10.589377403259277
11-11-2005,11.5600004196167,11.890000343322754,95700,12.100000381469727,12.069999694824219,10.677841186523438
14-11-2005,11.8100004196167,12.100000381469727,107800,12.300000190734863,12.0,10.615915298461914
15-11-2005,11.539999961853027,11.90999984741211,38300,12.050000190734863,11.6899995803833,10.341673851013184
16-11-2005,10.850000381469727,11.680000305175781,139700,11.680000305175781,11.130000114440918,9.846266746520996
17-11-2005,10.869999885559082,11.180000305175781,85800,11.40999984741211,11.149999618530273,9.8639554977417
18-11-2005,11.069999694824219,11.329999923706055,103400,11.930000305175781,11.899999618530273,10.527450561523438
21-11-2005,11.649999618530273,11.829999923706055,70400,12.119999885559082,12.0,10.615915298461914
22-11-2005,11.819999694824219,11.90999984741211,72500,12.489999771118164,12.050000190734863,10.660152435302734
23-11-2005,11.899999618530273,12.020000457763672,120200,12.449999809265137,12.270000457763672,10.854777336120605
25-11-2005,12.199999809265137,12.430000305175781,48300,12.670000076293945,12.449999809265137,11.014015197753906
28-11-2005,11.84000015258789,12.449999809265137,169600,12.600000381469727,12.300000190734863,10.881315231323242
29-11-2005,11.970000267028809,12.270000457763672,131600,12.369999885559082,12.199999809265137,10.792850494384766
30-11-2005,11.819999694824219,12.220000267028809,120300,12.270000457763672,12.210000038146973,10.80169677734375
01-12-2005,11.600000381469727,12.399999618530273,218100,12.399999618530273,11.649999618530273,10.306288719177246
02-12-2005,11.300000190734863,11.5600004196167,84100,11.779999732971191,11.760000228881836,10.403597831726074
05-12-2005,11.1899995803833,11.680000305175781,80800,11.75,11.600000381469727,10.262052536010742
06-12-2005,11.319999694824219,11.720000267028809,107300,11.859999656677246,11.380000114440918,10.067429542541504
07-12-2005,11.09000015258789,11.460000038146973,140000,11.550000190734863,11.319999694824219,10.014348030090332
08-12-2005,10.920000076293945,11.319999694824219,116000,11.569999694824219,11.470000267028809,10.14704704284668
09-12-2005,11.430000305175781,11.479999542236328,86800,11.789999961853027,11.630000114440918,10.288593292236328
12-12-2005,11.069999694824219,11.579999923706055,371100,11.859999656677246,11.399999618530273,10.085124969482422
13-12-2005,11.039999961853027,11.3100004196167,509400,11.359999656677246,11.140000343322754,9.855112075805664
14-12-2005,10.819999694824219,11.170000076293945,83700,11.329999923706055,11.239999771118164,9.943573951721191
15-12-2005,10.90999984741211,11.149999618530273,50900,11.220000267028809,11.039999961853027,9.766646385192871
16-12-2005,10.649999618530273,10.960000038146973,235700,11.220000267028809,11.140000343322754,9.855112075805664
19-12-2005,10.770000457763672,11.119999885559082,245500,11.149999618530273,10.899999618530273,9.642788887023926
20-12-2005,10.729999542236328,10.819999694824219,113400,10.960000038146973,10.850000381469727,9.598557472229004
21-12-2005,10.600000381469727,10.899999618530273,65400,10.899999618530273,10.640000343322754,9.412781715393066
22-12-2005,10.510000228881836,10.75,111200,11.40999984741211,11.09000015258789,9.810882568359375
23-12-2005,10.930000305175781,11.029999732971191,84800,11.300000190734863,10.979999542236328,9.713568687438965
27-12-2005,10.670000076293945,11.0,140000,11.0600004196167,10.699999809265137,9.465863227844238
28-12-2005,10.729999542236328,10.800000190734863,52800,10.970000267028809,10.90999984741211,9.65163516998291
29-12-2005,10.520000457763672,10.819999694824219,194900,10.970000267028809,10.869999885559082,9.616250038146973
30-12-2005,10.850000381469727,10.949999809265137,187100,11.489999771118164,11.430000305175781,10.111662864685059
03-01-2006,10.859999656677246,11.430000305175781,119400,11.479999542236328,11.220000267028809,9.925884246826172
04-01-2006,11.109999656677246,11.300000190734863,111000,11.5,11.359999656677246,10.049734115600586
05-01-2006,11.020000457763672,11.3100004196167,97500,11.380000114440918,11.069999694824219,9.793184280395508
06-01-2006,10.460000038146973,11.130000114440918,343900,11.279999732971191,11.180000305175781,9.890496253967285
09-01-2006,11.119999885559082,11.119999885559082,185800,11.649999618530273,11.640000343322754,10.297443389892578
10-01-2006,11.569999694824219,11.579999923706055,236300,12.270000457763672,12.039999961853027,10.651308059692383
11-01-2006,11.6899995803833,11.960000038146973,151100,12.0,12.0,10.615915298461914
12-01-2006,11.510000228881836,11.789999961853027,136500,11.890000343322754,11.859999656677246,10.492066383361816
13-01-2006,11.75,11.779999732971191,75300,11.90999984741211,11.75,10.394752502441406
17-01-2006,11.039999961853027,11.729999542236328,96700,11.729999542236328,11.210000038146973,9.917035102844238
18-01-2006,10.9399995803833,11.09000015258789,62000,11.260000228881836,11.100000381469727,9.81972599029541
19-01-2006,10.979999542236328,11.130000114440918,44100,11.449999809265137,11.239999771118164,9.943573951721191
20-01-2006,11.0,11.329999923706055,62700,11.329999923706055,11.100000381469727,9.81972599029541
23-01-2006,10.949999809265137,11.0600004196167,42300,11.5,11.199999809265137,9.90818977355957
24-01-2006,11.180000305175781,11.239999771118164,47500,11.479999542236328,11.430000305175781,10.111662864685059
25-01-2006,11.289999961853027,11.489999771118164,126400,11.489999771118164,11.449999809265137,10.129358291625977
26-01-2006,11.3100004196167,11.539999961853027,166500,12.0,11.989999771118164,10.607070922851562
27-01-2006,11.960000038146973,11.960000038146973,222500,12.579999923706055,12.529999732971191,11.084787368774414
30-01-2006,12.399999618530273,12.510000228881836,227700,13.369999885559082,12.920000076293945,11.429805755615234
31-01-2006,12.789999961853027,12.920000076293945,98500,13.3100004196167,12.899999618530273,11.412109375
01-02-2006,12.220000267028809,13.0,204300,13.069999694824219,12.609999656677246,11.155563354492188
02-02-2006,12.100000381469727,12.550000190734863,165600,12.699999809265137,12.399999618530273,10.969782829284668
03-02-2006,12.180000305175781,12.270000457763672,75800,13.300000190734863,12.529999732971191,11.084787368774414
06-02-2006,12.029999732971191,12.470000267028809,135400,12.470000267028809,12.25,10.837080955505371
07-02-2006,12.010000228881836,12.199999809265137,100100,12.779999732971191,12.079999923706055,10.686689376831055
08-02-2006,11.9399995803833,11.9399995803833,113600,12.9399995803833,12.479999542236328,11.040550231933594
09-02-2006,12.390000343322754,12.579999923706055,388000,13.149999618530273,12.5,11.058244705200195
10-02-2006,12.25,12.470000267028809,259100,13.399999618530273,13.09000015258789,11.580196380615234
13-02-2006,12.680000305175781,13.050000190734863,229000,13.130000114440918,13.09000015258789,11.580196380615234
14-02-2006,12.649999618530273,13.109999656677246,211400,13.180000305175781,12.970000267028809,11.474040031433105
15-02-2006,12.600000381469727,13.0,219900,13.0,12.789999961853027,11.314798355102539
16-02-2006,12.5,12.819999694824219,168900,12.899999618530273,12.670000076293945,11.208640098571777
17-02-2006,12.479999542236328,12.770000457763672,44000,13.050000190734863,12.8100004196167,11.332494735717773
21-02-2006,12.369999885559082,12.800000190734863,187800,12.800000190734863,12.550000190734863,11.1024808883667
22-02-2006,12.479999542236328,12.600000381469727,71400,12.720000267028809,12.699999809265137,11.235179901123047
23-02-2006,12.460000038146973,12.670000076293945,69200,13.300000190734863,12.649999618530273,11.190946578979492
24-02-2006,12.479999542236328,12.630000114440918,41600,13.010000228881836,12.739999771118164,11.270567893981934
27-02-2006,12.680000305175781,12.680000305175781,63800,13.479999542236328,13.449999809265137,11.89867115020752
28-02-2006,12.90999984741211,13.319999694824219,169800,13.5,13.149999618530273,11.633278846740723
01-03-2006,13.09000015258789,13.149999618530273,95400,13.770000457763672,13.680000305175781,12.10214614868164
02-03-2006,13.119999885559082,13.680000305175781,140100,13.729999542236328,13.34000015258789,11.801362991333008
03-03-2006,12.779999732971191,13.270000457763672,126000,13.319999694824219,12.899999618530273,11.412109375
06-03-2006,12.920000076293945,13.0,65400,13.329999923706055,13.010000228881836,11.50942325592041
07-03-2006,12.5,12.9399995803833,621300,12.960000038146973,12.510000228881836,11.067092895507812
08-03-2006,11.979999542236328,12.5,111700,12.649999618530273,12.59000015258789,11.137866973876953
09-03-2006,12.029999732971191,12.569999694824219,671100,12.649999618530273,12.0600004196167,10.668999671936035
10-03-2006,11.720000267028809,12.010000228881836,188900,12.0600004196167,12.050000190734863,10.660152435302734
13-03-2006,11.970000267028809,12.069999694824219,739000,12.170000076293945,12.039999961853027,10.651308059692383
14-03-2006,11.789999961853027,11.989999771118164,607400,12.239999771118164,11.989999771118164,10.607070922851562
15-03-2006,11.75,12.050000190734863,191100,12.180000305175781,11.970000267028809,10.589377403259277
16-03-2006,11.880000114440918,12.0600004196167,46700,12.079999923706055,11.930000305175781,10.553991317749023
17-03-2006,11.649999618530273,12.020000457763672,435900,12.020000457763672,11.880000114440918,10.509758949279785
20-03-2006,11.880000114440918,11.880000114440918,70600,12.350000381469727,12.270000457763672,10.854777336120605
21-03-2006,12.039999961853027,12.220000267028809,80300,12.329999923706055,12.149999618530273,10.748612403869629
22-03-2006,11.770000457763672,12.1899995803833,95400,12.239999771118164,12.199999809265137,10.792850494384766
23-03-2006,12.020000457763672,12.149999618530273,86200,12.289999961853027,12.25,10.837080955505371
24-03-2006,12.149999618530273,12.329999923706055,110900,12.359999656677246,12.350000381469727,10.925551414489746
27-03-2006,12.079999923706055,12.329999923706055,27500,12.449999809265137,12.399999618530273,10.969782829284668
28-03-2006,12.180000305175781,12.449999809265137,130200,12.520000457763672,12.289999961853027,10.87247085571289
29-03-2006,12.029999732971191,12.300000190734863,79500,12.300000190734863,12.149999618530273,10.748612403869629
30-03-2006,12.029999732971191,12.119999885559082,51900,12.25,12.15999984741211,10.757460594177246
31-03-2006,11.850000381469727,12.220000267028809,50400,12.220000267028809,12.029999732971191,10.642457008361816
03-04-2006,11.850000381469727,12.020000457763672,127000,12.270000457763672,12.029999732971191,10.642457008361816
04-04-2006,11.979999542236328,12.0,156500,12.539999961853027,12.470000267028809,11.031708717346191
05-04-2006,12.229999542236328,12.579999923706055,153400,12.579999923706055,12.449999809265137,11.014015197753906
06-04-2006,12.180000305175781,12.399999618530273,66100,12.399999618530273,12.229999542236328,10.819390296936035
07-04-2006,11.800000190734863,12.25,131000,12.399999618530273,11.829999923706055,10.465524673461914
10-04-2006,11.670000076293945,11.789999961853027,112200,11.890000343322754,11.800000190734863,10.438989639282227
11-04-2006,11.15999984741211,11.739999771118164,280800,11.920000076293945,11.1899995803833,9.899343490600586
12-04-2006,10.949999809265137,11.15999984741211,288200,11.220000267028809,11.010000228881836,9.740103721618652
13-04-2006,10.260000228881836,10.449999809265137,712800,10.970000267028809,10.90999984741211,9.65163516998291
17-04-2006,10.770000457763672,10.880000114440918,235800,11.300000190734863,11.119999885559082,9.837414741516113
18-04-2006,10.899999618530273,10.989999771118164,286400,11.15999984741211,11.020000457763672,9.74895191192627
19-04-2006,10.930000305175781,11.020000457763672,90500,11.130000114440918,11.109999656677246,9.828570365905762
20-04-2006,10.819999694824219,11.100000381469727,120600,11.300000190734863,11.0600004196167,9.784337997436523
21-04-2006,10.710000038146973,11.039999961853027,95700,11.229999542236328,10.800000190734863,9.554327964782715
24-04-2006,10.579999923706055,10.75,75100,10.899999618530273,10.579999923706055,9.359702110290527
25-04-2006,10.489999771118164,10.5600004196167,114300,10.970000267028809,10.890000343322754,9.633946418762207
26-04-2006,10.720000267028809,10.720000267028809,209700,11.390000343322754,11.029999732971191,9.757794380187988
27-04-2006,10.890000343322754,10.9399995803833,233900,11.34000015258789,11.3100004196167,10.005502700805664
28-04-2006,10.75,11.220000267028809,180500,11.25,11.15999984741211,9.872800827026367
01-05-2006,10.65999984741211,11.25,169600,11.279999732971191,10.670000076293945,9.439319610595703
02-05-2006,10.430000305175781,10.640000343322754,269200,10.770000457763672,10.479999542236328,9.271233558654785
03-05-2006,10.09000015258789,10.550000190734863,119400,10.9399995803833,10.670000076293945,9.439319610595703
04-05-2006,10.579999923706055,10.600000381469727,163200,11.0,10.779999732971191,9.53663158416748
05-05-2006,10.510000228881836,10.869999885559082,189800,11.0,10.779999732971191,9.53663158416748
08-05-2006,10.720000267028809,10.75,106100,11.0600004196167,10.800000190734863,9.554327964782715
09-05-2006,10.760000228881836,10.800000190734863,33400,10.970000267028809,10.920000076293945,9.66048526763916
10-05-2006,10.710000038146973,10.859999656677246,116300,10.859999656677246,10.760000228881836,9.518937110900879
11-05-2006,10.539999961853027,10.75,104500,10.979999542236328,10.600000381469727,9.377396583557129
12-05-2006,10.300000190734863,10.529999732971191,90300,10.649999618530273,10.399999618530273,9.20046329498291
15-05-2006,10.15999984741211,10.319999694824219,113200,10.829999923706055,10.210000038146973,9.03237533569336
16-05-2006,10.119999885559082,10.229999542236328,105900,10.4399995803833,10.15999984741211,8.988141059875488
17-05-2006,10.029999732971191,10.100000381469727,62400,10.319999694824219,10.289999961853027,9.10315227508545
18-05-2006,9.890000343322754,10.300000190734863,190500,10.300000190734863,9.960000038146973,8.811211585998535
19-05-2006,10.0,10.020000457763672,204200,10.430000305175781,10.359999656677246,9.16507625579834
22-05-2006,10.050000190734863,10.289999961853027,545700,11.34000015258789,11.270000457763672,9.970115661621094
23-05-2006,10.119999885559082,11.329999923706055,215300,11.329999923706055,10.430000305175781,9.227002143859863
24-05-2006,10.140000343322754,10.399999618530273,124900,10.609999656677246,10.399999618530273,9.20046329498291
25-05-2006,10.359999656677246,10.550000190734863,77000,10.699999809265137,10.630000114440918,9.403937339782715
26-05-2006,10.59000015258789,10.729999542236328,41600,11.079999923706055,10.829999923706055,9.580866813659668
30-05-2006,10.420000076293945,10.770000457763672,68600,10.770000457763672,10.489999771118164,9.280082702636719
31-05-2006,10.579999923706055,10.760000228881836,132100,11.020000457763672,10.949999809265137,9.687026023864746
01-06-2006,10.579999923706055,10.90999984741211,94100,11.0,10.979999542236328,9.713568687438965
02-06-2006,10.449999809265137,11.09000015258789,172800,11.1899995803833,10.600000381469727,9.377396583557129
05-06-2006,10.399999618530273,10.550000190734863,139400,10.6899995803833,10.529999732971191,9.315464973449707
06-06-2006,10.390000343322754,10.520000457763672,91500,10.65999984741211,10.479999542236328,9.271233558654785
07-06-2006,10.399999618530273,10.520000457763672,106200,10.770000457763672,10.40999984741211,9.209305763244629
08-06-2006,10.239999771118164,10.34000015258789,1301200,10.949999809265137,10.800000190734863,9.554327964782715
09-06-2006,10.550000190734863,10.829999923706055,79700,11.329999923706055,10.720000267028809,9.483556747436523
12-06-2006,10.350000381469727,10.710000038146973,83500,10.75,10.569999694824219,9.350852966308594
13-06-2006,10.369999885559082,10.550000190734863,121100,11.050000190734863,10.399999618530273,9.20046329498291
14-06-2006,10.029999732971191,10.430000305175781,137300,10.510000228881836,10.510000228881836,9.297775268554688
15-06-2006,10.59000015258789,10.59000015258789,100600,11.039999961853027,10.960000038146973,9.695871353149414
16-06-2006,10.859999656677246,10.859999656677246,482600,11.25,10.989999771118164,9.722412109375
19-06-2006,10.4399995803833,11.050000190734863,161600,11.050000190734863,10.59000015258789,9.368546485900879
20-06-2006,10.5,10.600000381469727,75600,10.770000457763672,10.550000190734863,9.333166122436523
21-06-2006,10.539999961853027,10.539999961853027,102200,11.0,10.880000114440918,9.625100135803223
22-06-2006,10.739999771118164,10.880000114440918,234000,10.989999771118164,10.960000038146973,9.695871353149414
23-06-2006,10.630000114440918,10.920000076293945,82600,10.970000267028809,10.859999656677246,9.607407569885254
26-06-2006,10.90999984741211,10.9399995803833,108800,11.149999618530273,11.069999694824219,9.793184280395508
27-06-2006,11.0600004196167,11.130000114440918,137500,11.34000015258789,11.180000305175781,9.890496253967285
28-06-2006,10.989999771118164,11.239999771118164,124800,11.239999771118164,11.079999923706055,9.802031517028809
29-06-2006,10.989999771118164,11.1899995803833,158100,11.350000381469727,11.329999923706055,10.02319622039795
30-06-2006,11.010000228881836,11.390000343322754,375700,11.420000076293945,11.010000228881836,9.740103721618652
03-07-2006,10.789999961853027,10.970000267028809,80200,11.25,11.25,9.952423095703125
05-07-2006,10.800000190734863,11.119999885559082,211200,11.25,11.039999961853027,9.766646385192871
06-07-2006,10.260000228881836,11.079999923706055,316800,11.100000381469727,10.529999732971191,9.315464973449707
07-07-2006,10.100000381469727,10.449999809265137,191900,10.760000228881836,10.180000305175781,9.00583553314209
10-07-2006,10.0600004196167,10.1899995803833,110800,10.489999771118164,10.180000305175781,9.00583553314209
11-07-2006,9.84000015258789,10.119999885559082,119400,10.350000381469727,10.199999809265137,9.023526191711426
12-07-2006,10.149999618530273,10.15999984741211,235200,10.5600004196167,10.380000114440918,9.182768821716309
13-07-2006,9.960000038146973,10.350000381469727,142600,10.420000076293945,10.050000190734863,8.890830039978027
14-07-2006,9.90999984741211,10.029999732971191,149900,10.039999961853027,9.90999984741211,8.766979217529297
17-07-2006,9.890000343322754,9.890000343322754,165400,10.09000015258789,10.0,8.846597671508789
18-07-2006,9.800000190734863,10.010000228881836,124900,10.09000015258789,10.010000228881836,8.85544490814209
19-07-2006,9.800000190734863,10.050000190734863,135700,10.0600004196167,10.010000228881836,8.85544490814209
20-07-2006,9.8100004196167,10.039999961853027,125900,10.140000343322754,9.84000015258789,8.705053329467773
21-07-2006,9.350000381469727,9.800000190734863,68300,9.819999694824219,9.350000381469727,8.271568298339844
24-07-2006,9.4399995803833,9.449999809265137,281000,9.979999542236328,9.970000267028809,8.820056915283203
25-07-2006,9.859999656677246,9.979999542236328,107600,10.329999923706055,10.09000015258789,8.92621898651123
26-07-2006,9.5600004196167,10.029999732971191,127000,10.050000190734863,9.670000076293945,8.554659843444824
27-07-2006,9.350000381469727,9.6899995803833,121400,9.729999542236328,9.579999923706055,8.4750394821167
28-07-2006,9.550000190734863,9.600000381469727,164700,10.109999656677246,10.0600004196167,8.899678230285645
31-07-2006,9.949999809265137,10.100000381469727,100400,10.180000305175781,10.15999984741211,8.988141059875488
01-08-2006,9.739999771118164,10.050000190734863,88000,10.109999656677246,9.949999809265137,8.80236530303955
02-08-2006,9.380000114440918,10.0600004196167,190700,10.130000114440918,10.010000228881836,8.85544490814209
03-08-2006,9.5,9.880000114440918,94900,9.979999542236328,9.579999923706055,8.4750394821167
04-08-2006,9.270000457763672,9.720000267028809,229700,10.210000038146973,9.300000190734863,8.227336883544922
07-08-2006,9.130000114440918,9.270000457763672,175000,9.510000228881836,9.380000114440918,8.298110008239746
08-08-2006,8.90999984741211,9.4399995803833,93100,9.470000267028809,9.010000228881836,7.970783710479736
09-08-2006,8.770000457763672,9.100000381469727,109900,9.100000381469727,8.899999618530273,7.873472690582275
10-08-2006,8.770000457763672,8.850000381469727,74700,9.130000114440918,9.039999961853027,7.997323513031006
11-08-2006,8.960000038146973,8.979999542236328,79700,9.239999771118164,9.180000305175781,8.121175765991211
14-08-2006,9.130000114440918,9.300000190734863,84500,9.569999694824219,9.170000076293945,8.11233139038086
15-08-2006,9.270000457763672,9.279999732971191,110200,9.760000228881836,9.680000305175781,8.563508987426758
16-08-2006,9.550000190734863,9.800000190734863,125000,9.979999542236328,9.720000267028809,8.598892211914062
17-08-2006,9.630000114440918,9.65999984741211,40300,9.989999771118164,9.829999923706055,8.696207046508789
18-08-2006,9.75,9.90999984741211,54000,9.979999542236328,9.920000076293945,8.775825500488281
21-08-2006,9.680000305175781,9.850000381469727,52100,9.850000381469727,9.710000038146973,8.590048789978027
22-08-2006,9.680000305175781,9.699999809265137,52800,9.850000381469727,9.760000228881836,8.634279251098633
23-08-2006,9.630000114440918,9.800000190734863,66000,9.90999984741211,9.640000343322754,8.528120994567871
24-08-2006,9.579999923706055,9.710000038146973,70300,9.75,9.649999618530273,8.536965370178223
25-08-2006,9.460000038146973,9.59000015258789,63100,9.630000114440918,9.539999961853027,8.439653396606445
28-08-2006,9.420000076293945,9.550000190734863,63400,9.6899995803833,9.600000381469727,8.49273681640625
29-08-2006,9.369999885559082,9.619999885559082,76500,9.65999984741211,9.65999984741211,8.545814514160156
30-08-2006,9.479999542236328,9.640000343322754,56000,9.670000076293945,9.5,8.404269218444824
31-08-2006,9.399999618530273,9.539999961853027,113500,9.680000305175781,9.420000076293945,8.333498001098633
01-09-2006,9.40999984741211,9.449999809265137,142400,9.760000228881836,9.760000228881836,8.634279251098633
05-09-2006,9.630000114440918,9.739999771118164,66700,9.789999961853027,9.739999771118164,8.616585731506348
06-09-2006,9.539999961853027,9.649999618530273,69900,9.970000267028809,9.550000190734863,8.448498725891113
07-09-2006,9.399999618530273,9.470000267028809,65200,9.699999809265137,9.5,8.404269218444824
08-09-2006,9.529999732971191,9.550000190734863,87400,9.890000343322754,9.850000381469727,8.71390151977539
11-09-2006,9.739999771118164,9.8100004196167,65000,10.09000015258789,10.039999961853027,8.881985664367676
12-09-2006,9.880000114440918,10.100000381469727,136400,10.300000190734863,10.25,9.067761421203613
13-09-2006,10.210000038146973,10.260000228881836,121300,10.390000343322754,10.25,9.067761421203613
14-09-2006,10.15999984741211,10.15999984741211,105100,10.430000305175781,10.34000015258789,9.147380828857422
15-09-2006,10.34000015258789,10.479999542236328,456000,10.609999656677246,10.359999656677246,9.16507625579834
18-09-2006,10.260000228881836,10.319999694824219,52100,10.350000381469727,10.279999732971191,9.0943021774292
19-09-2006,9.720000267028809,10.319999694824219,89500,10.329999923706055,10.09000015258789,8.92621898651123
20-09-2006,9.949999809265137,10.149999618530273,94200,10.199999809265137,10.050000190734863,8.890830039978027
21-09-2006,9.890000343322754,10.100000381469727,78900,10.149999618530273,10.0,8.846597671508789
22-09-2006,9.800000190734863,9.949999809265137,60100,10.039999961853027,9.859999656677246,8.722747802734375
25-09-2006,9.800000190734863,9.899999618530273,34000,10.100000381469727,10.050000190734863,8.890830039978027
26-09-2006,10.069999694824219,10.069999694824219,86600,10.40999984741211,10.359999656677246,9.16507625579834
27-09-2006,10.300000190734863,10.3100004196167,64300,10.40999984741211,10.40999984741211,9.209305763244629
28-09-2006,10.449999809265137,10.449999809265137,91100,10.649999618530273,10.579999923706055,9.359702110290527
29-09-2006,10.380000114440918,10.619999885559082,155900,10.619999885559082,10.470000267028809,9.262386322021484
02-10-2006,10.260000228881836,10.430000305175781,133900,10.520000457763672,10.279999732971191,9.0943021774292
03-10-2006,10.079999923706055,10.25,181900,10.300000190734863,10.100000381469727,8.935066223144531
04-10-2006,10.100000381469727,10.100000381469727,89400,10.420000076293945,10.399999618530273,9.20046329498291
05-10-2006,10.229999542236328,10.390000343322754,69200,10.5,10.430000305175781,9.227002143859863
06-10-2006,10.289999961853027,10.350000381469727,66000,10.5,10.399999618530273,9.20046329498291
09-10-2006,10.300000190734863,10.34000015258789,29900,10.399999618530273,10.399999618530273,9.20046329498291
10-10-2006,10.010000228881836,10.460000038146973,136600,10.460000038146973,10.260000228881836,9.076611518859863
11-10-2006,10.100000381469727,10.220000267028809,155700,10.449999809265137,10.25,9.067761421203613
12-10-2006,10.34000015258789,10.34000015258789,212500,10.75,10.600000381469727,9.377396583557129
13-10-2006,10.420000076293945,10.619999885559082,245600,10.869999885559082,10.779999732971191,9.53663158416748
16-10-2006,10.829999923706055,10.829999923706055,104100,11.0,10.960000038146973,9.695871353149414
17-10-2006,10.890000343322754,10.890000343322754,520700,11.34000015258789,11.170000076293945,9.881648063659668
18-10-2006,10.949999809265137,11.210000038146973,120000,11.5,11.0600004196167,9.784337997436523
19-10-2006,10.84000015258789,11.0,101600,11.270000457763672,11.170000076293945,9.881648063659668
20-10-2006,10.989999771118164,11.220000267028809,66400,11.25,11.199999809265137,9.90818977355957
23-10-2006,11.079999923706055,11.1899995803833,58000,11.210000038146973,11.199999809265137,9.90818977355957
24-10-2006,11.029999732971191,11.130000114440918,39000,11.1899995803833,11.149999618530273,9.8639554977417
25-10-2006,11.119999885559082,11.170000076293945,84200,11.300000190734863,11.1899995803833,9.899343490600586
26-10-2006,11.069999694824219,11.300000190734863,111600,11.399999618530273,11.1899995803833,9.899343490600586
27-10-2006,11.029999732971191,11.109999656677246,28600,11.380000114440918,11.039999961853027,9.766646385192871
30-10-2006,11.010000228881836,11.029999732971191,107300,11.319999694824219,11.289999961853027,9.987809181213379
31-10-2006,11.140000343322754,11.369999885559082,128700,11.529999732971191,11.25,9.952423095703125
01-11-2006,11.229999542236328,11.520000457763672,168600,11.520000457763672,11.329999923706055,10.02319622039795
02-11-2006,11.239999771118164,11.239999771118164,318100,12.399999618530273,12.0600004196167,10.668999671936035
03-11-2006,11.819999694824219,12.119999885559082,177200,12.25,12.0,10.615915298461914
06-11-2006,11.949999809265137,12.050000190734863,126900,12.460000038146973,12.390000343322754,10.960935592651367
07-11-2006,12.369999885559082,12.369999885559082,1288800,13.140000343322754,12.930000305175781,11.43864917755127
08-11-2006,12.550000190734863,12.890000343322754,212800,12.899999618530273,12.619999885559082,11.164405822753906
09-11-2006,12.380000114440918,12.630000114440918,70100,12.850000381469727,12.569999694824219,11.120172500610352
10-11-2006,12.539999961853027,12.539999961853027,580100,13.649999618530273,13.5,11.942909240722656
13-11-2006,13.630000114440918,13.649999618530273,753800,14.010000228881836,13.890000343322754,12.287922859191895
14-11-2006,13.369999885559082,13.84000015258789,192300,13.899999618530273,13.899999618530273,12.296769142150879
15-11-2006,13.800000190734863,13.890000343322754,439900,14.079999923706055,14.069999694824219,12.447165489196777
16-11-2006,13.9399995803833,14.029999732971191,462300,14.449999809265137,14.119999885559082,12.491398811340332
17-11-2006,14.029999732971191,14.09000015258789,220000,14.3100004196167,14.25,12.606400489807129
20-11-2006,14.170000076293945,14.260000228881836,498700,14.600000381469727,14.359999656677246,12.703715324401855
21-11-2006,14.390000343322754,14.430000305175781,388000,14.899999618530273,14.829999923706055,13.1195068359375
22-11-2006,14.600000381469727,14.890000343322754,201100,15.09000015258789,14.949999809265137,13.225665092468262
24-11-2006,14.699999809265137,14.949999809265137,153200,15.09000015258789,14.949999809265137,13.225665092468262
27-11-2006,14.149999618530273,14.890000343322754,630900,15.050000190734863,14.199999809265137,12.562169075012207
28-11-2006,14.100000381469727,14.100000381469727,215200,14.579999923706055,14.329999923706055,12.677176475524902
29-11-2006,14.229999542236328,14.329999923706055,303400,14.619999885559082,14.40999984741211,12.74795150756836
30-11-2006,14.149999618530273,14.390000343322754,212100,14.670000076293945,14.399999618530273,12.73910140991211
01-12-2006,14.149999618530273,14.359999656677246,203800,14.520000457763672,14.470000267028809,12.801026344299316
04-12-2006,14.3100004196167,14.470000267028809,197600,14.75,14.680000305175781,12.98680591583252
05-12-2006,14.489999771118164,14.720000267028809,121500,14.720000267028809,14.649999618530273,12.960267066955566
06-12-2006,14.25,14.59000015258789,123600,14.59000015258789,14.430000305175781,12.765644073486328
07-12-2006,14.220000267028809,14.5,343400,14.800000190734863,14.59000015258789,12.907186508178711
08-12-2006,14.279999732971191,14.619999885559082,204900,14.710000038146973,14.710000038146973,13.013347625732422
11-12-2006,14.40999984741211,14.720000267028809,200000,14.75,14.470000267028809,12.801026344299316
12-12-2006,14.210000038146973,14.489999771118164,138600,14.529999732971191,14.369999885559082,12.712562561035156
13-12-2006,13.949999809265137,14.449999809265137,188200,14.470000267028809,14.029999732971191,12.411776542663574
14-12-2006,13.930000305175781,14.09000015258789,142500,14.15999984741211,13.979999542236328,12.36754322052002
15-12-2006,13.899999618530273,14.010000228881836,279500,14.069999694824219,13.920000076293945,12.314464569091797
18-12-2006,13.800000190734863,13.979999542236328,93500,14.029999732971191,13.84000015258789,12.243692398071289
19-12-2006,13.680000305175781,13.819999694824219,121100,13.90999984741211,13.699999809265137,12.11983871459961
20-12-2006,13.699999809265137,13.850000381469727,108000,13.890000343322754,13.75,12.164074897766113
21-12-2006,13.479999542236328,13.789999961853027,84200,13.800000190734863,13.579999923706055,12.013683319091797
22-12-2006,13.489999771118164,13.609999656677246,56700,13.720000267028809,13.520000457763672,11.960600852966309
26-12-2006,13.550000190734863,13.550000190734863,224400,13.890000343322754,13.8100004196167,12.217155456542969
27-12-2006,13.699999809265137,13.850000381469727,224100,13.850000381469727,13.75,12.164074897766113
28-12-2006,13.619999885559082,13.739999771118164,104500,13.75,13.65999984741211,12.084456443786621
29-12-2006,13.460000038146973,13.819999694824219,175600,13.819999694824219,13.569999694824219,12.004834175109863
03-01-2007,13.390000343322754,13.619999885559082,141000,13.65999984741211,13.479999542236328,11.925210952758789
04-01-2007,13.270000457763672,13.449999809265137,153900,13.539999961853027,13.399999618530273,11.85444164276123
05-01-2007,12.890000343322754,13.399999618530273,268800,13.399999618530273,12.979999542236328,11.482884407043457
08-01-2007,12.850000381469727,12.960000038146973,132800,13.15999984741211,13.039999961853027,11.535966873168945
09-01-2007,12.710000038146973,13.109999656677246,258600,13.109999656677246,12.899999618530273,11.412109375
10-01-2007,12.739999771118164,12.779999732971191,389600,13.020000457763672,12.880000114440918,11.394420623779297
11-01-2007,12.880000114440918,12.880000114440918,320600,13.029999732971191,12.9399995803833,11.447495460510254
12-01-2007,12.880000114440918,12.880000114440918,107200,13.020000457763672,12.960000038146973,11.465191841125488
16-01-2007,12.699999809265137,13.0,228200,13.210000038146973,12.800000190734863,11.323650360107422
17-01-2007,12.75,12.75,129200,13.029999732971191,12.899999618530273,11.412109375
18-01-2007,12.710000038146973,12.859999656677246,142800,12.989999771118164,12.739999771118164,11.270567893981934
19-01-2007,12.699999809265137,12.699999809265137,58500,12.819999694824219,12.760000228881836,11.28825855255127
22-01-2007,12.699999809265137,12.739999771118164,198600,12.899999618530273,12.800000190734863,11.323650360107422
23-01-2007,12.739999771118164,12.760000228881836,89400,13.1899995803833,13.130000114440918,11.615583419799805
24-01-2007,12.960000038146973,13.1899995803833,130400,13.1899995803833,12.970000267028809,11.474040031433105
25-01-2007,12.680000305175781,13.09000015258789,96100,13.09000015258789,12.819999694824219,11.341338157653809
26-01-2007,12.699999809265137,12.819999694824219,106300,12.880000114440918,12.760000228881836,11.28825855255127
29-01-2007,12.699999809265137,12.710000038146973,77000,12.8100004196167,12.75,11.279413223266602
30-01-2007,12.779999732971191,12.800000190734863,109300,12.829999923706055,12.800000190734863,11.323650360107422
31-01-2007,12.619999885559082,12.75,166400,12.819999694824219,12.670000076293945,11.208640098571777
01-02-2007,12.630000114440918,12.729999542236328,118000,12.779999732971191,12.680000305175781,11.217491149902344
02-02-2007,12.460000038146973,12.699999809265137,226800,12.699999809265137,12.460000038146973,11.02286434173584
05-02-2007,12.25,12.449999809265137,830400,12.630000114440918,12.40999984741211,10.978629112243652
06-02-2007,12.470000267028809,12.479999542236328,212700,12.800000190734863,12.760000228881836,11.28825855255127
07-02-2007,12.930000305175781,12.930000305175781,528200,13.800000190734863,13.40999984741211,11.863289833068848
08-02-2007,13.149999618530273,13.149999618530273,241600,13.75,13.6899995803833,12.110989570617676
09-02-2007,13.010000228881836,13.75,252200,13.800000190734863,13.460000038146973,11.90752124786377
12-02-2007,13.4399995803833,13.550000190734863,205500,13.710000038146973,13.649999618530273,12.075607299804688
13-02-2007,13.619999885559082,13.710000038146973,444600,14.220000267028809,13.949999809265137,12.341005325317383
14-02-2007,13.930000305175781,14.039999961853027,774200,14.140000343322754,14.0600004196167,12.438316345214844
15-02-2007,13.920000076293945,14.039999961853027,378200,14.220000267028809,14.170000076293945,12.535630226135254
16-02-2007,14.0,14.15999984741211,660400,14.319999694824219,14.239999771118164,12.597556114196777
20-02-2007,14.149999618530273,14.170000076293945,232900,14.59000015258789,14.550000190734863,12.87179946899414
21-02-2007,14.170000076293945,14.479999542236328,79800,14.680000305175781,14.479999542236328,12.809874534606934
22-02-2007,14.449999809265137,14.510000228881836,121300,14.739999771118164,14.710000038146973,13.013347625732422
23-02-2007,14.5600004196167,14.680000305175781,127300,14.9399995803833,14.75,13.048734664916992
26-02-2007,14.25,14.859999656677246,98100,14.859999656677246,14.350000381469727,12.694869041442871
27-02-2007,13.989999771118164,14.279999732971191,223500,14.279999732971191,13.989999771118164,12.376392364501953
28-02-2007,13.529999732971191,14.0600004196167,279100,14.220000267028809,14.020000457763672,12.402934074401855
01-03-2007,13.600000381469727,13.739999771118164,312700,14.0600004196167,13.8100004196167,12.217155456542969
02-03-2007,13.729999542236328,13.729999542236328,611200,14.630000114440918,14.579999923706055,12.898340225219727
05-03-2007,14.239999771118164,14.4399995803833,492200,14.680000305175781,14.300000190734863,12.650638580322266
06-03-2007,14.369999885559082,14.369999885559082,403300,15.109999656677246,14.989999771118164,13.261052131652832
07-03-2007,14.260000228881836,14.989999771118164,196000,14.989999771118164,14.399999618530273,12.73910140991211
08-03-2007,14.210000038146973,14.550000190734863,121500,14.819999694824219,14.34000015258789,12.68602466583252
09-03-2007,14.199999809265137,14.449999809265137,128300,14.989999771118164,14.979999542236328,13.25220775604248
12-03-2007,14.850000381469727,14.979999542236328,193800,15.100000381469727,14.979999542236328,13.25220775604248
13-03-2007,14.010000228881836,14.850000381469727,165900,14.9399995803833,14.140000343322754,12.509089469909668
14-03-2007,13.989999771118164,14.079999923706055,131600,15.0600004196167,14.5,12.827569961547852
15-03-2007,14.520000457763672,14.520000457763672,177200,15.100000381469727,15.0,13.269899368286133
16-03-2007,14.510000228881836,14.989999771118164,402100,15.050000190734863,14.84000015258789,13.128353118896484
19-03-2007,14.789999961853027,14.869999885559082,962700,15.579999923706055,15.0,13.269899368286133
20-03-2007,14.930000305175781,15.039999961853027,497900,15.1899995803833,15.039999961853027,13.305282592773438
21-03-2007,15.050000190734863,15.09000015258789,201200,15.739999771118164,15.680000305175781,13.871465682983398
22-03-2007,15.5600004196167,15.699999809265137,855300,16.989999771118164,16.760000228881836,14.826897621154785
23-03-2007,16.6200008392334,16.670000076293945,612900,17.110000610351562,16.950000762939453,14.99498462677002
26-03-2007,16.670000076293945,16.860000610351562,173000,16.920000076293945,16.700000762939453,14.773824691772461
27-03-2007,16.43000030517578,16.670000076293945,105500,16.729999542236328,16.5,14.596887588500977
28-03-2007,16.200000762939453,16.420000076293945,124800,16.479999542236328,16.270000457763672,14.393416404724121
29-03-2007,16.309999465942383,16.329999923706055,345700,16.739999771118164,16.610000610351562,14.694201469421387
30-03-2007,16.549999237060547,16.65999984741211,508800,16.799999237060547,16.739999771118164,14.8092041015625
02-04-2007,16.639999389648438,16.780000686645508,163900,16.959999084472656,16.799999237060547,14.862281799316406
03-04-2007,16.68000030517578,16.8799991607666,247700,16.989999771118164,16.959999084472656,15.003828048706055
04-04-2007,16.649999618530273,16.989999771118164,52600,17.010000228881836,16.889999389648438,14.941899299621582
05-04-2007,16.600000381469727,16.920000076293945,79900,16.950000762939453,16.950000762939453,14.99498462677002
09-04-2007,16.270000457763672,16.969999313354492,122300,16.969999313354492,16.420000076293945,14.526113510131836
10-04-2007,16.190000534057617,16.420000076293945,268600,16.75,16.239999771118164,14.366872787475586
11-04-2007,16.0,16.280000686645508,101100,16.43000030517578,16.239999771118164,14.366872787475586
12-04-2007,15.979999542236328,16.170000076293945,109700,16.25,16.229999542236328,14.358028411865234
13-04-2007,16.1200008392334,16.209999084472656,120800,16.299999237060547,16.200000762939453,14.331489562988281
16-04-2007,16.18000030517578,16.190000534057617,342000,17.56999969482422,17.5,15.481547355651855
17-04-2007,16.559999465942383,17.540000915527344,127700,17.540000915527344,16.670000076293945,14.747279167175293
18-04-2007,16.530000686645508,16.530000686645508,323100,17.170000076293945,16.969999313354492,15.012681007385254
19-04-2007,16.209999084472656,16.950000762939453,123600,17.020000457763672,16.329999923706055,14.44649600982666
20-04-2007,16.270000457763672,16.489999771118164,801200,17.3799991607666,17.110000610351562,15.1365327835083
23-04-2007,16.770000457763672,17.040000915527344,80100,17.09000015258789,16.809999465942383,14.871127128601074
24-04-2007,16.729999542236328,16.809999465942383,466500,17.0,16.8700008392334,14.924211502075195
25-04-2007,16.899999618530273,16.989999771118164,64600,17.229999542236328,17.06999969482422,15.101142883300781
26-04-2007,16.81999969482422,17.079999923706055,82600,17.190000534057617,17.0,15.03921890258789
27-04-2007,16.6200008392334,16.989999771118164,101800,17.149999618530273,16.709999084472656,14.782665252685547
30-04-2007,16.3700008392334,16.700000762939453,126400,16.969999313354492,16.3799991607666,14.490729331970215
01-05-2007,16.3799991607666,16.489999771118164,61100,16.739999771118164,16.649999618530273,14.729584693908691
02-05-2007,15.989999771118164,16.670000076293945,116900,16.670000076293945,16.040000915527344,14.189943313598633
03-05-2007,15.75,16.190000534057617,322800,16.850000381469727,16.59000015258789,14.676506996154785
04-05-2007,16.579999923706055,16.690000534057617,217700,17.479999542236328,17.479999542236328,15.463851928710938
07-05-2007,16.610000610351562,17.469999313354492,153900,17.479999542236328,17.170000076293945,15.189608573913574
08-05-2007,16.809999465942383,17.1200008392334,208300,17.780000686645508,17.600000381469727,15.570012092590332
09-05-2007,17.399999618530273,17.530000686645508,94900,17.829999923706055,17.639999389648438,15.605395317077637
10-05-2007,16.229999542236328,17.489999771118164,226100,17.510000228881836,16.260000228881836,14.384570121765137
11-05-2007,16.399999618530273,16.510000228881836,104800,17.25,17.209999084472656,15.224998474121094
14-05-2007,16.170000076293945,17.25,128400,17.25,16.270000457763672,14.393416404724121
15-05-2007,15.84000015258789,16.190000534057617,114500,16.610000610351562,16.0,14.154558181762695
16-05-2007,15.880000114440918,16.020000457763672,103100,16.200000762939453,16.170000076293945,14.304949760437012
17-05-2007,15.609999656677246,16.15999984741211,122500,16.260000228881836,16.010000228881836,14.163403511047363
18-05-2007,15.720000267028809,16.049999237060547,104100,16.219999313354492,16.209999084472656,14.340331077575684
21-05-2007,15.960000038146973,16.15999984741211,92200,16.81999969482422,16.489999771118164,14.588041305541992
22-05-2007,15.979999542236328,16.549999237060547,147800,16.780000686645508,16.68000030517578,14.756123542785645
23-05-2007,16.149999618530273,16.770000457763672,74500,16.770000457763672,16.190000534057617,14.322640419006348
24-05-2007,16.0,16.229999542236328,134700,16.520000457763672,16.229999542236328,14.358028411865234
25-05-2007,16.219999313354492,16.260000228881836,114100,16.5,16.450000762939453,14.552657127380371
29-05-2007,16.170000076293945,16.479999542236328,122900,16.690000534057617,16.65999984741211,14.738432884216309
30-05-2007,16.440000534057617,16.520000457763672,208000,17.479999542236328,17.459999084472656,15.446162223815918
31-05-2007,17.170000076293945,17.399999618530273,640500,17.719999313354492,17.670000076293945,15.631937026977539
01-06-2007,17.420000076293945,17.739999771118164,135300,17.8799991607666,17.8700008392334,15.808873176574707
04-06-2007,17.299999237060547,17.899999618530273,187600,17.979999542236328,17.670000076293945,15.631937026977539
05-06-2007,17.469999313354492,17.6200008392334,169600,18.0,17.799999237060547,15.74694538116455
06-06-2007,17.209999084472656,17.75,108000,17.899999618530273,17.889999389648438,15.82656478881836
07-06-2007,17.399999618530273,17.649999618530273,167200,17.8700008392334,17.68000030517578,15.640788078308105
08-06-2007,17.459999084472656,17.6200008392334,145800,18.020000457763672,18.0,15.923877716064453
11-06-2007,16.139999389648438,16.920000076293945,374500,17.34000015258789,17.31999969482422,15.322314262390137
12-06-2007,16.59000015258789,17.200000762939453,222100,17.219999313354492,16.729999542236328,14.800361633300781
13-06-2007,16.540000915527344,16.700000762939453,226300,17.200000762939453,16.780000686645508,14.844595909118652
14-06-2007,16.81999969482422,16.81999969482422,108300,17.290000915527344,17.139999389648438,15.163067817687988
15-06-2007,17.1200008392334,17.420000076293945,327200,17.559999465942383,17.440000534057617,15.42846393585205
18-06-2007,16.969999313354492,17.420000076293945,136200,17.68000030517578,17.639999389648438,15.605395317077637
19-06-2007,17.1200008392334,17.479999542236328,315000,17.479999542236328,17.329999923706055,15.331155776977539
20-06-2007,16.989999771118164,17.34000015258789,99500,17.43000030517578,17.010000228881836,15.048065185546875
21-06-2007,16.649999618530273,16.93000030517578,105200,17.139999389648438,17.059999465942383,15.092291831970215
22-06-2007,16.670000076293945,17.030000686645508,562200,17.239999771118164,17.020000457763672,15.056913375854492
25-06-2007,16.75,17.0,330800,17.81999969482422,17.649999618530273,15.614251136779785
26-06-2007,17.270000457763672,17.780000686645508,258500,18.100000381469727,18.100000381469727,16.012344360351562
27-06-2007,17.649999618530273,17.989999771118164,194400,18.219999313354492,18.200000762939453,16.100807189941406
28-06-2007,17.920000076293945,18.239999771118164,224200,18.549999237060547,18.040000915527344,15.95926284790039
29-06-2007,17.989999771118164,18.139999389648438,376900,18.389999389648438,17.989999771118164,15.915029525756836
02-07-2007,18.0,18.209999084472656,124800,18.209999084472656,18.079999923706055,15.994647026062012
03-07-2007,18.100000381469727,18.200000762939453,153700,18.989999771118164,18.75,16.587377548217773
05-07-2007,18.3799991607666,18.8700008392334,110700,18.899999618530273,18.8799991607666,16.702383041381836
06-07-2007,18.6299991607666,18.950000762939453,94200,19.0,18.940000534057617,16.75545883178711
09-07-2007,18.860000610351562,19.0,162200,19.149999618530273,19.100000381469727,16.896997451782227
10-07-2007,18.770000457763672,19.209999084472656,339900,19.25,18.899999618530273,16.720067977905273
11-07-2007,18.639999389648438,18.93000030517578,164800,19.049999237060547,18.860000610351562,16.684688568115234
12-07-2007,18.860000610351562,19.0,161400,19.209999084472656,19.139999389648438,16.932390213012695
13-07-2007,19.1299991607666,19.139999389648438,97000,19.489999771118164,19.200000762939453,16.9854736328125
16-07-2007,18.770000457763672,19.0,216700,19.8700008392334,19.139999389648438,16.932390213012695
17-07-2007,19.079999923706055,19.219999313354492,129000,19.450000762939453,19.31999969482422,17.091629028320312
18-07-2007,18.639999389648438,19.239999771118164,114100,19.31999969482422,19.239999771118164,17.020858764648438
19-07-2007,19.100000381469727,19.399999618530273,46200,19.399999618530273,19.290000915527344,17.065092086791992
20-07-2007,18.760000228881836,19.25,188000,19.309999465942383,18.899999618530273,16.720067977905273
23-07-2007,18.8700008392334,19.010000228881836,91300,19.389999389648438,18.899999618530273,16.720067977905273
24-07-2007,18.40999984741211,18.799999237060547,165200,19.34000015258789,18.559999465942383,16.419286727905273
25-07-2007,18.459999084472656,18.729999542236328,312700,18.90999984741211,18.649999618530273,16.49890899658203
26-07-2007,18.059999465942383,18.329999923706055,181500,18.559999465942383,18.260000228881836,16.153886795043945
27-07-2007,17.829999923706055,18.1299991607666,196700,18.3799991607666,17.850000381469727,15.791177749633789
30-07-2007,17.139999389648438,17.75,355700,18.1200008392334,17.440000534057617,15.42846393585205
31-07-2007,16.489999771118164,17.450000762939453,356200,17.729999542236328,16.610000610351562,14.694201469421387
01-08-2007,16.43000030517578,16.5,292200,17.450000762939453,17.1200008392334,15.145374298095703
02-08-2007,17.1299991607666,17.149999618530273,329800,18.25,17.889999389648438,15.82656478881836
03-08-2007,16.940000534057617,17.920000076293945,125600,18.0,16.989999771118164,15.030366897583008
06-08-2007,16.510000228881836,17.040000915527344,222900,17.670000076293945,17.6200008392334,15.587705612182617
07-08-2007,17.15999984741211,17.479999542236328,267000,18.3799991607666,18.18000030517578,16.08312225341797
08-08-2007,17.510000228881836,18.3799991607666,332600,18.389999389648438,17.649999618530273,15.614251136779785
09-08-2007,16.75,17.139999389648438,223800,17.959999084472656,17.600000381469727,15.570012092590332
10-08-2007,16.5,17.200000762939453,261700,17.649999618530273,17.450000762939453,15.437312126159668
13-08-2007,16.229999542236328,17.649999618530273,198900,17.649999618530273,16.5,14.596887588500977
14-08-2007,15.449999809265137,16.600000381469727,216800,16.75,15.449999809265137,13.667990684509277
15-08-2007,15.010000228881836,15.579999923706055,279200,15.90999984741211,15.420000076293945,13.641457557678223
16-08-2007,15.380000114440918,15.380000114440918,235500,17.420000076293945,17.399999618530273,15.393080711364746
17-08-2007,17.059999465942383,17.989999771118164,259800,18.25,17.59000015258789,15.561166763305664
20-08-2007,16.8799991607666,17.649999618530273,104200,17.739999771118164,17.6200008392334,15.587705612182617
21-08-2007,16.770000457763672,17.440000534057617,153400,17.649999618530273,17.510000228881836,15.490391731262207
22-08-2007,16.8799991607666,17.639999389648438,207900,17.739999771118164,17.280000686645508,15.286920547485352
23-08-2007,16.770000457763672,17.43000030517578,88000,17.43000030517578,17.170000076293945,15.189608573913574
24-08-2007,17.040000915527344,17.25,212700,17.940000534057617,17.850000381469727,15.791177749633789
27-08-2007,17.149999618530273,17.81999969482422,90400,17.81999969482422,17.200000762939453,15.216148376464844
28-08-2007,16.6299991607666,17.020000457763672,114600,17.399999618530273,16.670000076293945,14.747279167175293
29-08-2007,16.219999313354492,16.829999923706055,178100,17.1299991607666,16.950000762939453,14.99498462677002
30-08-2007,16.690000534057617,16.719999313354492,180900,17.649999618530273,17.389999389648438,15.384236335754395
31-08-2007,17.399999618530273,17.68000030517578,105600,17.860000610351562,17.43000030517578,15.419617652893066
04-09-2007,16.989999771118164,17.31999969482422,136000,17.530000686645508,17.399999618530273,15.393080711364746
05-09-2007,16.959999084472656,17.25,216200,17.579999923706055,17.040000915527344,15.074604988098145
06-09-2007,16.979999542236328,17.100000381469727,179200,17.309999465942383,17.09000015258789,15.11883544921875
07-09-2007,15.470000267028809,16.780000686645508,355000,17.110000610351562,15.550000190734863,13.756458282470703
10-09-2007,15.5,15.520000457763672,241200,16.1299991607666,16.049999237060547,14.198785781860352
11-09-2007,15.960000038146973,16.190000534057617,85100,16.59000015258789,16.3799991607666,14.490729331970215
12-09-2007,15.319999694824219,16.290000915527344,492200,16.399999618530273,15.649999618530273,13.844927787780762
13-09-2007,14.529999732971191,15.8100004196167,346100,15.8100004196167,14.65999984741211,12.969115257263184
14-09-2007,13.489999771118164,14.59000015258789,725800,14.59000015258789,14.0,12.385239601135254
17-09-2007,14.010000228881836,14.010000228881836,446200,14.829999923706055,14.369999885559082,12.712562561035156
18-09-2007,14.210000038146973,14.420000076293945,209100,15.149999618530273,15.109999656677246,13.367208480834961
19-09-2007,15.109999656677246,15.109999656677246,226500,15.800000190734863,15.75,13.933393478393555
20-09-2007,15.40999984741211,15.699999809265137,196600,16.139999389648438,15.479999542236328,13.694535255432129
21-09-2007,15.119999885559082,15.630000114440918,296700,15.6899995803833,15.239999771118164,13.482217788696289
24-09-2007,14.619999885559082,15.270000457763672,237300,15.430000305175781,14.920000076293945,13.19912338256836
25-09-2007,14.75,14.850000381469727,184100,15.15999984741211,15.130000114440918,13.384903907775879
26-09-2007,15.210000038146973,15.260000228881836,148700,15.720000267028809,15.430000305175781,13.650303840637207
27-09-2007,15.529999732971191,15.529999732971191,199500,16.059999465942383,15.6899995803833,13.880314826965332
28-09-2007,14.989999771118164,15.649999618530273,292400,15.75,15.0,13.269899368286133
01-10-2007,14.850000381469727,14.930000305175781,420200,16.6200008392334,16.0,14.154558181762695
02-10-2007,15.680000305175781,15.989999771118164,169400,16.389999389648438,16.260000228881836,14.384570121765137
03-10-2007,15.880000114440918,16.1299991607666,143300,16.559999465942383,16.06999969482422,14.216480255126953
04-10-2007,16.06999969482422,16.170000076293945,104800,16.690000534057617,16.100000381469727,14.243023872375488
05-10-2007,16.270000457763672,16.299999237060547,187300,17.1200008392334,16.34000015258789,14.455341339111328
08-10-2007,15.619999885559082,16.270000457763672,191400,16.270000457763672,15.84000015258789,14.013015747070312
09-10-2007,14.869999885559082,15.850000381469727,332800,15.850000381469727,15.34000015258789,13.570682525634766
10-10-2007,15.069999694824219,15.3100004196167,157800,15.470000267028809,15.319999694824219,13.552988052368164
11-10-2007,14.619999885559082,15.449999809265137,257500,15.550000190734863,15.15999984741211,13.411443710327148
12-10-2007,14.930000305175781,15.149999618530273,234000,15.380000114440918,15.050000190734863,13.314132690429688
15-10-2007,14.670000076293945,15.020000457763672,172600,15.109999656677246,14.84000015258789,13.128353118896484
16-10-2007,14.630000114440918,14.770000457763672,141500,15.180000305175781,14.970000267028809,13.243356704711914
17-10-2007,15.119999885559082,15.170000076293945,188000,15.5600004196167,15.5600004196167,13.765307426452637
18-10-2007,15.300000190734863,15.489999771118164,297800,16.030000686645508,15.770000457763672,13.951085090637207
19-10-2007,15.09000015258789,15.75,187000,15.75,15.289999961853027,13.526446342468262
22-10-2007,14.920000076293945,15.069999694824219,123400,15.710000038146973,15.600000381469727,13.800695419311523
23-10-2007,15.010000228881836,15.75,402800,15.75,15.460000038146973,13.676841735839844
24-10-2007,14.760000228881836,15.319999694824219,229100,15.40999984741211,15.149999618530273,13.402596473693848
25-10-2007,14.989999771118164,15.260000228881836,136000,15.399999618530273,15.15999984741211,13.411443710327148
26-10-2007,15.149999618530273,15.390000343322754,209500,15.539999961853027,15.319999694824219,13.552988052368164
29-10-2007,15.069999694824219,15.300000190734863,60400,15.479999542236328,15.119999885559082,13.376058578491211
30-10-2007,15.0,15.010000228881836,159200,15.350000381469727,15.100000381469727,13.358366012573242
31-10-2007,14.300000190734863,14.75,189000,15.850000381469727,15.670000076293945,13.86262035369873
01-11-2007,14.949999809265137,15.359999656677246,236000,15.630000114440918,15.359999656677246,13.58837604522705
02-11-2007,15.460000038146973,15.579999923706055,185400,15.970000267028809,15.829999923706055,14.004164695739746
05-11-2007,15.15999984741211,15.5,132300,15.880000114440918,15.760000228881836,13.942242622375488
06-11-2007,15.109999656677246,15.800000190734863,103500,15.84000015258789,15.640000343322754,13.83608341217041
07-11-2007,14.960000038146973,15.430000305175781,161800,15.90999984741211,15.140000343322754,13.393749237060547
08-11-2007,15.079999923706055,15.3100004196167,104400,15.680000305175781,15.470000267028809,13.685688018798828
09-11-2007,15.050000190734863,15.260000228881836,257900,15.779999732971191,15.40999984741211,13.632606506347656
12-11-2007,15.1899995803833,15.420000076293945,148600,16.100000381469727,15.449999809265137,13.667990684509277
13-11-2007,15.319999694824219,15.609999656677246,80800,15.850000381469727,15.850000381469727,14.021860122680664
14-11-2007,15.510000228881836,15.859999656677246,97600,15.859999656677246,15.760000228881836,13.942242622375488
15-11-2007,15.130000114440918,15.649999618530273,92500,15.84000015258789,15.420000076293945,13.641457557678223
16-11-2007,15.15999984741211,15.470000267028809,144600,15.850000381469727,15.850000381469727,14.021860122680664
19-11-2007,14.970000267028809,15.649999618530273,86600,15.779999732971191,15.25,13.49106216430664
20-11-2007,14.949999809265137,15.220000267028809,139400,15.649999618530273,15.5600004196167,13.765307426452637
21-11-2007,14.979999542236328,15.4399995803833,87500,15.699999809265137,15.09000015258789,13.349515914916992
23-11-2007,14.859999656677246,15.220000267028809,67800,15.539999961853027,15.010000228881836,13.2787446975708
26-11-2007,14.050000190734863,15.0,242400,15.0,14.319999694824219,12.668326377868652
27-11-2007,14.100000381469727,14.369999885559082,102200,14.579999923706055,14.380000114440918,12.72140884399414
28-11-2007,14.550000190734863,14.569999694824219,156800,15.449999809265137,15.40999984741211,13.632606506347656
29-11-2007,14.890000343322754,15.3100004196167,101000,15.3100004196167,14.979999542236328,13.25220775604248
30-11-2007,14.279999732971191,15.25,207200,15.25,14.359999656677246,12.703715324401855
03-12-2007,14.010000228881836,14.34000015258789,78100,14.510000228881836,14.039999961853027,12.42062759399414
04-12-2007,13.5,14.0,203600,14.050000190734863,13.529999732971191,11.969446182250977
05-12-2007,13.609999656677246,13.739999771118164,177200,14.15999984741211,13.649999618530273,12.075607299804688
06-12-2007,13.619999885559082,13.619999885559082,249500,14.380000114440918,13.800000190734863,12.208304405212402
07-12-2007,13.59000015258789,13.869999885559082,171700,14.010000228881836,13.720000267028809,12.137535095214844
10-12-2007,13.640000343322754,13.729999542236328,204300,14.050000190734863,13.739999771118164,12.15522575378418
11-12-2007,12.970000267028809,13.84000015258789,297600,14.050000190734863,13.140000343322754,11.624430656433105
12-12-2007,13.010000228881836,13.569999694824219,397500,14.069999694824219,13.289999961853027,11.757131576538086
13-12-2007,12.420000076293945,13.029999732971191,459700,13.149999618530273,12.5,11.058244705200195
14-12-2007,11.819999694824219,12.390000343322754,414700,12.539999961853027,12.220000267028809,10.810542106628418
17-12-2007,11.699999809265137,12.119999885559082,449000,12.270000457763672,11.699999809265137,10.350518226623535
18-12-2007,11.8100004196167,11.84000015258789,286400,12.270000457763672,12.109999656677246,10.713231086730957
19-12-2007,12.0,12.100000381469727,250100,12.710000038146973,12.380000114440918,10.9520902633667
20-12-2007,12.260000228881836,12.5,145400,12.90999984741211,12.90999984741211,11.42095947265625
21-12-2007,12.979999542236328,13.079999923706055,353700,13.539999961853027,13.25,11.721744537353516
24-12-2007,12.930000305175781,13.34000015258789,87200,13.619999885559082,13.359999656677246,11.819055557250977
26-12-2007,13.0,13.239999771118164,118400,13.550000190734863,13.350000381469727,11.810206413269043
27-12-2007,12.779999732971191,13.34000015258789,142900,13.539999961853027,12.779999732971191,11.305954933166504
28-12-2007,12.789999961853027,12.920000076293945,81200,13.210000038146973,12.819999694824219,11.341338157653809
31-12-2007,12.470000267028809,12.729999542236328,124600,12.970000267028809,12.829999923706055,11.350187301635742
02-01-2008,12.1899995803833,12.770000457763672,366600,12.970000267028809,12.279999732971191,10.86362361907959
03-01-2008,12.0,12.270000457763672,443100,12.470000267028809,12.0,10.615915298461914
04-01-2008,11.770000457763672,11.859999656677246,341400,12.329999923706055,11.770000457763672,10.412445068359375
07-01-2008,11.84000015258789,11.850000381469727,200200,12.260000228881836,12.079999923706055,10.686689376831055
08-01-2008,10.5600004196167,12.109999656677246,278500,12.109999656677246,10.630000114440918,9.403937339782715
09-01-2008,9.260000228881836,10.5600004196167,667000,10.65999984741211,10.430000305175781,9.227002143859863
10-01-2008,9.8100004196167,10.220000267028809,355200,10.739999771118164,10.619999885559082,9.395086288452148
11-01-2008,10.210000038146973,10.520000457763672,191600,10.619999885559082,10.449999809265137,9.244695663452148
14-01-2008,10.430000305175781,10.550000190734863,179500,10.630000114440918,10.529999732971191,9.315464973449707
15-01-2008,10.300000190734863,10.359999656677246,188400,10.949999809265137,10.930000305175781,9.669330596923828
16-01-2008,10.420000076293945,10.90999984741211,195400,10.989999771118164,10.529999732971191,9.315464973449707
17-01-2008,10.029999732971191,10.550000190734863,140100,10.770000457763672,10.109999656677246,8.943910598754883
18-01-2008,10.050000190734863,10.050000190734863,252300,10.789999961853027,10.34000015258789,9.147380828857422
22-01-2008,9.800000190734863,9.949999809265137,165400,10.5600004196167,10.1899995803833,9.01468276977539
23-01-2008,9.600000381469727,10.020000457763672,479700,10.430000305175781,9.789999961853027,8.660820960998535
24-01-2008,9.630000114440918,9.829999923706055,171000,10.109999656677246,9.720000267028809,8.598892211914062
25-01-2008,9.569999694824219,9.880000114440918,131900,10.0,9.65999984741211,8.545814514160156
28-01-2008,9.430000305175781,9.65999984741211,127200,9.770000457763672,9.649999618530273,8.536965370178223
29-01-2008,9.470000267028809,9.729999542236328,160600,9.75,9.520000457763672,8.421961784362793
30-01-2008,9.329999923706055,9.449999809265137,137800,9.710000038146973,9.329999923706055,8.253875732421875
31-01-2008,9.25,9.300000190734863,153400,9.59000015258789,9.449999809265137,8.360033988952637
01-02-2008,9.260000228881836,9.510000228881836,113900,9.600000381469727,9.529999732971191,8.430809020996094
04-02-2008,9.270000457763672,9.479999542236328,308300,9.65999984741211,9.479999542236328,8.386574745178223
05-02-2008,9.0,9.260000228881836,167300,9.5,9.010000228881836,7.970783710479736
06-02-2008,9.239999771118164,9.239999771118164,831600,10.239999771118164,9.479999542236328,8.386574745178223
07-02-2008,9.369999885559082,9.390000343322754,261700,9.880000114440918,9.5600004196167,8.45734691619873
08-02-2008,9.550000190734863,9.550000190734863,195200,10.079999923706055,9.550000190734863,8.448498725891113
11-02-2008,9.25,9.569999694824219,253000,10.029999732971191,9.600000381469727,8.49273681640625
12-02-2008,9.569999694824219,9.670000076293945,215400,10.010000228881836,9.75,8.625432968139648
13-02-2008,9.84000015258789,9.869999885559082,132700,10.59000015258789,10.59000015258789,9.368546485900879
14-02-2008,9.970000267028809,10.600000381469727,160100,10.760000228881836,10.0600004196167,8.899678230285645
15-02-2008,9.569999694824219,9.569999694824219,75600,10.210000038146973,9.850000381469727,8.71390151977539
19-02-2008,9.720000267028809,10.0,70100,10.289999961853027,9.829999923706055,8.696207046508789
20-02-2008,9.40999984741211,9.760000228881836,109400,9.84000015258789,9.619999885559082,8.510429382324219
21-02-2008,9.399999618530273,9.710000038146973,87800,10.100000381469727,9.420000076293945,8.333498001098633
22-02-2008,9.199999809265137,9.449999809265137,89800,9.6899995803833,9.369999885559082,8.289265632629395
25-02-2008,9.15999984741211,9.350000381469727,50600,9.6899995803833,9.569999694824219,8.466195106506348
26-02-2008,9.6899995803833,9.710000038146973,239600,10.149999618530273,10.069999694824219,8.908525466918945
27-02-2008,9.75,9.949999809265137,113000,10.260000228881836,10.0,8.846597671508789
28-02-2008,9.800000190734863,9.880000114440918,212800,10.510000228881836,9.899999618530273,8.758130073547363
29-02-2008,9.34000015258789,9.770000457763672,155900,9.850000381469727,9.369999885559082,8.289265632629395
03-03-2008,9.380000114440918,9.449999809265137,199600,10.050000190734863,9.5,8.404269218444824
04-03-2008,9.199999809265137,9.380000114440918,104900,9.75,9.609999656677246,8.501580238342285
05-03-2008,9.369999885559082,9.680000305175781,124400,10.170000076293945,9.569999694824219,8.466195106506348
06-03-2008,8.829999923706055,9.5,95900,10.0,8.829999923706055,7.811542987823486
07-03-2008,9.300000190734863,9.350000381469727,241600,10.319999694824219,9.430000305175781,8.342344284057617
10-03-2008,9.369999885559082,9.449999809265137,197300,10.039999961853027,9.5600004196167,8.45734691619873
11-03-2008,9.489999771118164,9.829999923706055,181000,10.390000343322754,10.380000114440918,9.182768821716309
12-03-2008,9.770000457763672,10.390000343322754,143500,10.600000381469727,9.8100004196167,8.678510665893555
13-03-2008,9.430000305175781,9.739999771118164,112100,10.199999809265137,10.180000305175781,9.00583553314209
14-03-2008,9.529999732971191,10.289999961853027,199700,10.289999961853027,9.619999885559082,8.510429382324219
17-03-2008,9.279999732971191,9.369999885559082,190000,10.0,9.710000038146973,8.590048789978027
18-03-2008,9.619999885559082,9.920000076293945,148800,10.229999542236328,10.149999618530273,8.979296684265137
19-03-2008,9.899999618530273,10.260000228881836,106200,10.720000267028809,10.100000381469727,8.935066223144531
20-03-2008,10.029999732971191,10.869999885559082,462800,11.0600004196167,11.0,9.731255531311035
24-03-2008,11.0,11.029999732971191,98500,11.739999771118164,11.579999923706055,10.24436092376709
25-03-2008,11.100000381469727,11.600000381469727,60500,11.600000381469727,11.430000305175781,10.111662864685059
26-03-2008,10.920000076293945,11.350000381469727,67800,11.5,11.420000076293945,10.102814674377441
27-03-2008,10.770000457763672,11.470000267028809,55700,11.5,10.8100004196167,9.5631742477417
28-03-2008,10.229999542236328,10.720000267028809,79000,10.989999771118164,10.289999961853027,9.10315227508545
31-03-2008,9.9399995803833,10.3100004196167,77500,10.479999542236328,9.9399995803833,8.793521881103516
01-04-2008,8.470000267028809,10.130000114440918,269300,10.739999771118164,10.149999618530273,8.979296684265137
02-04-2008,9.75,10.130000114440918,80200,10.3100004196167,10.210000038146973,9.03237533569336
03-04-2008,9.960000038146973,10.15999984741211,93700,10.260000228881836,10.010000228881836,8.85544490814209
04-04-2008,9.529999732971191,10.0600004196167,80300,10.5,10.350000381469727,9.156229972839355
07-04-2008,10.210000038146973,10.430000305175781,41500,10.430000305175781,10.260000228881836,9.076611518859863
08-04-2008,10.029999732971191,10.140000343322754,48300,10.399999618530273,10.029999732971191,8.873139381408691
09-04-2008,9.279999732971191,10.0600004196167,58000,10.170000076293945,9.3100004196167,8.23618221282959
10-04-2008,8.850000381469727,9.289999961853027,93600,9.539999961853027,8.949999809265137,7.9177069664001465
11-04-2008,8.380000114440918,8.859999656677246,180100,8.970000267028809,8.40999984741211,7.439988136291504
14-04-2008,8.34000015258789,8.390000343322754,127600,8.65999984741211,8.520000457763672,7.537302494049072
15-04-2008,8.399999618530273,8.5600004196167,96800,8.640000343322754,8.619999885559082,7.625766754150391
16-04-2008,8.720000267028809,8.770000457763672,168100,9.119999885559082,9.079999923706055,8.032712936401367
17-04-2008,8.729999542236328,9.0600004196167,49900,9.100000381469727,8.9399995803833,7.908858776092529
18-04-2008,8.84000015258789,9.140000343322754,83500,9.270000457763672,9.270000457763672,8.200798988342285
21-04-2008,8.880000114440918,9.180000305175781,40300,9.180000305175781,8.90999984741211,7.882320404052734
22-04-2008,7.860000133514404,8.850000381469727,90200,8.850000381469727,7.980000019073486,7.059585094451904
23-04-2008,7.920000076293945,8.020000457763672,66200,8.510000228881836,8.140000343322754,7.2011308670043945
24-04-2008,8.020000457763672,8.15999984741211,84800,8.270000457763672,8.069999694824219,7.139204025268555
25-04-2008,8.119999885559082,8.119999885559082,63700,8.720000267028809,8.720000267028809,7.714231967926025
28-04-2008,8.40999984741211,8.710000038146973,125100,8.850000381469727,8.710000038146973,7.705386161804199
29-04-2008,8.569999694824219,8.680000305175781,124700,8.880000114440918,8.569999694824219,7.581533908843994
30-04-2008,8.600000381469727,8.609999656677246,76300,9.09000015258789,8.789999961853027,7.776157855987549
01-05-2008,8.829999923706055,8.829999923706055,88500,9.539999961853027,9.210000038146973,8.147716522216797
02-05-2008,8.989999771118164,9.34000015258789,99800,9.529999732971191,9.119999885559082,8.068098068237305
05-05-2008,8.899999618530273,9.220000267028809,73200,9.220000267028809,8.9399995803833,7.908858776092529
06-05-2008,8.699999809265137,8.8100004196167,75800,9.1899995803833,9.0,7.961938858032227
07-05-2008,8.069999694824219,8.9399995803833,88200,9.539999961853027,8.09000015258789,7.156899452209473
08-05-2008,8.0600004196167,8.100000381469727,85800,8.6899995803833,8.220000267028809,7.271903038024902
09-05-2008,7.730000019073486,8.100000381469727,115300,8.100000381469727,7.920000076293945,7.006507873535156
12-05-2008,7.699999809265137,7.960000038146973,180100,8.119999885559082,8.09000015258789,7.156899452209473
13-05-2008,7.849999904632568,8.09000015258789,73100,8.15999984741211,8.020000457763672,7.094971656799316
14-05-2008,7.789999961853027,8.029999732971191,52200,8.109999656677246,8.100000381469727,7.165744781494141
15-05-2008,7.860000133514404,8.079999923706055,112800,8.079999923706055,7.940000057220459,7.024198055267334
16-05-2008,7.670000076293945,8.0,189500,8.0,7.869999885559082,6.962274551391602
19-05-2008,7.53000020980835,7.849999904632568,158100,7.889999866485596,7.610000133514404,6.7322611808776855
20-05-2008,7.559999942779541,7.559999942779541,143800,8.0600004196167,7.909999847412109,6.997660160064697
21-05-2008,7.420000076293945,7.940000057220459,101400,8.140000343322754,7.46999979019165,6.608407497406006
22-05-2008,7.420000076293945,7.480000019073486,67400,7.650000095367432,7.519999980926514,6.652641296386719
23-05-2008,7.46999979019165,7.46999979019165,102200,7.760000228881836,7.590000152587891,6.714569568634033
27-05-2008,7.599999904632568,7.599999904632568,52200,7.909999847412109,7.739999771118164,6.8472676277160645
28-05-2008,7.489999771118164,7.789999961853027,38100,7.789999961853027,7.519999980926514,6.652641296386719
29-05-2008,7.460000038146973,7.480000019073486,140800,7.789999961853027,7.739999771118164,6.8472676277160645
30-05-2008,7.619999885559082,7.739999771118164,183400,7.849999904632568,7.820000171661377,6.918041706085205
02-06-2008,7.400000095367432,7.78000020980835,80000,7.78000020980835,7.489999771118164,6.62610387802124
03-06-2008,7.550000190734863,7.630000114440918,126100,7.929999828338623,7.639999866485596,6.758801460266113
04-06-2008,7.400000095367432,7.590000152587891,146600,7.829999923706055,7.789999961853027,6.8914995193481445
05-06-2008,7.679999828338623,7.800000190734863,823600,8.0600004196167,8.0600004196167,7.1303582191467285
06-06-2008,7.809999942779541,7.989999771118164,129500,8.220000267028809,8.029999732971191,7.103818416595459
09-06-2008,7.730000019073486,8.039999961853027,102100,8.1899995803833,8.020000457763672,7.094971656799316
10-06-2008,7.570000171661377,7.940000057220459,163700,8.220000267028809,8.15999984741211,7.218824863433838
11-06-2008,7.989999771118164,8.119999885559082,200400,8.119999885559082,8.100000381469727,7.165744781494141
12-06-2008,7.610000133514404,8.180000305175781,174200,8.180000305175781,8.0600004196167,7.1303582191467285
13-06-2008,7.630000114440918,8.170000076293945,97800,8.229999542236328,8.229999542236328,7.280749797821045
16-06-2008,8.039999961853027,8.210000038146973,74000,8.300000190734863,8.210000038146973,7.263056755065918
17-06-2008,7.980000019073486,8.199999809265137,122900,8.199999809265137,8.0,7.077279090881348
18-06-2008,7.639999866485596,7.980000019073486,126300,8.0600004196167,8.050000190734863,7.121511936187744
19-06-2008,7.900000095367432,8.050000190734863,149500,8.130000114440918,8.130000114440918,7.192285060882568
20-06-2008,8.0,8.109999656677246,265600,8.109999656677246,8.100000381469727,7.165744781494141
23-06-2008,7.96999979019165,8.180000305175781,84000,8.180000305175781,8.100000381469727,7.165744781494141
24-06-2008,7.71999979019165,8.010000228881836,183300,8.079999923706055,8.010000228881836,7.086126804351807
25-06-2008,7.78000020980835,8.010000228881836,264900,8.010000228881836,7.800000190734863,6.900347709655762
26-06-2008,7.599999904632568,7.730000019073486,285000,7.900000095367432,7.730000019073486,6.838420867919922
27-06-2008,7.519999980926514,7.730000019073486,902500,7.820000171661377,7.820000171661377,6.918041706085205
30-06-2008,7.519999980926514,7.840000152587891,527300,7.920000076293945,7.559999942779541,6.6880292892456055
01-07-2008,7.179999828338623,7.46999979019165,472300,7.809999942779541,7.340000152587891,6.49340295791626
02-07-2008,6.78000020980835,7.309999942779541,295300,7.78000020980835,6.78000020980835,5.9979939460754395
03-07-2008,6.650000095367432,6.789999961853027,186200,6.880000114440918,6.760000228881836,5.980300426483154
07-07-2008,6.559999942779541,6.809999942779541,215100,6.949999809265137,6.699999809265137,5.927220821380615
08-07-2008,6.699999809265137,6.71999979019165,249200,7.130000114440918,6.909999847412109,6.112998962402344
09-07-2008,6.630000114440918,6.869999885559082,193500,6.989999771118164,6.639999866485596,5.874143123626709
10-07-2008,6.449999809265137,6.610000133514404,360900,6.690000057220459,6.53000020980835,5.776829719543457
11-07-2008,6.25,6.449999809265137,209600,6.579999923706055,6.46999979019165,5.723747730255127
14-07-2008,6.230000019073486,6.539999961853027,140100,6.539999961853027,6.400000095367432,5.661825180053711
15-07-2008,6.150000095367432,6.300000190734863,433000,7.260000228881836,6.840000152587891,6.05107307434082
16-07-2008,6.909999847412109,7.0,345500,7.429999828338623,7.380000114440918,6.528789520263672
17-07-2008,6.989999771118164,6.989999771118164,154800,7.820000171661377,7.789999961853027,6.8914995193481445
18-07-2008,7.539999961853027,7.829999923706055,99600,8.010000228881836,7.829999923706055,6.926886558532715
21-07-2008,7.690000057220459,7.920000076293945,118300,8.039999961853027,7.769999980926514,6.873807430267334
22-07-2008,7.579999923706055,7.75,189900,8.869999885559082,8.84000015258789,7.820394039154053
23-07-2008,8.4399995803833,8.8100004196167,104300,9.300000190734863,9.25,8.18310260772705
24-07-2008,9.0,9.289999961853027,117000,9.460000038146973,9.039999961853027,7.997323513031006
25-07-2008,8.670000076293945,9.170000076293945,102600,9.380000114440918,9.220000267028809,8.156560897827148
28-07-2008,8.510000228881836,9.199999809265137,122900,9.430000305175781,8.550000190734863,7.563842296600342
29-07-2008,8.430000305175781,8.430000305175781,91100,9.739999771118164,9.579999923706055,8.4750394821167
30-07-2008,9.630000114440918,9.75,293900,10.180000305175781,9.90999984741211,8.766979217529297
31-07-2008,9.609999656677246,9.720000267028809,109700,10.0,9.680000305175781,8.563508987426758
01-08-2008,9.460000038146973,9.720000267028809,102900,9.800000190734863,9.720000267028809,8.598892211914062
04-08-2008,9.3100004196167,9.729999542236328,146600,9.789999961853027,9.3100004196167,8.23618221282959
05-08-2008,9.40999984741211,9.40999984741211,205800,9.819999694824219,9.800000190734863,8.669668197631836
06-08-2008,9.699999809265137,9.970000267028809,146200,9.970000267028809,9.800000190734863,8.669668197631836
07-08-2008,9.319999694824219,9.649999618530273,83100,9.789999961853027,9.510000228881836,8.41311264038086
08-08-2008,9.130000114440918,9.479999542236328,125400,9.8100004196167,9.789999961853027,8.660820960998535
11-08-2008,9.550000190734863,9.779999732971191,315100,9.789999961853027,9.75,8.625432968139648
12-08-2008,9.460000038146973,9.65999984741211,86100,9.75,9.640000343322754,8.528120994567871
13-08-2008,9.489999771118164,9.579999923706055,137300,9.760000228881836,9.670000076293945,8.554659843444824
14-08-2008,9.59000015258789,9.59000015258789,92900,10.010000228881836,9.770000457763672,8.643123626708984
15-08-2008,9.5,9.890000343322754,151300,10.079999923706055,9.6899995803833,8.572351455688477
18-08-2008,9.319999694824219,9.6899995803833,62400,9.729999542236328,9.40999984741211,8.324646949768066
19-08-2008,9.220000267028809,9.3100004196167,80100,9.449999809265137,9.359999656677246,8.280417442321777
20-08-2008,9.380000114440918,9.380000114440918,49300,9.75,9.489999771118164,8.39542293548584
21-08-2008,9.350000381469727,9.350000381469727,99800,9.899999618530273,9.510000228881836,8.41311264038086
22-08-2008,9.369999885559082,9.640000343322754,92000,9.75,9.75,8.625432968139648
25-08-2008,9.670000076293945,9.6899995803833,70400,9.770000457763672,9.720000267028809,8.598892211914062
26-08-2008,9.65999984741211,9.699999809265137,219600,9.979999542236328,9.899999618530273,8.758130073547363
27-08-2008,9.869999885559082,9.869999885559082,201100,10.069999694824219,10.0,8.846597671508789
28-08-2008,10.0,10.140000343322754,131500,10.420000076293945,10.369999885559082,9.173921585083008
29-08-2008,9.520000457763672,10.25,99100,10.3100004196167,10.050000190734863,8.890830039978027
02-09-2008,9.640000343322754,10.270000457763672,132200,10.399999618530273,10.069999694824219,8.908525466918945
03-09-2008,9.380000114440918,10.0,115300,10.8100004196167,10.779999732971191,9.53663158416748
04-09-2008,9.9399995803833,10.609999656677246,81400,10.65999984741211,10.010000228881836,8.85544490814209
05-09-2008,9.529999732971191,9.899999618530273,87200,9.979999542236328,9.880000114440918,8.740437507629395
08-09-2008,9.6899995803833,10.399999618530273,114100,10.630000114440918,10.149999618530273,8.979296684265137
09-09-2008,9.600000381469727,10.050000190734863,148400,10.390000343322754,9.600000381469727,8.49273681640625
10-09-2008,9.229999542236328,9.819999694824219,128600,9.90999984741211,9.380000114440918,8.298110008239746
11-09-2008,9.010000228881836,9.260000228881836,124600,9.489999771118164,9.289999961853027,8.218490600585938
12-09-2008,9.0600004196167,9.119999885559082,81400,9.550000190734863,9.529999732971191,8.430809020996094
15-09-2008,7.989999771118164,9.170000076293945,108600,9.430000305175781,7.989999771118164,7.068430423736572
16-09-2008,6.639999866485596,7.800000190734863,224500,8.229999542236328,7.360000133514404,6.5110955238342285
17-09-2008,6.119999885559082,7.110000133514404,209500,7.170000076293945,6.190000057220459,5.47604513168335
18-09-2008,4.630000114440918,6.369999885559082,602700,7.75,6.710000038146973,5.936065196990967
19-09-2008,6.929999828338623,8.390000343322754,473500,8.8100004196167,8.8100004196167,7.793852806091309
22-09-2008,8.100000381469727,8.899999618530273,102900,9.399999618530273,8.579999923706055,7.590379238128662
23-09-2008,7.920000076293945,8.720000267028809,36900,9.010000228881836,8.729999542236328,7.723081111907959
24-09-2008,7.690000057220459,8.119999885559082,71700,8.34000015258789,7.809999942779541,6.9091925621032715
25-09-2008,7.21999979019165,8.1899995803833,81700,8.880000114440918,7.599999904632568,6.723413467407227
26-09-2008,7.050000190734863,7.269999980926514,43100,8.350000381469727,7.909999847412109,6.997660160064697
29-09-2008,6.75,7.760000228881836,148600,8.430000305175781,6.96999979019165,6.166078567504883
30-09-2008,6.659999847412109,7.070000171661377,138300,8.069999694824219,8.069999694824219,7.139204025268555
01-10-2008,6.869999885559082,7.880000114440918,31300,7.880000114440918,7.21999979019165,6.38724422454834
02-10-2008,7.110000133514404,7.25,23800,7.349999904632568,7.119999885559082,6.298778057098389
03-10-2008,6.139999866485596,7.28000020980835,66500,7.28000020980835,7.119999885559082,6.298778057098389
06-10-2008,6.510000228881836,6.800000190734863,77500,8.75,7.21999979019165,6.38724422454834
07-10-2008,5.460000038146973,7.230000019073486,53200,7.380000114440918,5.809999942779541,5.139874458312988
08-10-2008,5.079999923706055,5.559999942779541,72700,7.059999942779541,5.809999942779541,5.139874458312988
09-10-2008,5.050000190734863,6.0,173300,6.0,5.190000057220459,4.591384410858154
10-10-2008,4.53000020980835,4.96999979019165,177500,6.909999847412109,6.900000095367432,6.104152202606201
13-10-2008,6.829999923706055,7.489999771118164,96800,7.489999771118164,7.25,6.413784980773926
14-10-2008,5.570000171661377,7.639999866485596,71500,7.639999866485596,6.0,5.307957649230957
15-10-2008,4.78000020980835,5.789999961853027,114900,5.789999961853027,4.789999961853027,4.23751974105835
16-10-2008,3.9600000381469727,5.260000228881836,318100,5.880000114440918,5.46999979019165,4.83908748626709
17-10-2008,4.25,4.900000095367432,281900,5.210000038146973,4.309999942779541,3.8128833770751953
20-10-2008,4.110000133514404,4.309999942779541,348800,4.860000133514404,4.360000133514404,3.8571159839630127
21-10-2008,4.190000057220459,4.260000228881836,265800,4.909999847412109,4.670000076293945,4.131361961364746
22-10-2008,4.519999980926514,4.519999980926514,235200,5.099999904632568,5.019999980926514,4.440992832183838
23-10-2008,4.650000095367432,5.039999961853027,236100,5.199999809265137,5.150000095367432,4.555999755859375
24-10-2008,4.409999847412109,4.679999828338623,182500,5.21999979019165,5.039999961853027,4.458684921264648
27-10-2008,4.659999847412109,4.679999828338623,90400,5.199999809265137,4.760000228881836,4.2109808921813965
28-10-2008,4.539999961853027,4.989999771118164,172900,5.53000020980835,5.449999809265137,4.821394443511963
29-10-2008,4.769999980926514,5.5,271500,5.900000095367432,5.510000228881836,4.874475955963135
30-10-2008,5.25,5.699999809265137,147300,5.699999809265137,5.630000114440918,4.980637073516846
31-10-2008,5.059999942779541,5.550000190734863,255700,6.110000133514404,5.71999979019165,5.060251235961914
03-11-2008,5.380000114440918,5.650000095367432,168800,6.099999904632568,5.460000038146973,4.83024263381958
04-11-2008,4.789999961853027,5.690000057220459,362200,5.690000057220459,5.309999942779541,4.697543144226074
05-11-2008,4.699999809265137,5.139999866485596,132000,5.199999809265137,4.880000114440918,4.317139625549316
06-11-2008,4.800000190734863,4.800000190734863,74700,5.389999866485596,4.960000038146973,4.387912750244141
07-11-2008,4.840000152587891,5.010000228881836,76800,5.550000190734863,5.539999961853027,4.901015758514404
10-11-2008,5.570000171661377,5.610000133514404,128100,6.050000190734863,5.940000057220459,5.254879474639893
11-11-2008,5.690000057220459,5.829999923706055,151100,6.210000038146973,5.710000038146973,5.051407337188721
12-11-2008,5.170000076293945,5.559999942779541,111000,5.940000057220459,5.269999980926514,4.6621575355529785
13-11-2008,5.010000228881836,5.329999923706055,121500,6.389999866485596,6.329999923706055,5.599895000457764
14-11-2008,5.28000020980835,6.170000076293945,122300,6.880000114440918,5.380000114440918,4.7594685554504395
17-11-2008,5.019999980926514,5.300000190734863,65100,6.03000020980835,5.460000038146973,4.83024263381958
18-11-2008,5.380000114440918,5.480000019073486,76300,6.179999828338623,5.849999904632568,5.175259113311768
19-11-2008,4.760000228881836,5.760000228881836,81400,5.789999961853027,4.769999980926514,4.219826698303223
20-11-2008,4.389999866485596,4.710000038146973,84600,5.300000190734863,4.5,3.9809694290161133
21-11-2008,4.320000171661377,4.690000057220459,126400,5.5,5.440000057220459,4.812550067901611
24-11-2008,4.75,5.480000019073486,134300,5.849999904632568,5.75,5.086794376373291
25-11-2008,5.5,5.840000152587891,80700,6.0,6.0,5.307957649230957
26-11-2008,5.320000171661377,5.769999980926514,134500,6.21999979019165,6.190000057220459,5.47604513168335
28-11-2008,6.090000152587891,6.090000152587891,32400,6.400000095367432,6.400000095367432,5.661825180053711
01-12-2008,5.059999942779541,6.119999885559082,112500,6.309999942779541,5.090000152587891,4.502917766571045
02-12-2008,5.21999979019165,5.269999980926514,80200,5.809999942779541,5.800000190734863,5.131026268005371
03-12-2008,5.289999961853027,5.539999961853027,118100,6.110000133514404,5.989999771118164,5.299113750457764
04-12-2008,5.320000171661377,5.840000152587891,105600,6.179999828338623,5.599999904632568,4.954094886779785
05-12-2008,5.019999980926514,5.480000019073486,91600,6.449999809265137,6.409999847412109,5.670669078826904
08-12-2008,5.889999866485596,6.449999809265137,156000,7.050000190734863,7.039999961853027,6.2280049324035645
09-12-2008,6.730000019073486,6.900000095367432,105300,7.210000038146973,7.010000228881836,6.201467037200928
10-12-2008,6.75,7.110000133514404,75500,7.25,7.25,6.413784980773926
11-12-2008,6.190000057220459,7.090000152587891,112700,7.320000171661377,6.900000095367432,6.104152202606201
12-12-2008,6.300000190734863,6.659999847412109,84500,7.190000057220459,7.039999961853027,6.2280049324035645
15-12-2008,6.300000190734863,7.090000152587891,104400,7.099999904632568,6.550000190734863,5.794521808624268
16-12-2008,6.690000057220459,6.760000228881836,139400,7.03000020980835,7.010000228881836,6.201467037200928
17-12-2008,6.880000114440918,6.880000114440918,121300,7.739999771118164,7.630000114440918,6.7499542236328125
18-12-2008,7.360000133514404,7.579999923706055,60700,7.699999809265137,7.550000190734863,6.679183006286621
19-12-2008,7.360000133514404,7.809999942779541,196100,7.949999809265137,7.420000076293945,6.564176559448242
22-12-2008,7.03000020980835,7.480000019073486,97500,7.670000076293945,7.5,6.634949684143066
23-12-2008,7.630000114440918,7.639999866485596,85700,7.989999771118164,7.869999885559082,6.962274551391602
24-12-2008,7.610000133514404,7.880000114440918,25700,8.0,7.949999809265137,7.033046722412109
26-12-2008,7.889999866485596,7.989999771118164,14300,8.0,8.0,7.077279090881348
29-12-2008,7.409999847412109,7.949999809265137,31700,7.960000038146973,7.570000171661377,6.696874618530273
30-12-2008,7.389999866485596,7.71999979019165,62600,8.0,8.0,7.077279090881348
31-12-2008,7.860000133514404,7.989999771118164,155800,8.270000457763672,8.15999984741211,7.218824863433838
02-01-2009,8.020000457763672,8.220000267028809,42500,9.0600004196167,8.680000305175781,7.678846836090088
05-01-2009,7.989999771118164,8.710000038146973,36900,8.920000076293945,8.5,7.519609451293945
06-01-2009,8.460000038146973,8.649999618530273,63200,8.890000343322754,8.699999809265137,7.696540355682373
07-01-2009,8.0,8.479999542236328,49700,8.859999656677246,8.15999984741211,7.218824863433838
08-01-2009,7.880000114440918,8.0,41900,8.199999809265137,8.020000457763672,7.094971656799316
09-01-2009,7.059999942779541,8.0,121600,8.0,7.099999904632568,6.2810845375061035
12-01-2009,7.090000152587891,7.090000152587891,50400,7.440000057220459,7.289999961853027,6.449170112609863
13-01-2009,7.099999904632568,7.21999979019165,31800,8.170000076293945,8.100000381469727,7.165744781494141
14-01-2009,7.289999961853027,7.829999923706055,48200,8.359999656677246,7.349999904632568,6.502249717712402
15-01-2009,7.139999866485596,7.28000020980835,83400,8.050000190734863,7.940000057220459,7.024198055267334
16-01-2009,7.400000095367432,7.949999809265137,92100,7.949999809265137,7.710000038146973,6.820728778839111
20-01-2009,7.400000095367432,7.559999942779541,105700,7.559999942779541,7.400000095367432,6.546483993530273
21-01-2009,7.409999847412109,7.550000190734863,52800,9.020000457763672,8.729999542236328,7.723081111907959
22-01-2009,7.75,8.420000076293945,24000,8.550000190734863,8.100000381469727,7.165744781494141
23-01-2009,7.590000152587891,7.78000020980835,38300,8.34000015258789,8.0,7.077279090881348
26-01-2009,8.0,8.0,34200,8.739999771118164,8.529999732971191,7.546145915985107
27-01-2009,8.5600004196167,8.5600004196167,43800,8.989999771118164,8.760000228881836,7.749618053436279
28-01-2009,8.09000015258789,8.970000267028809,72300,9.0600004196167,9.020000457763672,7.979631423950195
29-01-2009,8.229999542236328,8.829999923706055,50400,9.029999732971191,8.25,7.298443794250488
30-01-2009,7.710000038146973,8.40999984741211,32700,8.40999984741211,7.71999979019165,6.8295745849609375
02-02-2009,7.519999980926514,7.570000171661377,107900,8.100000381469727,8.09000015258789,7.156899452209473
03-02-2009,7.75,8.180000305175781,62200,8.40999984741211,8.020000457763672,7.094971656799316
04-02-2009,7.619999885559082,7.980000019073486,96000,8.449999809265137,8.029999732971191,7.103818416595459
05-02-2009,8.130000114440918,8.130000114440918,55400,8.720000267028809,8.239999771118164,7.289595603942871
06-02-2009,8.199999809265137,8.199999809265137,69900,8.770000457763672,8.729999542236328,7.723081111907959
09-02-2009,8.3100004196167,8.649999618530273,51500,8.819999694824219,8.460000038146973,7.484219074249268
10-02-2009,7.75,8.350000381469727,103600,8.609999656677246,7.929999828338623,7.015350341796875
11-02-2009,7.900000095367432,7.96999979019165,44800,8.279999732971191,8.020000457763672,7.094971656799316
12-02-2009,7.820000171661377,7.820000171661377,46400,8.470000267028809,8.3100004196167,7.351524353027344
13-02-2009,8.010000228881836,8.350000381469727,163500,8.529999732971191,8.40999984741211,7.439988136291504
17-02-2009,7.900000095367432,7.920000076293945,45900,8.279999732971191,7.900000095367432,6.988810062408447
18-02-2009,7.849999904632568,7.989999771118164,25900,8.140000343322754,7.929999828338623,7.015350341796875
19-02-2009,7.889999866485596,8.0600004196167,36500,8.0600004196167,7.900000095367432,6.988810062408447
20-02-2009,7.579999923706055,7.710000038146973,85200,8.0,7.849999904632568,6.944578647613525
23-02-2009,7.519999980926514,7.940000057220459,71300,8.130000114440918,7.559999942779541,6.6880292892456055
24-02-2009,7.559999942779541,7.710000038146973,82100,8.25,8.170000076293945,7.227670669555664
25-02-2009,7.78000020980835,8.09000015258789,74100,8.579999923706055,8.0,7.077279090881348
26-02-2009,7.900000095367432,8.140000343322754,52600,8.140000343322754,7.929999828338623,7.015350341796875
27-02-2009,7.559999942779541,7.710000038146973,61400,8.100000381469727,7.889999866485596,6.979965686798096
02-03-2009,7.5,7.659999847412109,50600,8.010000228881836,7.539999961853027,6.6703338623046875
03-03-2009,6.539999961853027,7.730000019073486,79700,7.829999923706055,6.570000171661377,5.812215328216553
04-03-2009,5.880000114440918,6.739999771118164,61500,6.829999923706055,6.559999942779541,5.80336856842041
05-03-2009,6.119999885559082,6.320000171661377,66100,6.480000019073486,6.130000114440918,5.422964572906494
06-03-2009,6.090000152587891,6.230000019073486,93000,7.119999885559082,7.050000190734863,6.236849784851074
09-03-2009,6.429999828338623,6.909999847412109,48200,7.039999961853027,6.489999771118164,5.7414422035217285
10-03-2009,6.5,6.730000019073486,75200,6.920000076293945,6.840000152587891,6.05107307434082
11-03-2009,6.690000057220459,6.929999828338623,66700,7.269999980926514,7.110000133514404,6.289931297302246
12-03-2009,6.820000171661377,7.03000020980835,92700,7.75,7.699999809265137,6.811880588531494
13-03-2009,7.0,7.889999866485596,61600,7.889999866485596,7.480000019073486,6.617255210876465
16-03-2009,7.269999980926514,7.579999923706055,65000,8.069999694824219,7.400000095367432,6.546483993530273
17-03-2009,7.199999809265137,7.409999847412109,77500,8.1899995803833,8.1899995803833,7.245364665985107
18-03-2009,7.880000114440918,8.149999618530273,97800,8.550000190734863,8.149999618530273,7.209977626800537
19-03-2009,7.320000171661377,8.319999694824219,42700,8.479999542236328,7.949999809265137,7.033046722412109
20-03-2009,7.320000171661377,8.09000015258789,99700,8.210000038146973,7.320000171661377,6.475710391998291
23-03-2009,7.550000190734863,7.659999847412109,123800,8.5,8.479999542236328,7.501914024353027
24-03-2009,7.230000019073486,8.25,66600,8.5,7.289999961853027,6.449170112609863
25-03-2009,6.650000095367432,7.400000095367432,78000,8.130000114440918,7.300000190734863,6.458016395568848
26-03-2009,7.460000038146973,7.489999771118164,101000,8.229999542236328,8.180000305175781,7.23651647567749
27-03-2009,7.079999923706055,7.909999847412109,67200,7.909999847412109,7.090000152587891,6.272238731384277
30-03-2009,6.480000019073486,6.820000171661377,128600,7.170000076293945,6.849999904632568,6.059919357299805
31-03-2009,6.900000095367432,7.010000228881836,98600,8.149999618530273,7.639999866485596,6.758801460266113
01-04-2009,7.179999828338623,7.409999847412109,91100,7.789999961853027,7.739999771118164,6.8472676277160645
02-04-2009,7.829999923706055,8.039999961853027,93000,8.5,8.239999771118164,7.289595603942871
03-04-2009,7.889999866485596,8.229999542236328,43800,8.399999618530273,8.390000343322754,7.422297954559326
06-04-2009,7.789999961853027,8.239999771118164,79600,8.550000190734863,8.40999984741211,7.439988136291504
07-04-2009,8.15999984741211,8.1899995803833,94200,8.550000190734863,8.220000267028809,7.271903038024902
08-04-2009,8.300000190734863,8.300000190734863,56100,8.649999618530273,8.640000343322754,7.643460273742676
09-04-2009,8.550000190734863,8.699999809265137,117400,9.020000457763672,8.949999809265137,7.9177069664001465
13-04-2009,8.739999771118164,8.739999771118164,46500,9.5600004196167,9.5600004196167,8.45734691619873
14-04-2009,8.609999656677246,9.289999961853027,64400,9.40999984741211,8.649999618530273,7.65230655670166
15-04-2009,8.579999923706055,8.579999923706055,110200,9.65999984741211,9.65999984741211,8.545814514160156
16-04-2009,8.600000381469727,8.979999542236328,155600,9.859999656677246,9.84000015258789,8.705053329467773
17-04-2009,9.260000228881836,9.880000114440918,140500,9.880000114440918,9.380000114440918,8.298110008239746
20-04-2009,8.600000381469727,9.010000228881836,80200,9.010000228881836,8.640000343322754,7.643460273742676
21-04-2009,8.359999656677246,8.399999618530273,60900,9.4399995803833,9.359999656677246,8.280417442321777
22-04-2009,8.539999961853027,9.09000015258789,64500,9.4399995803833,9.130000114440918,8.076943397521973
23-04-2009,8.550000190734863,9.119999885559082,66400,9.289999961853027,8.9399995803833,7.908858776092529
24-04-2009,8.630000114440918,9.0600004196167,90700,9.670000076293945,9.34000015258789,8.262723922729492
27-04-2009,8.930000305175781,9.020000457763672,91900,9.399999618530273,9.260000228881836,8.191947937011719
28-04-2009,8.8100004196167,8.8100004196167,115100,9.529999732971191,9.4399995803833,8.351191520690918
29-04-2009,9.270000457763672,9.300000190734863,357500,10.359999656677246,10.079999923706055,8.917369842529297
30-04-2009,9.5,10.170000076293945,192700,10.239999771118164,9.59000015258789,8.483887672424316
01-05-2009,9.239999771118164,9.579999923706055,149000,9.949999809265137,9.539999961853027,8.439653396606445
04-05-2009,9.300000190734863,9.430000305175781,117900,10.170000076293945,10.140000343322754,8.970450401306152
05-05-2009,9.880000114440918,10.010000228881836,91100,10.430000305175781,10.420000076293945,9.218155860900879
06-05-2009,10.079999923706055,10.390000343322754,118200,10.5,10.479999542236328,9.271233558654785
07-05-2009,9.859999656677246,10.5,96700,10.5,9.970000267028809,8.820056915283203
08-05-2009,10.199999809265137,10.199999809265137,139100,10.819999694824219,10.770000457763672,9.527788162231445
11-05-2009,10.390000343322754,10.390000343322754,65000,10.619999885559082,10.539999961853027,9.324315071105957
12-05-2009,10.380000114440918,10.619999885559082,56500,10.819999694824219,10.770000457763672,9.527788162231445
13-05-2009,10.420000076293945,10.460000038146973,123800,10.649999618530273,10.479999542236328,9.271233558654785
14-05-2009,10.350000381469727,10.470000267028809,160500,10.859999656677246,10.779999732971191,9.53663158416748
15-05-2009,10.210000038146973,10.800000190734863,61200,10.800000190734863,10.430000305175781,9.227002143859863
18-05-2009,10.5,10.609999656677246,105500,10.989999771118164,10.9399995803833,9.67817497253418
19-05-2009,10.5,10.8100004196167,105700,10.979999542236328,10.800000190734863,9.554327964782715
20-05-2009,10.6899995803833,10.899999618530273,117400,10.899999618530273,10.869999885559082,9.616250038146973
21-05-2009,9.449999809265137,9.510000228881836,98200,10.510000228881836,10.210000038146973,9.03237533569336
22-05-2009,10.229999542236328,10.279999732971191,68700,10.510000228881836,10.4399995803833,9.235846519470215
26-05-2009,10.3100004196167,10.3100004196167,108400,10.899999618530273,10.859999656677246,9.607407569885254
27-05-2009,10.069999694824219,10.850000381469727,148700,10.850000381469727,10.119999885559082,8.952760696411133
28-05-2009,9.65999984741211,10.279999732971191,109400,10.369999885559082,10.210000038146973,9.03237533569336
29-05-2009,9.970000267028809,10.229999542236328,119400,10.550000190734863,10.550000190734863,9.333166122436523
01-06-2009,10.529999732971191,10.600000381469727,159100,10.90999984741211,10.869999885559082,9.616250038146973
02-06-2009,10.399999618530273,10.8100004196167,211400,11.109999656677246,11.069999694824219,9.793184280395508
03-06-2009,10.899999618530273,10.899999618530273,92800,11.020000457763672,11.0,9.731255531311035
04-06-2009,10.869999885559082,11.050000190734863,50800,11.050000190734863,11.0,9.731255531311035
05-06-2009,10.8100004196167,11.100000381469727,93300,11.100000381469727,11.0,9.731255531311035
08-06-2009,10.729999542236328,10.899999618530273,83900,11.0,10.9399995803833,9.67817497253418
09-06-2009,10.800000190734863,11.0,52600,11.0,10.800000190734863,9.554327964782715
10-06-2009,10.100000381469727,10.979999542236328,102500,10.979999542236328,10.1899995803833,9.01468276977539
11-06-2009,9.779999732971191,10.260000228881836,90500,10.4399995803833,9.84000015258789,8.705053329467773
12-06-2009,9.15999984741211,9.710000038146973,93800,9.829999923706055,9.739999771118164,8.616585731506348
15-06-2009,9.069999694824219,9.609999656677246,119100,9.739999771118164,9.579999923706055,8.4750394821167
16-06-2009,9.09000015258789,9.720000267028809,49800,10.0600004196167,9.140000343322754,8.085792541503906
17-06-2009,8.899999618530273,9.140000343322754,97900,9.75,9.359999656677246,8.280417442321777
18-06-2009,9.170000076293945,9.319999694824219,101800,9.760000228881836,9.539999961853027,8.439653396606445
19-06-2009,9.4399995803833,9.729999542236328,288000,9.920000076293945,9.4399995803833,8.351191520690918
22-06-2009,8.760000228881836,9.359999656677246,104600,9.5,8.770000457763672,7.75846529006958
23-06-2009,8.770000457763672,8.859999656677246,105200,9.5,9.300000190734863,8.227336883544922
24-06-2009,9.010000228881836,9.4399995803833,64000,9.4399995803833,9.039999961853027,7.997323513031006
25-06-2009,8.819999694824219,8.960000038146973,98900,10.0,9.930000305175781,8.784673690795898
26-06-2009,9.270000457763672,9.829999923706055,1231200,9.970000267028809,9.329999923706055,8.253875732421875
29-06-2009,9.199999809265137,9.329999923706055,119600,10.029999732971191,9.369999885559082,8.289265632629395
30-06-2009,9.1899995803833,9.350000381469727,136900,9.630000114440918,9.529999732971191,8.430809020996094
01-07-2009,9.579999923706055,9.670000076293945,118000,10.34000015258789,10.039999961853027,8.881985664367676
02-07-2009,9.130000114440918,9.829999923706055,104000,9.989999771118164,9.5600004196167,8.45734691619873
06-07-2009,9.210000038146973,9.529999732971191,94100,9.829999923706055,9.399999618530273,8.315801620483398
07-07-2009,9.069999694824219,9.380000114440918,67700,9.510000228881836,9.239999771118164,8.174257278442383
08-07-2009,9.0,9.329999923706055,112700,9.6899995803833,9.149999618530273,8.094637870788574
09-07-2009,8.869999885559082,9.239999771118164,49200,9.25,8.989999771118164,7.953094005584717
10-07-2009,8.84000015258789,8.930000305175781,78000,9.199999809265137,8.930000305175781,7.9000139236450195
13-07-2009,8.819999694824219,8.960000038146973,79700,9.65999984741211,9.65999984741211,8.545814514160156
14-07-2009,8.850000381469727,9.5,61000,9.550000190734863,9.289999961853027,8.218490600585938
15-07-2009,9.369999885559082,9.5,315300,11.050000190734863,10.569999694824219,9.350852966308594
16-07-2009,10.079999923706055,10.449999809265137,163800,11.180000305175781,11.149999618530273,9.8639554977417
17-07-2009,10.100000381469727,11.180000305175781,139600,11.1899995803833,10.859999656677246,9.607407569885254
20-07-2009,10.3100004196167,10.970000267028809,128300,11.020000457763672,10.4399995803833,9.235846519470215
21-07-2009,10.010000228881836,10.5600004196167,102900,10.569999694824219,10.119999885559082,8.952760696411133
22-07-2009,9.880000114440918,10.0,69900,10.789999961853027,10.369999885559082,9.173921585083008
23-07-2009,10.390000343322754,10.390000343322754,119600,11.15999984741211,11.149999618530273,9.8639554977417
24-07-2009,10.760000228881836,10.979999542236328,98700,11.220000267028809,11.119999885559082,9.837414741516113
27-07-2009,10.6899995803833,11.15999984741211,73600,11.25,11.0600004196167,9.784337997436523
28-07-2009,10.09000015258789,10.880000114440918,86500,11.050000190734863,10.970000267028809,9.704720497131348
29-07-2009,10.579999923706055,10.800000190734863,84300,10.930000305175781,10.59000015258789,9.368546485900879
30-07-2009,10.680000305175781,10.829999923706055,94500,11.210000038146973,10.770000457763672,9.527788162231445
31-07-2009,10.460000038146973,10.670000076293945,117000,10.829999923706055,10.460000038146973,9.2535400390625
03-08-2009,10.420000076293945,10.630000114440918,78500,11.25,11.020000457763672,9.74895191192627
04-08-2009,10.130000114440918,10.859999656677246,277400,10.90999984741211,10.180000305175781,9.00583553314209
05-08-2009,9.90999984741211,10.479999542236328,118100,10.489999771118164,10.010000228881836,8.85544490814209
06-08-2009,9.550000190734863,10.069999694824219,213200,10.460000038146973,9.850000381469727,8.71390151977539
07-08-2009,10.039999961853027,10.069999694824219,177300,11.109999656677246,10.800000190734863,9.554327964782715
10-08-2009,10.039999961853027,10.6899995803833,64900,11.170000076293945,10.989999771118164,9.722412109375
11-08-2009,10.75,10.869999885559082,80100,11.069999694824219,10.789999961853027,9.545482635498047
12-08-2009,10.710000038146973,10.779999732971191,102500,11.449999809265137,11.119999885559082,9.837414741516113
13-08-2009,10.920000076293945,11.199999809265137,52400,11.260000228881836,11.1899995803833,9.899343490600586
14-08-2009,10.3100004196167,11.119999885559082,70900,11.270000457763672,10.59000015258789,9.368546485900879
17-08-2009,9.930000305175781,10.279999732971191,57700,10.550000190734863,10.0,8.846597671508789
18-08-2009,9.859999656677246,10.119999885559082,98800,10.569999694824219,9.960000038146973,8.811211585998535
19-08-2009,9.739999771118164,9.760000228881836,40900,10.59000015258789,10.149999618530273,8.979296684265137
20-08-2009,9.890000343322754,9.970000267028809,41700,10.40999984741211,10.3100004196167,9.120841979980469
21-08-2009,10.390000343322754,10.470000267028809,122700,11.210000038146973,11.170000076293945,9.881648063659668
24-08-2009,10.890000343322754,11.199999809265137,43900,11.300000190734863,11.039999961853027,9.766646385192871
25-08-2009,10.859999656677246,11.15999984741211,82100,11.289999961853027,11.210000038146973,9.917035102844238
26-08-2009,10.829999923706055,11.15999984741211,78000,11.510000228881836,11.40999984741211,10.09397029876709
27-08-2009,11.079999923706055,11.3100004196167,65400,11.449999809265137,11.40999984741211,10.09397029876709
28-08-2009,11.020000457763672,11.420000076293945,49900,11.789999961853027,11.229999542236328,9.934731483459473
31-08-2009,10.760000228881836,11.039999961853027,80200,11.3100004196167,11.09000015258789,9.810882568359375
01-09-2009,10.470000267028809,10.930000305175781,180500,11.079999923706055,10.65999984741211,9.430473327636719
02-09-2009,10.1899995803833,10.579999923706055,148900,11.079999923706055,10.65999984741211,9.430473327636719
03-09-2009,10.539999961853027,10.710000038146973,52800,10.899999618530273,10.859999656677246,9.607407569885254
04-09-2009,10.369999885559082,10.850000381469727,51800,11.279999732971191,11.210000038146973,9.917035102844238
08-09-2009,10.850000381469727,11.319999694824219,43500,11.319999694824219,11.170000076293945,9.881648063659668
09-09-2009,11.029999732971191,11.0600004196167,40900,11.520000457763672,11.5,10.173588752746582
10-09-2009,11.319999694824219,11.479999542236328,38000,11.529999732971191,11.449999809265137,10.129358291625977
11-09-2009,10.949999809265137,11.119999885559082,38800,11.329999923706055,10.989999771118164,9.722412109375
14-09-2009,10.779999732971191,10.84000015258789,53500,11.25,11.25,9.952423095703125
15-09-2009,10.84000015258789,11.220000267028809,28600,11.399999618530273,11.210000038146973,9.917035102844238
16-09-2009,11.119999885559082,11.229999542236328,31300,11.380000114440918,11.300000190734863,9.996655464172363
17-09-2009,11.050000190734863,11.25,26900,11.380000114440918,11.239999771118164,9.943573951721191
18-09-2009,11.079999923706055,11.289999961853027,117100,11.619999885559082,11.350000381469727,10.040889739990234
21-09-2009,11.0,11.149999618530273,25100,11.34000015258789,11.289999961853027,9.987809181213379
22-09-2009,11.180000305175781,11.40999984741211,34100,11.680000305175781,11.279999732971191,9.978963851928711
23-09-2009,11.199999809265137,11.34000015258789,27300,11.670000076293945,11.3100004196167,10.005502700805664
24-09-2009,11.25,11.40999984741211,38300,11.479999542236328,11.319999694824219,10.014348030090332
25-09-2009,10.75,11.229999542236328,60900,11.390000343322754,11.34000015258789,10.03204345703125
28-09-2009,11.399999618530273,11.399999618530273,52100,12.079999923706055,12.020000457763672,10.633610725402832
29-09-2009,12.0,12.100000381469727,53800,12.399999618530273,12.100000381469727,10.704385757446289
30-09-2009,11.520000457763672,12.079999923706055,84300,12.1899995803833,12.029999732971191,10.642457008361816
01-10-2009,11.399999618530273,11.920000076293945,51900,11.979999542236328,11.5,10.173588752746582
02-10-2009,11.3100004196167,11.3100004196167,46800,11.819999694824219,11.550000190734863,10.21782398223877
05-10-2009,11.079999923706055,11.649999618530273,81000,12.270000457763672,11.949999809265137,10.571686744689941
06-10-2009,11.720000267028809,12.100000381469727,44000,12.270000457763672,12.210000038146973,10.80169677734375
07-10-2009,11.680000305175781,12.069999694824219,34300,12.1899995803833,11.869999885559082,10.500909805297852
08-10-2009,11.729999542236328,12.029999732971191,59800,12.199999809265137,12.050000190734863,10.660152435302734
09-10-2009,12.0,12.079999923706055,56300,12.489999771118164,12.489999771118164,11.04940128326416
12-10-2009,12.319999694824219,12.5,29200,12.5,12.34000015258789,10.916702270507812
13-10-2009,12.109999656677246,12.25,99900,12.970000267028809,12.550000190734863,11.1024808883667
14-10-2009,12.619999885559082,12.819999694824219,50300,12.989999771118164,12.960000038146973,11.465191841125488
15-10-2009,12.359999656677246,12.460000038146973,75800,13.0600004196167,12.859999656677246,11.376724243164062
16-10-2009,12.6899995803833,12.710000038146973,67500,13.109999656677246,13.010000228881836,11.50942325592041
19-10-2009,12.829999923706055,13.039999961853027,17600,13.079999923706055,13.029999732971191,11.527120590209961
20-10-2009,12.600000381469727,13.020000457763672,40700,13.069999694824219,12.970000267028809,11.474040031433105
21-10-2009,12.470000267028809,12.9399995803833,106100,13.119999885559082,12.539999961853027,11.093631744384766
22-10-2009,12.300000190734863,12.550000190734863,62300,12.770000457763672,12.510000228881836,11.067092895507812
23-10-2009,12.239999771118164,12.550000190734863,60600,12.850000381469727,12.34000015258789,10.916702270507812
26-10-2009,12.239999771118164,12.390000343322754,60000,12.920000076293945,12.279999732971191,10.86362361907959
27-10-2009,12.050000190734863,12.369999885559082,24800,12.369999885559082,12.079999923706055,10.686689376831055
28-10-2009,12.09000015258789,12.09000015258789,125500,12.970000267028809,12.489999771118164,11.04940128326416
29-10-2009,12.130000114440918,12.630000114440918,73200,12.630000114440918,12.270000457763672,10.854777336120605
30-10-2009,11.800000190734863,12.119999885559082,95900,12.130000114440918,11.880000114440918,10.509758949279785
02-11-2009,11.579999923706055,11.949999809265137,96600,12.079999923706055,11.770000457763672,10.412445068359375
03-11-2009,11.649999618530273,11.699999809265137,90700,11.989999771118164,11.899999618530273,10.527450561523438
04-11-2009,11.640000343322754,12.0,75300,12.029999732971191,11.729999542236328,10.377062797546387
05-11-2009,11.859999656677246,11.859999656677246,170000,12.479999542236328,12.15999984741211,10.757460594177246
06-11-2009,11.84000015258789,11.920000076293945,57400,12.5,12.430000305175781,11.059988975524902
09-11-2009,12.449999809265137,12.630000114440918,67000,12.819999694824219,12.600000381469727,11.211252212524414
10-11-2009,12.050000190734863,12.520000457763672,35900,12.649999618530273,12.069999694824219,10.739665985107422
11-11-2009,11.899999618530273,12.270000457763672,100700,12.270000457763672,12.170000076293945,10.82864761352539
12-11-2009,11.75,12.130000114440918,43000,12.289999961853027,11.800000190734863,10.499430656433105
13-11-2009,11.649999618530273,11.829999923706055,29100,12.09000015258789,11.899999618530273,10.588403701782227
16-11-2009,12.079999923706055,12.079999923706055,50100,12.979999542236328,12.84000015258789,11.424803733825684
17-11-2009,12.720000267028809,12.789999961853027,29400,13.0,12.859999656677246,11.442597389221191
18-11-2009,12.449999809265137,12.890000343322754,23800,12.899999618530273,12.720000267028809,11.31802749633789
19-11-2009,12.039999961853027,12.529999732971191,68000,12.65999984741211,12.550000190734863,11.166762351989746
20-11-2009,12.430000305175781,12.460000038146973,57000,12.800000190734863,12.640000343322754,11.246842384338379
23-11-2009,12.890000343322754,12.920000076293945,101400,13.170000076293945,13.100000381469727,11.656140327453613
24-11-2009,12.800000190734863,13.069999694824219,35200,13.130000114440918,13.0600004196167,11.620550155639648
25-11-2009,12.300000190734863,13.09000015258789,45900,13.140000343322754,12.3100004196167,10.953215599060059
27-11-2009,11.470000267028809,11.890000343322754,44500,12.449999809265137,11.470000267028809,10.20580005645752
30-11-2009,11.550000190734863,11.760000228881836,174900,12.489999771118164,12.449999809265137,11.077786445617676
01-12-2009,12.4399995803833,12.640000343322754,278700,13.020000457763672,12.760000228881836,11.353617668151855
02-12-2009,12.710000038146973,12.789999961853027,54500,13.069999694824219,12.979999542236328,11.549368858337402
03-12-2009,12.9399995803833,13.039999961853027,87900,13.180000305175781,13.010000228881836,11.57606315612793
04-12-2009,13.050000190734863,13.170000076293945,202300,13.5,13.460000038146973,11.976466178894043
07-12-2009,13.15999984741211,13.5,135200,13.680000305175781,13.5600004196167,12.065444946289062
08-12-2009,13.15999984741211,13.449999809265137,76300,13.680000305175781,13.3100004196167,11.842998504638672
09-12-2009,13.25,13.350000381469727,43800,13.550000190734863,13.5,12.012055397033691
10-12-2009,12.979999542236328,13.550000190734863,76900,13.649999618530273,13.039999961853027,11.60275650024414
11-12-2009,12.619999885559082,13.170000076293945,184900,13.449999809265137,12.8100004196167,11.39810562133789
14-12-2009,12.6899995803833,12.890000343322754,119800,13.5,13.380000114440918,11.905281066894531
15-12-2009,12.6899995803833,13.369999885559082,147100,13.40999984741211,12.800000190734863,11.38920783996582
16-12-2009,12.65999984741211,12.979999542236328,74800,13.020000457763672,12.9399995803833,11.513777732849121
17-12-2009,12.779999732971191,12.779999732971191,147900,13.260000228881836,13.180000305175781,11.727324485778809
18-12-2009,13.220000267028809,13.300000190734863,327400,13.779999732971191,13.779999732971191,12.261194229125977
21-12-2009,13.760000228881836,13.850000381469727,149100,14.029999732971191,13.850000381469727,12.323478698730469
22-12-2009,13.5,13.850000381469727,206800,13.899999618530273,13.5600004196167,12.065444946289062
23-12-2009,13.5600004196167,13.630000114440918,107400,13.9399995803833,13.819999694824219,12.296784400939941
24-12-2009,13.739999771118164,13.850000381469727,40100,13.890000343322754,13.739999771118164,12.225603103637695
28-12-2009,13.470000267028809,13.770000457763672,78500,13.800000190734863,13.670000076293945,12.16331958770752
29-12-2009,13.609999656677246,13.670000076293945,168200,13.739999771118164,13.699999809265137,12.190011024475098
30-12-2009,13.390000343322754,13.579999923706055,100800,13.84000015258789,13.84000015258789,12.314581871032715
31-12-2009,13.8100004196167,13.8100004196167,102100,14.319999694824219,13.899999618530273,12.367969512939453
04-01-2010,14.069999694824219,14.130000114440918,68800,14.399999618530273,14.1899995803833,12.626006126403809
05-01-2010,13.609999656677246,14.100000381469727,66100,14.149999618530273,13.680000305175781,12.172218322753906
06-01-2010,13.050000190734863,13.699999809265137,226400,14.069999694824219,14.020000457763672,12.47474479675293
07-01-2010,13.800000190734863,14.039999961853027,74700,14.260000228881836,14.119999885559082,12.563720703125
08-01-2010,14.020000457763672,14.020000457763672,187600,14.670000076293945,14.579999923706055,12.973023414611816
11-01-2010,14.470000267028809,14.649999618530273,32900,14.6899995803833,14.520000457763672,12.919635772705078
12-01-2010,14.420000076293945,14.5,58400,14.699999809265137,14.539999961853027,12.937427520751953
13-01-2010,14.470000267028809,14.579999923706055,142500,14.9399995803833,14.489999771118164,12.892940521240234
14-01-2010,14.380000114440918,14.460000038146973,56000,14.699999809265137,14.529999732971191,12.9285306930542
15-01-2010,13.890000343322754,14.59000015258789,145300,14.59000015258789,14.289999961853027,12.714984893798828
19-01-2010,14.34000015258789,14.34000015258789,97200,14.979999542236328,14.710000038146973,13.088692665100098
20-01-2010,14.069999694824219,14.539999961853027,108000,14.800000190734863,14.720000267028809,13.097594261169434
21-01-2010,13.880000114440918,14.760000228881836,107700,14.890000343322754,14.260000228881836,12.688292503356934
22-01-2010,14.079999923706055,14.199999809265137,64800,14.649999618530273,14.109999656677246,12.55482292175293
25-01-2010,14.079999923706055,14.260000228881836,65600,14.59000015258789,14.390000343322754,12.80395793914795
26-01-2010,13.520000457763672,14.279999732971191,92500,14.279999732971191,13.600000381469727,12.101036071777344
27-01-2010,13.520000457763672,13.520000457763672,119200,13.859999656677246,13.84000015258789,12.314581871032715
28-01-2010,13.510000228881836,13.890000343322754,89200,13.890000343322754,13.630000114440918,12.127727508544922
29-01-2010,13.430000305175781,13.670000076293945,106200,13.8100004196167,13.630000114440918,12.127727508544922
01-02-2010,13.260000228881836,13.640000343322754,190200,13.819999694824219,13.800000190734863,12.278990745544434
02-02-2010,13.619999885559082,13.770000457763672,106100,13.920000076293945,13.829999923706055,12.30568790435791
03-02-2010,13.710000038146973,13.710000038146973,197200,14.880000114440918,14.15999984741211,12.599309921264648
04-02-2010,13.199999809265137,14.0600004196167,144900,14.380000114440918,13.25,11.789610862731934
05-02-2010,13.09000015258789,13.319999694824219,118700,13.729999542236328,13.640000343322754,12.136628150939941
08-02-2010,13.260000228881836,13.5600004196167,70800,13.609999656677246,13.359999656677246,11.887486457824707
09-02-2010,13.229999542236328,13.550000190734863,65400,13.649999618530273,13.520000457763672,12.029851913452148
10-02-2010,13.279999732971191,13.4399995803833,72100,13.949999809265137,13.819999694824219,12.296784400939941
11-02-2010,13.539999961853027,13.739999771118164,139000,14.539999961853027,14.520000457763672,12.919635772705078
12-02-2010,14.220000267028809,14.279999732971191,114100,14.710000038146973,14.710000038146973,13.152097702026367
16-02-2010,14.59000015258789,14.819999694824219,49500,14.90999984741211,14.890000343322754,13.313032150268555
17-02-2010,14.729999542236328,15.0,61600,15.0,15.0,13.411383628845215
18-02-2010,14.800000190734863,15.0,267300,15.34000015258789,15.270000457763672,13.652789115905762
19-02-2010,15.180000305175781,15.260000228881836,99200,15.569999694824219,15.359999656677246,13.733258247375488
22-02-2010,15.420000076293945,15.470000267028809,193000,15.8100004196167,15.529999732971191,13.885249137878418
23-02-2010,15.289999961853027,15.529999732971191,76200,15.630000114440918,15.34000015258789,13.715373039245605
24-02-2010,15.289999961853027,15.4399995803833,45200,15.670000076293945,15.390000343322754,13.760080337524414
25-02-2010,15.0,15.100000381469727,78400,15.229999542236328,15.020000457763672,13.429266929626465
26-02-2010,14.6899995803833,15.079999923706055,193500,15.079999923706055,14.9399995803833,13.357738494873047
01-03-2010,14.59000015258789,14.920000076293945,145300,15.369999885559082,14.970000267028809,13.384564399719238
02-03-2010,14.739999771118164,14.739999771118164,193700,15.170000076293945,14.989999771118164,13.40244197845459
03-03-2010,14.869999885559082,15.050000190734863,71400,15.319999694824219,15.010000228881836,13.420326232910156
04-03-2010,14.5,15.069999694824219,44900,15.239999771118164,15.180000305175781,13.572318077087402
05-03-2010,15.09000015258789,15.25,78700,15.520000457763672,15.470000267028809,13.8316068649292
08-03-2010,15.010000228881836,15.289999961853027,67800,15.369999885559082,15.069999694824219,13.473970413208008
09-03-2010,14.970000267028809,15.039999961853027,71500,15.170000076293945,15.100000381469727,13.5007905960083
10-03-2010,14.880000114440918,15.069999694824219,71500,15.229999542236328,14.970000267028809,13.384564399719238
11-03-2010,14.800000190734863,14.84000015258789,70000,15.069999694824219,14.920000076293945,13.339856147766113
12-03-2010,14.770000457763672,14.960000038146973,78000,15.0,14.90999984741211,13.330916404724121
15-03-2010,14.529999732971191,14.920000076293945,97200,14.9399995803833,14.920000076293945,13.339856147766113
16-03-2010,14.90999984741211,15.0,62000,15.270000457763672,15.270000457763672,13.652789115905762
17-03-2010,15.210000038146973,15.34000015258789,189900,15.729999542236328,15.680000305175781,14.019368171691895
18-03-2010,15.600000381469727,15.760000228881836,175500,16.0,15.680000305175781,14.019368171691895
19-03-2010,15.489999771118164,15.869999885559082,180200,15.90999984741211,15.869999885559082,14.189245223999023
22-03-2010,15.59000015258789,15.600000381469727,82500,16.09000015258789,15.979999542236328,14.28759479522705
23-03-2010,15.829999923706055,16.030000686645508,70800,16.200000762939453,16.139999389648438,14.430649757385254
24-03-2010,16.0,16.040000915527344,83600,16.280000686645508,16.049999237060547,14.350176811218262
25-03-2010,15.970000267028809,16.209999084472656,77200,16.540000915527344,16.010000228881836,14.31441593170166
26-03-2010,16.010000228881836,16.110000610351562,49000,16.600000381469727,16.200000762939453,14.48430061340332
29-03-2010,15.979999542236328,16.309999465942383,70400,16.489999771118164,15.989999771118164,14.296538352966309
30-03-2010,15.489999771118164,15.979999542236328,167700,16.40999984741211,15.90999984741211,14.225007057189941
31-03-2010,15.649999618530273,15.779999732971191,118800,16.100000381469727,15.729999542236328,14.064069747924805
01-04-2010,15.380000114440918,15.8100004196167,62600,16.040000915527344,15.569999694824219,13.921015739440918
05-04-2010,15.609999656677246,15.649999618530273,66800,16.010000228881836,16.0,14.305477142333984
06-04-2010,15.619999885559082,16.0,39200,16.010000228881836,15.90999984741211,14.225007057189941
07-04-2010,15.649999618530273,15.850000381469727,324900,16.0,15.920000076293945,14.233949661254883
08-04-2010,15.460000038146973,15.800000190734863,140300,16.110000610351562,16.010000228881836,14.31441593170166
09-04-2010,15.720000267028809,15.989999771118164,108200,16.34000015258789,16.209999084472656,14.493232727050781
12-04-2010,15.970000267028809,16.18000030517578,100100,16.489999771118164,16.479999542236328,14.734637260437012
13-04-2010,16.25,16.40999984741211,174600,16.81999969482422,16.790000915527344,15.011808395385742
14-04-2010,16.84000015258789,16.8700008392334,127200,17.260000228881836,17.260000228881836,15.432038307189941
15-04-2010,17.190000534057617,17.190000534057617,39600,17.440000534057617,17.399999618530273,15.557212829589844
16-04-2010,16.959999084472656,17.420000076293945,164200,17.420000076293945,17.1299991607666,15.315797805786133
19-04-2010,16.649999618530273,17.0,161800,17.049999237060547,16.760000228881836,14.984989166259766
20-04-2010,16.719999313354492,16.81999969482422,80200,17.190000534057617,17.1299991607666,15.315797805786133
21-04-2010,16.709999084472656,17.100000381469727,88400,17.299999237060547,17.030000686645508,15.226395606994629
22-04-2010,16.670000076293945,16.770000457763672,80400,17.40999984741211,17.299999237060547,15.467796325683594
23-04-2010,16.899999618530273,17.270000457763672,92900,17.270000457763672,17.0,15.19957447052002
26-04-2010,16.8700008392334,16.969999313354492,43100,17.079999923706055,16.8799991607666,15.092273712158203
27-04-2010,16.09000015258789,16.84000015258789,62000,16.920000076293945,16.15999984741211,14.448526382446289
28-04-2010,15.680000305175781,16.239999771118164,155600,16.40999984741211,16.020000457763672,14.323359489440918
29-04-2010,15.539999961853027,16.100000381469727,149200,16.25,16.229999542236328,14.511116981506348
30-04-2010,15.600000381469727,16.219999313354492,131300,16.219999313354492,15.770000457763672,14.099835395812988
03-05-2010,15.710000038146973,15.920000076293945,197700,16.420000076293945,16.399999618530273,14.663115501403809
04-05-2010,15.369999885559082,16.09000015258789,214000,16.100000381469727,16.010000228881836,14.31441593170166
05-05-2010,15.680000305175781,15.8100004196167,260300,16.149999618530273,16.0,14.305477142333984
06-05-2010,15.050000190734863,15.920000076293945,134400,16.200000762939453,15.739999771118164,14.073013305664062
07-05-2010,14.979999542236328,15.649999618530273,142200,15.75,15.140000343322754,13.536556243896484
10-05-2010,15.449999809265137,15.930000305175781,119600,16.0,15.869999885559082,14.255154609680176
11-05-2010,15.4399995803833,15.6899995803833,115100,16.350000381469727,16.030000686645508,14.398871421813965
12-05-2010,15.869999885559082,16.040000915527344,138600,17.190000534057617,17.15999984741211,15.413891792297363
13-05-2010,16.670000076293945,17.010000228881836,92100,17.09000015258789,16.90999984741211,15.189330101013184
14-05-2010,16.389999389648438,16.719999313354492,105900,16.719999313354492,16.610000610351562,14.919858932495117
17-05-2010,16.149999618530273,16.719999313354492,204200,16.850000381469727,16.68000030517578,14.982732772827148
18-05-2010,15.5600004196167,16.90999984741211,230500,16.90999984741211,15.770000457763672,14.165327072143555
19-05-2010,15.180000305175781,15.75,79200,15.829999923706055,15.539999961853027,13.958732604980469
20-05-2010,14.170000076293945,15.100000381469727,231600,15.300000190734863,14.229999542236328,12.78203010559082
21-05-2010,13.960000038146973,14.0,222500,14.65999984741211,14.579999923706055,13.096417427062988
24-05-2010,14.140000343322754,14.550000190734863,74000,14.800000190734863,14.170000076293945,12.72813606262207
25-05-2010,13.640000343322754,13.779999732971191,83300,14.199999809265137,14.140000343322754,12.701187133789062
26-05-2010,13.949999809265137,14.239999771118164,388000,14.520000457763672,14.15999984741211,12.719152450561523
27-05-2010,14.420000076293945,14.520000457763672,167700,15.109999656677246,15.079999923706055,13.545536994934082
28-05-2010,14.649999618530273,15.0600004196167,112500,15.0600004196167,14.760000228881836,13.258103370666504
01-06-2010,14.0600004196167,14.550000190734863,117600,14.800000190734863,14.09000015258789,12.656277656555176
02-06-2010,13.930000305175781,14.140000343322754,166800,14.229999542236328,14.09000015258789,12.656277656555176
03-06-2010,13.829999923706055,14.25,168300,14.489999771118164,14.369999885559082,12.907785415649414
04-06-2010,13.850000381469727,14.180000305175781,231700,14.25,13.9399995803833,12.521540641784668
07-06-2010,13.510000228881836,13.989999771118164,125800,14.100000381469727,13.529999732971191,12.15325927734375
08-06-2010,13.15999984741211,13.630000114440918,148400,13.649999618530273,13.449999809265137,12.081402778625488
09-06-2010,13.329999923706055,13.630000114440918,120100,13.850000381469727,13.460000038146973,12.090383529663086
10-06-2010,13.5,13.75,82800,13.979999542236328,13.970000267028809,12.548487663269043
11-06-2010,13.470000267028809,13.710000038146973,107000,13.9399995803833,13.899999618530273,12.485610961914062
14-06-2010,13.989999771118164,14.119999885559082,103600,14.359999656677246,14.050000190734863,12.620347023010254
15-06-2010,13.930000305175781,14.229999542236328,102900,14.510000228881836,14.4399995803833,12.970663070678711
16-06-2010,14.220000267028809,14.279999732971191,85900,14.529999732971191,14.359999656677246,12.8988037109375
17-06-2010,14.270000457763672,14.479999542236328,93300,14.600000381469727,14.579999923706055,13.096417427062988
18-06-2010,14.34000015258789,14.6899995803833,189100,14.869999885559082,14.640000343322754,13.150311470031738
21-06-2010,14.25,14.899999618530273,59800,14.899999618530273,14.279999732971191,12.826944351196289
22-06-2010,14.0,14.380000114440918,56300,14.529999732971191,14.0,12.575434684753418
23-06-2010,13.710000038146973,13.9399995803833,63300,14.15999984741211,13.949999809265137,12.53052043914795
24-06-2010,13.6899995803833,13.8100004196167,84200,14.109999656677246,13.90999984741211,12.494593620300293
25-06-2010,14.029999732971191,14.029999732971191,603400,14.670000076293945,14.300000190734863,12.844910621643066
28-06-2010,14.210000038146973,14.319999694824219,77900,14.609999656677246,14.220000267028809,12.77304458618164
29-06-2010,13.789999961853027,13.949999809265137,112700,14.1899995803833,13.9399995803833,12.521540641784668
30-06-2010,13.75,13.970000267028809,84400,14.270000457763672,13.789999961853027,12.386805534362793
01-07-2010,13.270000457763672,13.270000457763672,147300,13.930000305175781,13.869999885559082,12.458664894104004
02-07-2010,13.600000381469727,14.020000457763672,77900,14.039999961853027,13.739999771118164,12.341890335083008
06-07-2010,13.670000076293945,14.020000457763672,139100,14.210000038146973,13.760000228881836,12.359856605529785
07-07-2010,13.770000457763672,13.869999885559082,108200,14.369999885559082,14.34000015258789,12.880838394165039
08-07-2010,14.1899995803833,14.550000190734863,214900,14.880000114440918,14.859999656677246,13.34792423248291
09-07-2010,14.75,14.869999885559082,90400,15.029999732971191,15.0,13.47368335723877
12-07-2010,14.760000228881836,15.010000228881836,129600,15.029999732971191,14.899999618530273,13.383853912353516
13-07-2010,13.40999984741211,13.920000076293945,676700,14.039999961853027,13.5600004196167,12.180205345153809
14-07-2010,13.010000228881836,13.420000076293945,157500,13.5,13.180000305175781,11.838873863220215
15-07-2010,12.539999961853027,13.15999984741211,199900,13.199999809265137,13.050000190734863,11.722102165222168
16-07-2010,12.380000114440918,12.890000343322754,211700,13.010000228881836,12.430000305175781,11.165191650390625
19-07-2010,12.270000457763672,12.460000038146973,112800,12.960000038146973,12.920000076293945,11.605328559875488
20-07-2010,12.720000267028809,12.720000267028809,123400,13.050000190734863,12.920000076293945,11.605328559875488
21-07-2010,12.640000343322754,13.029999732971191,61700,13.029999732971191,12.649999618530273,11.362801551818848
22-07-2010,12.6899995803833,12.880000114440918,173500,13.010000228881836,12.729999542236328,11.434662818908691
23-07-2010,12.569999694824219,12.640000343322754,200800,13.199999809265137,12.920000076293945,11.605328559875488
26-07-2010,12.739999771118164,13.010000228881836,236200,13.15999984741211,12.779999732971191,11.479575157165527
27-07-2010,12.369999885559082,12.9399995803833,193600,12.970000267028809,12.390000343322754,11.129262924194336
28-07-2010,12.390000343322754,12.390000343322754,230200,13.630000114440918,13.220000267028809,11.874805450439453
29-07-2010,13.010000228881836,13.300000190734863,158300,13.869999885559082,13.84000015258789,12.431714057922363
30-07-2010,13.420000076293945,13.59000015258789,173800,14.329999923706055,14.220000267028809,12.77304458618164
02-08-2010,14.380000114440918,14.470000267028809,142400,14.869999885559082,14.630000114440918,13.141327857971191
03-08-2010,14.390000343322754,14.5,131200,14.949999809265137,14.819999694824219,13.311996459960938
04-08-2010,14.890000343322754,14.890000343322754,81800,15.149999618530273,14.989999771118164,13.464698791503906
05-08-2010,14.850000381469727,14.850000381469727,75500,15.119999885559082,14.949999809265137,13.428767204284668
06-08-2010,14.579999923706055,14.710000038146973,95700,15.220000267028809,15.15999984741211,13.617395401000977
09-08-2010,14.960000038146973,15.220000267028809,85300,15.390000343322754,15.34000015258789,13.843002319335938
10-08-2010,14.949999809265137,15.300000190734863,95600,15.300000190734863,14.979999542236328,13.518136024475098
11-08-2010,14.399999618530273,14.869999885559082,125100,14.960000038146973,14.470000267028809,13.057903289794922
12-08-2010,14.289999961853027,14.300000190734863,194300,14.800000190734863,14.699999809265137,13.265459060668945
13-08-2010,14.5,14.600000381469727,116900,14.949999809265137,14.529999732971191,13.112044334411621
16-08-2010,14.420000076293945,14.420000076293945,186700,15.130000114440918,15.029999732971191,13.563254356384277
17-08-2010,15.0,15.229999542236328,95500,15.229999542236328,15.069999694824219,13.599349975585938
18-08-2010,14.680000305175781,15.0,132700,15.210000038146973,14.960000038146973,13.50008487701416
19-08-2010,14.619999885559082,14.859999656677246,104600,15.010000228881836,14.699999809265137,13.265459060668945
20-08-2010,14.5,14.649999618530273,146900,15.039999961853027,14.960000038146973,13.50008487701416
23-08-2010,14.640000343322754,15.079999923706055,124900,15.130000114440918,14.6899995803833,13.256434440612793
24-08-2010,14.460000038146973,14.460000038146973,109800,15.079999923706055,14.880000114440918,13.427889823913574
25-08-2010,14.770000457763672,14.779999732971191,109100,15.1899995803833,15.130000114440918,13.653493881225586
26-08-2010,14.970000267028809,15.25,85600,15.270000457763672,14.979999542236328,13.518136024475098
27-08-2010,14.869999885559082,15.15999984741211,156600,15.319999694824219,15.279999732971191,13.788858413696289
30-08-2010,14.859999656677246,14.859999656677246,116900,15.260000228881836,14.920000076293945,13.463985443115234
31-08-2010,14.600000381469727,14.859999656677246,232200,15.3100004196167,15.289999961853027,13.797882080078125
01-09-2010,15.0600004196167,15.350000381469727,145600,15.84000015258789,15.819999694824219,14.276159286499023
02-09-2010,15.40999984741211,15.90999984741211,90300,15.90999984741211,15.739999771118164,14.203967094421387
03-09-2010,15.600000381469727,15.850000381469727,147300,15.920000076293945,15.739999771118164,14.203967094421387
07-09-2010,15.270000457763672,15.609999656677246,83900,15.609999656677246,15.380000114440918,13.879097938537598
08-09-2010,15.479999542236328,15.479999542236328,133800,16.0,15.930000305175781,14.375426292419434
09-09-2010,15.829999923706055,16.049999237060547,119200,16.200000762939453,15.9399995803833,14.384448051452637
10-09-2010,15.920000076293945,16.100000381469727,60700,16.299999237060547,16.020000457763672,14.456645011901855
13-09-2010,16.079999923706055,16.260000228881836,198200,16.489999771118164,16.389999389648438,14.790534973144531
14-09-2010,16.290000915527344,16.3700008392334,116300,16.5,16.3700008392334,14.772486686706543
15-09-2010,16.290000915527344,16.290000915527344,93200,16.8700008392334,16.739999771118164,15.106378555297852
16-09-2010,16.3700008392334,16.690000534057617,106200,16.709999084472656,16.649999618530273,15.025162696838379
17-09-2010,16.459999084472656,16.860000610351562,185800,17.040000915527344,16.559999465942383,14.943944931030273
20-09-2010,16.489999771118164,16.56999969482422,135200,17.049999237060547,16.950000762939453,15.295884132385254
21-09-2010,16.690000534057617,16.829999923706055,100000,17.0,16.8799991607666,15.23271656036377
22-09-2010,16.790000915527344,16.829999923706055,65700,17.059999465942383,16.979999542236328,15.322958946228027
23-09-2010,16.170000076293945,16.809999465942383,90100,17.020000457763672,16.200000762939453,14.619078636169434
24-09-2010,16.459999084472656,16.459999084472656,121400,17.270000457763672,17.270000457763672,15.584659576416016
27-09-2010,17.239999771118164,17.31999969482422,103100,17.690000534057617,17.299999237060547,15.611727714538574
28-09-2010,16.850000381469727,17.40999984741211,103800,17.6200008392334,17.229999542236328,15.548563003540039
29-09-2010,16.950000762939453,17.18000030517578,174400,17.25,17.0,15.341009140014648
30-09-2010,16.920000076293945,17.209999084472656,175700,17.3799991607666,16.979999542236328,15.322958946228027
01-10-2010,16.889999389648438,17.190000534057617,132500,17.219999313354492,16.93000030517578,15.277830123901367
04-10-2010,16.770000457763672,16.860000610351562,158600,17.079999923706055,17.049999237060547,15.386126518249512
05-10-2010,16.989999771118164,17.25,173600,17.5,17.3799991607666,15.683924674987793
06-10-2010,16.6299991607666,17.3799991607666,212100,17.479999542236328,17.260000228881836,15.575634002685547
07-10-2010,17.200000762939453,17.420000076293945,118300,17.579999923706055,17.399999618530273,15.701973915100098
08-10-2010,17.329999923706055,17.389999389648438,109300,17.729999542236328,17.670000076293945,15.945626258850098
11-10-2010,17.479999542236328,17.65999984741211,97800,17.780000686645508,17.5,15.792211532592773
12-10-2010,17.100000381469727,17.420000076293945,99700,17.530000686645508,17.450000762939453,15.747088432312012
13-10-2010,17.280000686645508,17.5,114100,17.600000381469727,17.420000076293945,15.72002124786377
14-10-2010,16.940000534057617,17.3700008392334,207000,17.649999618530273,17.290000915527344,15.602710723876953
15-10-2010,16.860000610351562,17.5,401000,17.520000457763672,17.420000076293945,15.72002124786377
18-10-2010,17.450000762939453,17.450000762939453,297900,18.040000915527344,17.770000457763672,16.035860061645508
19-10-2010,17.100000381469727,17.5,125000,17.770000457763672,17.350000381469727,15.656851768493652
20-10-2010,17.40999984741211,17.40999984741211,92300,17.899999618530273,17.75,16.017805099487305
21-10-2010,17.68000030517578,17.889999389648438,127600,18.049999237060547,17.989999771118164,16.234394073486328
22-10-2010,18.010000228881836,18.049999237060547,79100,18.18000030517578,18.079999923706055,16.31560707092285
25-10-2010,18.219999313354492,18.219999313354492,68000,18.579999923706055,18.3799991607666,16.58633041381836
26-10-2010,18.1299991607666,18.229999542236328,162100,18.6299991607666,18.309999465942383,16.523160934448242
27-10-2010,18.25,18.25,256500,18.540000915527344,18.5,16.694629669189453
28-10-2010,18.209999084472656,18.549999237060547,218900,18.639999389648438,18.280000686645508,16.496095657348633
29-10-2010,18.059999465942383,18.15999984741211,110400,18.450000762939453,18.170000076293945,16.396831512451172
01-11-2010,18.09000015258789,18.09000015258789,135200,18.389999389648438,18.209999084472656,16.432924270629883
02-11-2010,18.399999618530273,18.440000534057617,92200,18.709999084472656,18.5,16.694629669189453
03-11-2010,18.200000762939453,18.540000915527344,103300,18.549999237060547,18.450000762939453,16.649503707885742
04-11-2010,18.600000381469727,18.75,150900,19.43000030517578,18.790000915527344,16.956331253051758
05-11-2010,18.3700008392334,18.780000686645508,144700,19.0,18.479999542236328,16.738941192626953
08-11-2010,18.15999984741211,18.350000381469727,166000,19.520000457763672,18.549999237060547,16.802337646484375
09-11-2010,18.239999771118164,18.239999771118164,118100,18.729999542236328,18.459999084472656,16.720823287963867
10-11-2010,18.40999984741211,18.510000228881836,117500,18.829999923706055,18.670000076293945,16.911029815673828
11-11-2010,18.260000228881836,18.43000030517578,92100,18.6299991607666,18.520000457763672,16.775171279907227
12-11-2010,18.290000915527344,18.309999465942383,191300,18.559999465942383,18.459999084472656,16.720823287963867
15-11-2010,18.270000457763672,18.540000915527344,104600,18.549999237060547,18.5,16.757057189941406
16-11-2010,18.200000762939453,18.31999969482422,125700,18.5,18.280000686645508,16.557781219482422
17-11-2010,18.260000228881836,18.350000381469727,87200,18.469999313354492,18.3799991607666,16.648351669311523
18-11-2010,18.459999084472656,18.600000381469727,59700,18.700000762939453,18.56999969482422,16.820449829101562
19-11-2010,18.420000076293945,18.600000381469727,202900,19.040000915527344,18.959999084472656,17.1737117767334
22-11-2010,18.75,18.889999389648438,153600,19.1200008392334,18.8700008392334,17.092195510864258
23-11-2010,16.700000762939453,18.6200008392334,202800,18.860000610351562,18.280000686645508,16.557781219482422
24-11-2010,18.290000915527344,18.389999389648438,93800,18.84000015258789,18.770000457763672,17.00161361694336
26-11-2010,18.540000915527344,18.59000015258789,14100,18.780000686645508,18.739999771118164,16.974437713623047
29-11-2010,18.389999389648438,18.610000610351562,72400,19.030000686645508,18.979999542236328,17.191831588745117
30-11-2010,18.100000381469727,18.760000228881836,320000,18.760000228881836,18.190000534057617,16.476253509521484
01-12-2010,18.229999542236328,18.520000457763672,112100,18.549999237060547,18.3799991607666,16.648351669311523
02-12-2010,18.3799991607666,18.3799991607666,177300,18.8799991607666,18.860000610351562,17.083131790161133
03-12-2010,18.350000381469727,18.780000686645508,273200,18.829999923706055,18.760000228881836,16.992551803588867
06-12-2010,18.440000534057617,18.670000076293945,106500,18.75,18.700000762939453,16.938209533691406
07-12-2010,18.860000610351562,18.90999984741211,62200,19.18000030517578,19.059999465942383,17.2642879486084
08-12-2010,18.639999389648438,19.170000076293945,123200,19.219999313354492,18.799999237060547,17.028789520263672
09-12-2010,18.450000762939453,18.860000610351562,97400,18.860000610351562,18.739999771118164,16.974437713623047
10-12-2010,18.43000030517578,18.81999969482422,54600,18.90999984741211,18.829999923706055,17.055965423583984
13-12-2010,18.540000915527344,18.860000610351562,49800,18.969999313354492,18.700000762939453,16.938209533691406
14-12-2010,18.690000534057617,18.809999465942383,124200,19.06999969482422,19.020000457763672,17.228059768676758
15-12-2010,18.979999542236328,19.049999237060547,110500,19.299999237060547,19.0,17.209949493408203
16-12-2010,18.829999923706055,18.959999084472656,243300,19.43000030517578,19.3700008392334,17.545085906982422
17-12-2010,19.200000762939453,19.280000686645508,205600,19.670000076293945,19.600000381469727,17.753416061401367
20-12-2010,19.5,19.520000457763672,156400,20.0,19.850000381469727,17.9798641204834
21-12-2010,19.93000030517578,19.989999771118164,214400,20.690000534057617,20.6299991607666,18.68638038635254
22-12-2010,20.3700008392334,20.989999771118164,125700,20.989999771118164,20.510000228881836,18.57767677307129
23-12-2010,20.229999542236328,20.40999984741211,63400,20.770000457763672,20.389999389648438,18.468990325927734
27-12-2010,20.149999618530273,20.170000076293945,47000,20.829999923706055,20.6299991607666,18.68638038635254
28-12-2010,20.389999389648438,20.700000762939453,55000,21.06999969482422,20.860000610351562,18.89471435546875
29-12-2010,20.649999618530273,20.950000762939453,49200,21.040000915527344,20.93000030517578,18.95810890197754
30-12-2010,20.59000015258789,20.860000610351562,55300,20.940000534057617,20.770000457763672,18.81319236755371
31-12-2010,20.559999465942383,20.75,222400,21.34000015258789,20.809999465942383,18.84941291809082
03-01-2011,20.3700008392334,21.049999237060547,80500,21.09000015258789,20.479999542236328,18.550518035888672
04-01-2011,19.760000228881836,20.59000015258789,73500,20.670000076293945,19.780000686645508,17.916458129882812
05-01-2011,19.540000915527344,19.770000457763672,101000,19.889999389648438,19.84000015258789,17.970802307128906
06-01-2011,19.649999618530273,19.799999237060547,146700,20.450000762939453,20.3700008392334,18.45087242126465
07-01-2011,20.020000457763672,20.459999084472656,150500,20.459999084472656,20.239999771118164,18.33312225341797
10-01-2011,19.93000030517578,20.100000381469727,91800,20.719999313354492,20.690000534057617,18.740720748901367
11-01-2011,20.520000457763672,20.760000228881836,84500,20.770000457763672,20.68000030517578,18.73166275024414
12-01-2011,20.760000228881836,20.8799991607666,55600,21.1200008392334,21.110000610351562,19.12116241455078
13-01-2011,20.969999313354492,21.139999389648438,50800,21.209999084472656,21.170000076293945,19.175500869750977
14-01-2011,21.15999984741211,21.190000534057617,136600,21.610000610351562,21.59000015258789,19.55593490600586
18-01-2011,21.350000381469727,21.670000076293945,97100,21.8799991607666,21.84000015258789,19.782379150390625
19-01-2011,21.5,21.809999465942383,120700,21.84000015258789,21.559999465942383,19.528757095336914
20-01-2011,20.329999923706055,21.459999084472656,73200,21.489999771118164,20.34000015258789,18.423704147338867
21-01-2011,20.059999465942383,20.469999313354492,60800,20.549999237060547,20.110000610351562,18.215368270874023
24-01-2011,19.90999984741211,20.079999923706055,57400,20.389999389648438,20.25,18.342174530029297
25-01-2011,19.790000915527344,20.110000610351562,174700,20.559999465942383,20.549999237060547,18.613914489746094
26-01-2011,20.520000457763672,20.6299991607666,106300,21.360000610351562,21.100000381469727,19.112102508544922
27-01-2011,20.799999237060547,21.1200008392334,58200,21.200000762939453,20.93000030517578,18.95810890197754
28-01-2011,20.18000030517578,20.989999771118164,121900,21.0,20.350000381469727,18.432758331298828
31-01-2011,19.899999618530273,20.5,177300,20.5,20.1299991607666,18.233474731445312
01-02-2011,20.15999984741211,20.229999542236328,110400,21.06999969482422,20.520000457763672,18.58673667907715
02-02-2011,20.239999771118164,20.579999923706055,250600,21.149999618530273,21.09000015258789,19.103038787841797
03-02-2011,20.860000610351562,21.149999618530273,122400,21.260000228881836,20.93000030517578,18.95810890197754
04-02-2011,20.6299991607666,20.899999618530273,52700,21.010000228881836,20.719999313354492,18.767898559570312
07-02-2011,20.110000610351562,20.360000610351562,162400,21.110000610351562,21.0,19.021520614624023
08-02-2011,20.399999618530273,20.889999389648438,78800,21.030000686645508,20.8700008392334,18.903762817382812
09-02-2011,20.600000381469727,20.8700008392334,186800,21.110000610351562,21.049999237060547,19.06680679321289
10-02-2011,20.899999618530273,20.899999618530273,118800,21.229999542236328,21.200000762939453,19.20267105102539
11-02-2011,20.889999389648438,21.06999969482422,72500,21.59000015258789,21.510000228881836,19.483469009399414
14-02-2011,21.399999618530273,21.399999618530273,50200,21.75,21.65999984741211,19.7017765045166
15-02-2011,20.780000686645508,21.59000015258789,155900,21.65999984741211,20.979999542236328,19.083253860473633
16-02-2011,20.979999542236328,21.06999969482422,59600,21.469999313354492,21.219999313354492,19.301549911499023
17-02-2011,21.15999984741211,21.15999984741211,255800,22.0,21.399999618530273,19.46527671813965
18-02-2011,21.149999618530273,21.549999237060547,133300,21.639999389648438,21.440000534057617,19.501659393310547
22-02-2011,20.950000762939453,21.200000762939453,126000,21.43000030517578,21.0,19.101436614990234
23-02-2011,20.530000686645508,20.989999771118164,85600,21.1200008392334,20.989999771118164,19.092342376708984
24-02-2011,20.93000030517578,21.0,158900,21.459999084472656,21.09000015258789,19.183300018310547
25-02-2011,21.0,21.079999923706055,209400,21.56999969482422,21.399999618530273,19.46527671813965
28-02-2011,21.190000534057617,21.600000381469727,281200,21.649999618530273,21.389999389648438,19.456180572509766
01-03-2011,21.229999542236328,21.459999084472656,306200,21.530000686645508,21.350000381469727,19.4197940826416
02-03-2011,21.239999771118164,21.290000915527344,135600,21.479999542236328,21.280000686645508,19.356128692626953
03-03-2011,21.139999389648438,21.520000457763672,198800,22.110000610351562,22.09000015258789,20.0928955078125
04-03-2011,21.799999237060547,22.149999618530273,64100,22.149999618530273,22.040000915527344,20.047422409057617
07-03-2011,21.850000381469727,22.1200008392334,83700,22.229999542236328,22.010000228881836,20.020124435424805
08-03-2011,21.6299991607666,22.059999465942383,111800,22.440000534057617,22.25,20.238426208496094
09-03-2011,21.889999389648438,22.239999771118164,37500,22.360000610351562,21.979999542236328,19.992841720581055
10-03-2011,21.389999389648438,21.719999313354492,107900,21.8700008392334,21.389999389648438,19.456180572509766
11-03-2011,20.8799991607666,21.219999313354492,87700,21.3700008392334,21.040000915527344,19.1378231048584
14-03-2011,20.799999237060547,20.93000030517578,72800,21.110000610351562,21.030000686645508,19.12873077392578
15-03-2011,20.760000228881836,20.81999969482422,97700,21.34000015258789,21.31999969482422,19.392505645751953
16-03-2011,20.81999969482422,21.219999313354492,89400,21.219999313354492,20.969999313354492,19.07415199279785
17-03-2011,20.969999313354492,21.239999771118164,64300,21.239999771118164,21.040000915527344,19.1378231048584
18-03-2011,21.1299991607666,21.170000076293945,534700,22.049999237060547,22.010000228881836,20.020124435424805
21-03-2011,22.200000762939453,22.200000762939453,183600,22.479999542236328,22.479999542236328,20.447635650634766
22-03-2011,22.15999984741211,22.489999771118164,78400,22.489999771118164,22.170000076293945,20.16566276550293
23-03-2011,21.8700008392334,22.09000015258789,93600,22.479999542236328,22.399999618530273,20.3748722076416
24-03-2011,22.229999542236328,22.420000076293945,113600,22.93000030517578,22.809999465942383,20.747804641723633
25-03-2011,22.760000228881836,22.950000762939453,102300,23.18000030517578,23.040000915527344,20.957008361816406
28-03-2011,22.989999771118164,23.170000076293945,51000,23.18000030517578,23.149999618530273,21.057064056396484
29-03-2011,22.989999771118164,23.030000686645508,57800,23.149999618530273,23.110000610351562,21.02067756652832
30-03-2011,23.010000228881836,23.1200008392334,57200,23.690000534057617,23.6299991607666,21.49365997314453
31-03-2011,23.649999618530273,23.649999618530273,95500,24.399999618530273,24.190000534057617,22.003042221069336
01-04-2011,24.079999923706055,24.450000762939453,205200,25.260000228881836,24.81999969482422,22.576082229614258
04-04-2011,24.829999923706055,24.950000762939453,288400,25.520000457763672,24.959999084472656,22.70342254638672
05-04-2011,24.84000015258789,24.969999313354492,161200,25.18000030517578,24.969999313354492,22.71251678466797
06-04-2011,25.049999237060547,25.149999618530273,76900,25.3799991607666,25.170000076293945,22.894445419311523
07-04-2011,24.850000381469727,25.139999389648438,57600,25.34000015258789,25.219999313354492,22.93992042541504
08-04-2011,24.93000030517578,25.40999984741211,86300,25.40999984741211,24.989999771118164,22.730710983276367
11-04-2011,24.760000228881836,25.0,78800,25.06999969482422,24.8799991607666,22.630664825439453
12-04-2011,24.020000457763672,24.350000381469727,159600,24.6200008392334,24.219999313354492,22.03033447265625
13-04-2011,23.8799991607666,24.299999237060547,100500,24.520000457763672,24.059999465942383,21.884798049926758
14-04-2011,24.049999237060547,24.049999237060547,78600,24.350000381469727,24.219999313354492,22.03033447265625
15-04-2011,24.1200008392334,24.1200008392334,91700,24.93000030517578,24.850000381469727,22.603374481201172
18-04-2011,24.440000534057617,24.6299991607666,73900,24.920000076293945,24.639999389648438,22.412355422973633
19-04-2011,24.260000228881836,24.790000915527344,80600,24.809999465942383,24.329999923706055,22.130380630493164
20-04-2011,23.90999984741211,24.479999542236328,90000,24.6200008392334,24.139999389648438,21.957557678222656
21-04-2011,24.049999237060547,24.229999542236328,80300,24.280000686645508,24.270000457763672,22.075809478759766
25-04-2011,23.8700008392334,24.190000534057617,124000,24.280000686645508,24.149999618530273,21.966663360595703
26-04-2011,24.09000015258789,24.190000534057617,160000,24.450000762939453,24.420000076293945,22.21224594116211
27-04-2011,23.700000762939453,24.299999237060547,142400,24.299999237060547,23.8799991607666,21.721065521240234
28-04-2011,23.889999389648438,23.90999984741211,245200,24.360000610351562,24.360000610351562,22.157669067382812
29-04-2011,24.260000228881836,24.450000762939453,145000,24.5,24.350000381469727,22.148574829101562
02-05-2011,22.350000381469727,23.84000015258789,400500,23.84000015258789,22.670000076293945,20.620460510253906
03-05-2011,21.989999771118164,22.520000457763672,164600,23.049999237060547,22.469999313354492,20.43854331970215
04-05-2011,22.5,22.520000457763672,101000,22.950000762939453,22.510000228881836,20.47492790222168
05-05-2011,21.850000381469727,22.489999771118164,154400,22.489999771118164,22.100000381469727,20.101991653442383
06-05-2011,22.059999465942383,22.40999984741211,63000,22.600000381469727,22.110000610351562,20.111085891723633
09-05-2011,21.459999084472656,22.040000915527344,106200,22.049999237060547,22.010000228881836,20.101951599121094
10-05-2011,21.899999618530273,22.139999389648438,115300,22.350000381469727,22.149999618530273,20.22981834411621
11-05-2011,21.139999389648438,22.110000610351562,119400,22.110000610351562,21.450000762939453,19.59049415588379
12-05-2011,20.90999984741211,21.309999465942383,114300,22.100000381469727,22.09000015258789,20.175016403198242
13-05-2011,21.670000076293945,22.059999465942383,70100,22.059999465942383,21.850000381469727,19.95583152770996
16-05-2011,21.450000762939453,21.690000534057617,109000,22.100000381469727,21.770000457763672,19.88275718688965
17-05-2011,20.639999389648438,21.59000015258789,172400,22.1200008392334,21.0,19.179508209228516
18-05-2011,20.700000762939453,21.010000228881836,77600,21.1200008392334,21.010000228881836,19.188648223876953
19-05-2011,20.790000915527344,21.200000762939453,60800,21.280000686645508,21.219999313354492,19.380441665649414
20-05-2011,20.860000610351562,21.059999465942383,107600,21.639999389648438,21.469999313354492,19.6087646484375
23-05-2011,21.100000381469727,21.139999389648438,124600,22.15999984741211,22.06999969482422,20.156755447387695
24-05-2011,21.760000228881836,22.110000610351562,114000,22.239999771118164,22.09000015258789,20.175016403198242
25-05-2011,21.989999771118164,21.989999771118164,90600,22.610000610351562,22.549999237060547,20.59514617919922
26-05-2011,22.43000030517578,22.43000030517578,90600,22.809999465942383,22.790000915527344,20.814342498779297
27-05-2011,22.649999618530273,22.84000015258789,74600,22.989999771118164,22.84000015258789,20.860004425048828
31-05-2011,22.850000381469727,23.0,1366200,24.0,23.959999084472656,21.88290786743164
01-06-2011,22.889999389648438,23.959999084472656,178800,24.079999923706055,23.100000381469727,21.097457885742188
02-06-2011,22.530000686645508,23.170000076293945,93200,23.31999969482422,22.81999969482422,20.84173011779785
03-06-2011,22.239999771118164,22.489999771118164,97000,22.940000534057617,22.649999618530273,20.686471939086914
06-06-2011,22.280000686645508,22.670000076293945,90000,23.06999969482422,22.360000610351562,20.421613693237305
07-06-2011,22.1200008392334,22.559999465942383,72500,22.700000762939453,22.15999984741211,20.23895263671875
08-06-2011,21.530000686645508,22.1200008392334,100400,22.280000686645508,21.559999465942383,19.690967559814453
09-06-2011,21.709999084472656,21.709999084472656,97200,22.649999618530273,22.530000686645508,20.57688331604004
10-06-2011,21.969999313354492,22.389999389648438,226800,22.700000762939453,22.149999618530273,20.22981834411621
13-06-2011,21.950000762939453,22.270000457763672,148200,22.360000610351562,22.110000610351562,20.19328498840332
14-06-2011,22.1299991607666,22.31999969482422,115400,22.389999389648438,22.260000228881836,20.330280303955078
15-06-2011,21.809999465942383,21.989999771118164,171600,23.110000610351562,22.399999618530273,20.458148956298828
16-06-2011,21.850000381469727,22.389999389648438,160400,23.030000686645508,22.739999771118164,20.7686710357666
17-06-2011,22.510000228881836,22.850000381469727,255300,23.489999771118164,22.540000915527344,20.58601188659668
20-06-2011,22.43000030517578,22.489999771118164,110000,23.100000381469727,22.899999618530273,20.9148006439209
21-06-2011,23.0,23.110000610351562,184800,23.729999542236328,23.6299991607666,21.581510543823242
22-06-2011,23.459999084472656,23.459999084472656,237300,24.09000015258789,23.940000534057617,21.864646911621094
23-06-2011,23.1299991607666,23.579999923706055,224000,24.139999389648438,24.059999465942383,21.974245071411133
24-06-2011,23.600000381469727,24.139999389648438,508600,24.190000534057617,24.040000915527344,21.955976486206055
27-06-2011,23.8700008392334,24.0,243100,24.610000610351562,24.59000015258789,22.458297729492188
28-06-2011,24.540000915527344,24.639999389648438,141200,25.139999389648438,25.040000915527344,22.869287490844727
29-06-2011,24.670000076293945,25.15999984741211,186300,25.15999984741211,24.989999771118164,22.8236141204834
30-06-2011,24.850000381469727,25.079999923706055,66000,25.329999923706055,25.059999465942383,22.887550354003906
01-07-2011,25.09000015258789,25.100000381469727,87400,25.3799991607666,25.239999771118164,23.05194091796875
05-07-2011,25.260000228881836,25.299999237060547,140700,25.6200008392334,25.610000610351562,23.38987159729004
06-07-2011,25.56999969482422,25.59000015258789,107900,25.850000381469727,25.700000762939453,23.472070693969727
07-07-2011,25.84000015258789,25.959999084472656,123900,26.25,26.149999618530273,23.883056640625
08-07-2011,25.639999389648438,25.770000457763672,88100,26.110000610351562,26.030000686645508,23.77346420288086
11-07-2011,25.209999084472656,25.780000686645508,145400,25.969999313354492,25.239999771118164,23.05194091796875
12-07-2011,25.15999984741211,25.190000534057617,71400,25.549999237060547,25.280000686645508,23.08847999572754
13-07-2011,25.469999313354492,25.5,42200,26.0,25.6299991607666,23.408140182495117
14-07-2011,25.1299991607666,25.540000915527344,103800,25.829999923706055,25.459999084472656,23.25287437438965
15-07-2011,25.3799991607666,25.510000228881836,90200,25.950000762939453,25.6299991607666,23.408140182495117
18-07-2011,24.899999618530273,25.5,42800,25.600000381469727,24.90999984741211,22.750551223754883
19-07-2011,24.950000762939453,25.079999923706055,55000,25.809999465942383,25.799999237060547,23.563396453857422
20-07-2011,25.219999313354492,25.799999237060547,69800,26.059999465942383,25.56999969482422,23.353343963623047
21-07-2011,25.479999542236328,25.729999542236328,68800,26.1200008392334,25.860000610351562,23.618202209472656
22-07-2011,25.6299991607666,25.850000381469727,61200,25.850000381469727,25.649999618530273,23.42639923095703
25-07-2011,25.299999237060547,25.5,80500,25.860000610351562,25.510000228881836,23.29854393005371
26-07-2011,24.889999389648438,25.59000015258789,125200,25.59000015258789,24.90999984741211,22.750551223754883
27-07-2011,24.600000381469727,26.149999618530273,163800,26.149999618530273,24.950000762939453,22.78708267211914
28-07-2011,24.889999389648438,24.940000534057617,141100,26.0,25.770000457763672,23.536001205444336
29-07-2011,25.299999237060547,25.530000686645508,301100,26.200000762939453,26.1299991607666,23.864791870117188
01-08-2011,25.75,26.239999771118164,274500,27.0,26.1299991607666,23.864791870117188
02-08-2011,25.899999618530273,25.950000762939453,200000,26.719999313354492,26.25,23.974395751953125
03-08-2011,26.100000381469727,26.329999923706055,205200,27.1299991607666,27.079999923706055,24.732439041137695
04-08-2011,26.5,26.829999923706055,313700,27.209999084472656,26.520000457763672,24.220985412597656
05-08-2011,25.56999969482422,26.75,205100,27.0,25.719999313354492,23.490327835083008
08-08-2011,23.389999389648438,24.940000534057617,359800,26.059999465942383,23.40999984741211,21.380586624145508
09-08-2011,22.75,23.799999237060547,301800,25.229999542236328,24.860000610351562,22.792518615722656
10-08-2011,23.360000610351562,24.270000457763672,176600,24.739999771118164,23.479999542236328,21.527280807495117
11-08-2011,23.549999237060547,23.639999389648438,204900,25.15999984741211,24.65999984741211,22.609148025512695
12-08-2011,23.59000015258789,24.860000610351562,177600,24.860000610351562,24.15999984741211,22.15073585510254
15-08-2011,24.209999084472656,24.31999969482422,102000,24.84000015258789,24.690000534057617,22.63665008544922
16-08-2011,23.739999771118164,24.420000076293945,105400,24.6200008392334,24.049999237060547,22.049880981445312
17-08-2011,26.260000228881836,29.530000686645508,2213700,30.25,27.450000762939453,25.167118072509766
18-08-2011,26.610000610351562,26.75,847000,27.719999313354492,27.350000381469727,25.075437545776367
19-08-2011,26.110000610351562,26.860000610351562,581400,27.600000381469727,26.850000381469727,24.617015838623047
22-08-2011,25.809999465942383,27.420000076293945,547400,27.489999771118164,26.549999237060547,24.34196662902832
23-08-2011,26.399999618530273,26.719999313354492,386500,29.479999542236328,29.43000030517578,26.98246192932129
24-08-2011,28.59000015258789,29.389999389648438,301700,29.639999389648438,29.530000686645508,27.074132919311523
25-08-2011,28.280000686645508,29.799999237060547,236500,29.940000534057617,28.510000228881836,26.138959884643555
26-08-2011,28.059999465942383,28.239999771118164,150900,29.760000228881836,29.68000030517578,27.211658477783203
29-08-2011,29.81999969482422,29.969999313354492,233400,30.84000015258789,30.75,28.192668914794922
30-08-2011,29.639999389648438,30.520000457763672,199000,30.950000762939453,29.979999542236328,27.486713409423828
31-08-2011,29.15999984741211,30.030000686645508,340600,30.280000686645508,29.479999542236328,27.028297424316406
01-09-2011,29.100000381469727,29.510000228881836,200200,30.079999923706055,29.350000381469727,26.909099578857422
02-09-2011,28.760000228881836,28.780000686645508,174100,29.3700008392334,28.920000076293945,26.51486587524414
06-09-2011,27.520000457763672,28.31999969482422,266200,28.780000686645508,28.59000015258789,26.212312698364258
07-09-2011,29.0,29.100000381469727,225300,30.329999923706055,30.239999771118164,27.725088119506836
08-09-2011,30.0,30.020000457763672,176800,30.829999923706055,30.010000228881836,27.514219284057617
09-09-2011,28.350000381469727,29.760000228881836,439700,29.760000228881836,29.399999618530273,26.954944610595703
12-09-2011,28.549999237060547,28.90999984741211,255000,29.729999542236328,29.440000534057617,26.991622924804688
13-09-2011,29.25,29.56999969482422,455600,30.860000610351562,29.3799991607666,26.93660545349121
14-09-2011,28.770000457763672,29.739999771118164,166100,30.190000534057617,29.729999542236328,27.25750160217285
15-09-2011,29.350000381469727,30.059999465942383,162700,30.329999923706055,29.530000686645508,27.074132919311523
16-09-2011,27.049999237060547,28.06999969482422,1006800,28.290000915527344,27.649999618530273,25.350486755371094
19-09-2011,27.09000015258789,27.260000228881836,204100,28.0,27.68000030517578,25.377992630004883
20-09-2011,27.139999389648438,27.959999084472656,207600,28.149999618530273,27.170000076293945,24.910404205322266
21-09-2011,25.700000762939453,27.15999984741211,200700,27.520000457763672,25.809999465942383,23.66350555419922
22-09-2011,24.760000228881836,24.989999771118164,374300,27.350000381469727,26.93000030517578,24.690359115600586
23-09-2011,26.260000228881836,26.920000076293945,185500,27.440000534057617,27.110000610351562,24.855396270751953
26-09-2011,26.450000762939453,27.190000534057617,136800,27.770000457763672,27.760000228881836,25.451332092285156
27-09-2011,27.280000686645508,28.149999618530273,186800,28.729999542236328,27.549999237060547,25.25880241394043
28-09-2011,26.360000610351562,27.610000610351562,127000,27.639999389648438,26.360000610351562,24.167768478393555
29-09-2011,25.959999084472656,26.8700008392334,164900,27.059999465942383,26.549999237060547,24.34196662902832
30-09-2011,25.6299991607666,26.260000228881836,252900,26.5,26.020000457763672,23.85603904724121
03-10-2011,24.520000457763672,26.0,324500,26.479999542236328,24.56999969482422,22.52663230895996
04-10-2011,24.190000534057617,24.469999313354492,487000,26.489999771118164,25.989999771118164,23.828540802001953
05-10-2011,24.600000381469727,26.079999923706055,253000,26.079999923706055,25.489999771118164,23.37012481689453
06-10-2011,25.209999084472656,25.489999771118164,141200,27.040000915527344,26.969999313354492,24.727033615112305
07-10-2011,26.170000076293945,26.969999313354492,173800,26.969999313354492,26.420000076293945,24.2227783203125
10-10-2011,26.75,27.020000457763672,275100,27.209999084472656,27.200000762939453,24.93790626525879
11-10-2011,26.84000015258789,26.959999084472656,128900,27.530000686645508,27.260000228881836,24.992916107177734
12-10-2011,27.100000381469727,27.549999237060547,217400,28.040000915527344,27.31999969482422,25.047922134399414
13-10-2011,26.950000762939453,27.110000610351562,60700,27.700000762939453,27.489999771118164,25.20379066467285
14-10-2011,27.170000076293945,27.709999084472656,79300,28.290000915527344,27.850000381469727,25.533851623535156
17-10-2011,26.170000076293945,27.65999984741211,139900,27.65999984741211,26.299999237060547,24.112756729125977
18-10-2011,25.8700008392334,26.450000762939453,158700,27.31999969482422,27.0,24.754549026489258
19-10-2011,26.09000015258789,27.030000686645508,125500,27.34000015258789,26.110000610351562,23.938562393188477
20-10-2011,25.579999923706055,26.079999923706055,63400,26.520000457763672,26.219999313354492,24.039409637451172
21-10-2011,26.15999984741211,26.670000076293945,125200,27.200000762939453,26.6299991607666,24.415307998657227
24-10-2011,26.549999237060547,26.709999084472656,177200,27.450000762939453,27.360000610351562,25.084606170654297
25-10-2011,26.5,27.229999542236328,150000,27.229999542236328,26.600000381469727,24.38780975341797
26-10-2011,26.520000457763672,27.459999084472656,304700,28.34000015258789,27.610000610351562,25.313812255859375
27-10-2011,27.8700008392334,28.549999237060547,330400,30.280000686645508,30.139999389648438,27.63340950012207
28-10-2011,29.299999237060547,30.06999969482422,327000,30.5,29.84000015258789,27.358348846435547
31-10-2011,29.110000610351562,29.469999313354492,173100,29.790000915527344,29.229999542236328,26.799081802368164
01-11-2011,28.5,28.510000228881836,255600,29.770000457763672,28.889999389648438,26.48736572265625
02-11-2011,27.729999542236328,29.0,553800,29.049999237060547,28.950000762939453,26.542369842529297
03-11-2011,28.959999084472656,29.440000534057617,292000,31.450000762939453,31.010000228881836,28.431049346923828
04-11-2011,28.15999984741211,29.43000030517578,415800,29.610000610351562,28.399999618530273,26.038108825683594
07-11-2011,27.829999923706055,28.649999618530273,143900,28.940000534057617,28.850000381469727,26.450685501098633
08-11-2011,28.469999313354492,28.68000030517578,175400,29.790000915527344,29.709999084472656,27.324405670166016
09-11-2011,27.75,28.90999984741211,146700,29.440000534057617,27.84000015258789,25.60456085205078
10-11-2011,27.420000076293945,28.25,125500,28.25,27.639999389648438,25.420618057250977
11-11-2011,27.84000015258789,28.020000457763672,209100,28.5,28.440000534057617,26.1563777923584
14-11-2011,27.690000534057617,28.100000381469727,97800,28.170000076293945,28.09000015258789,25.83448028564453
15-11-2011,27.8799991607666,27.8799991607666,118800,29.049999237060547,28.809999465942383,26.496671676635742
16-11-2011,27.709999084472656,28.540000915527344,191900,28.579999923706055,27.770000457763672,25.540184020996094
17-11-2011,26.670000076293945,27.799999237060547,190600,27.90999984741211,27.020000457763672,24.850393295288086
18-11-2011,26.950000762939453,27.049999237060547,130600,27.6200008392334,27.520000457763672,25.31024932861328
21-11-2011,26.690000534057617,26.969999313354492,84600,27.149999618530273,26.90999984741211,24.749235153198242
22-11-2011,26.15999984741211,26.959999084472656,103500,27.18000030517578,26.649999618530273,24.51011085510254
23-11-2011,26.350000381469727,26.360000610351562,158900,27.3799991607666,27.09000015258789,24.914777755737305
25-11-2011,26.299999237060547,26.940000534057617,39600,26.940000534057617,26.3700008392334,24.252595901489258
28-11-2011,26.479999542236328,26.969999313354492,152500,27.940000534057617,27.8799991607666,25.641347885131836
29-11-2011,27.299999237060547,27.889999389648438,122000,28.079999923706055,27.850000381469727,25.613758087158203
30-11-2011,28.420000076293945,28.8799991607666,267500,28.950000762939453,28.940000534057617,26.616226196289062
01-12-2011,28.520000457763672,28.790000915527344,130300,29.360000610351562,28.700000762939453,26.395505905151367
02-12-2011,28.790000915527344,29.170000076293945,100900,29.8799991607666,28.8700008392334,26.551851272583008
05-12-2011,27.739999771118164,29.18000030517578,128400,29.18000030517578,28.010000228881836,25.76091194152832
06-12-2011,28.059999465942383,28.059999465942383,259200,29.469999313354492,29.25,26.90134620666504
07-12-2011,28.40999984741211,28.93000030517578,393900,29.229999542236328,28.790000915527344,26.478282928466797
08-12-2011,27.93000030517578,28.56999969482422,175900,28.809999465942383,28.0,25.751708984375
09-12-2011,27.670000076293945,28.190000534057617,199900,28.729999542236328,28.450000762939453,26.165578842163086
12-12-2011,27.739999771118164,28.18000030517578,220300,28.670000076293945,28.600000381469727,26.303537368774414
13-12-2011,27.510000228881836,28.959999084472656,128000,29.190000534057617,27.6299991607666,25.411418914794922
14-12-2011,26.899999618530273,27.350000381469727,184400,27.559999465942383,26.950000762939453,24.78602409362793
15-12-2011,27.09000015258789,27.3700008392334,185100,28.639999389648438,28.260000228881836,25.990835189819336
16-12-2011,28.43000030517578,28.59000015258789,281100,28.93000030517578,28.68000030517578,26.377107620239258
19-12-2011,28.790000915527344,28.829999923706055,211700,29.149999618530273,28.950000762939453,26.62542724609375
20-12-2011,29.549999237060547,29.579999923706055,355300,31.59000015258789,31.15999984741211,28.65797233581543
21-12-2011,28.1299991607666,30.049999237060547,512400,30.209999084472656,29.25,26.90134620666504
22-12-2011,29.0,29.0,145300,30.049999237060547,29.510000228881836,27.140464782714844
23-12-2011,29.3700008392334,29.65999984741211,82700,29.920000076293945,29.469999313354492,27.10367774963379
27-12-2011,29.15999984741211,29.399999618530273,249400,29.739999771118164,29.450000762939453,27.085289001464844
28-12-2011,29.510000228881836,29.510000228881836,290800,30.700000762939453,29.93000030517578,27.526742935180664
29-12-2011,30.110000610351562,30.110000610351562,218300,30.93000030517578,30.209999084472656,27.784259796142578
30-12-2011,30.010000228881836,30.34000015258789,117400,30.530000686645508,30.110000610351562,27.69228744506836
03-01-2012,29.15999984741211,31.0,242400,31.399999618530273,29.260000228881836,26.91053581237793
04-01-2012,28.940000534057617,29.219999313354492,246700,30.020000457763672,30.010000228881836,27.600317001342773
05-01-2012,29.299999237060547,29.8700008392334,221000,31.1200008392334,31.100000381469727,28.60279655456543
06-01-2012,30.709999084472656,31.149999618530273,166400,31.40999984741211,30.8799991607666,28.400463104248047
09-01-2012,31.0,31.149999618530273,261100,31.850000381469727,31.709999084472656,29.16381072998047
10-01-2012,31.739999771118164,32.16999816894531,122400,32.22999954223633,32.15999984741211,29.577686309814453
11-01-2012,30.700000762939453,31.959999084472656,106400,32.0099983215332,30.770000457763672,28.299291610717773
12-01-2012,30.309999465942383,30.729999542236328,90300,31.079999923706055,30.8700008392334,28.391267776489258
13-01-2012,30.270000457763672,30.399999618530273,100700,30.940000534057617,30.639999389648438,28.17972755432129
17-01-2012,30.540000915527344,30.780000686645508,136100,31.270000457763672,30.559999465942383,28.106155395507812
18-01-2012,30.489999771118164,30.520000457763672,91700,31.579999923706055,31.450000762939453,28.924694061279297
19-01-2012,31.350000381469727,31.469999313354492,57500,31.850000381469727,31.709999084472656,29.16381072998047
20-01-2012,31.489999771118164,31.690000534057617,83100,31.770000457763672,31.729999542236328,29.182212829589844
23-01-2012,31.1200008392334,31.65999984741211,57700,31.770000457763672,31.149999618530273,28.648775100708008
24-01-2012,30.610000610351562,30.860000610351562,133100,31.190000534057617,30.969999313354492,28.48323631286621
25-01-2012,30.68000030517578,31.0,146800,31.540000915527344,31.40999984741211,28.887903213500977
26-01-2012,30.8799991607666,31.6299991607666,132200,31.850000381469727,31.0,28.510820388793945
27-01-2012,30.5,30.8799991607666,109800,31.229999542236328,31.139999389648438,28.639583587646484
30-01-2012,30.639999389648438,30.8700008392334,75600,31.260000228881836,30.899999618530273,28.41884994506836
31-01-2012,30.940000534057617,31.15999984741211,107900,31.639999389648438,31.059999465942383,28.566007614135742
01-02-2012,31.31999969482422,31.5,536700,33.81999969482422,33.36000061035156,30.681331634521484
02-02-2012,33.20000076293945,33.58000183105469,308400,34.86000061035156,33.97999954223633,31.25153923034668
03-02-2012,34.20000076293945,34.880001068115234,222500,35.41999816894531,34.349998474121094,31.591840744018555
06-02-2012,32.7400016784668,34.060001373291016,167800,34.130001068115234,32.90999984741211,30.267452239990234
07-02-2012,32.70000076293945,32.939998626708984,89700,33.38999938964844,32.849998474121094,30.212268829345703
08-02-2012,32.279998779296875,32.86000061035156,92700,33.38999938964844,32.400001525878906,29.798416137695312
09-02-2012,31.56999969482422,32.4900016784668,249100,32.650001525878906,32.040000915527344,29.467317581176758
10-02-2012,31.799999237060547,31.799999237060547,230800,32.41999816894531,32.22999954223633,29.642065048217773
13-02-2012,32.5099983215332,32.61000061035156,175500,33.560001373291016,33.25,30.58014678955078
14-02-2012,31.8799991607666,33.08000183105469,90000,33.220001220703125,32.27000045776367,29.777355194091797
15-02-2012,31.670000076293945,32.4900016784668,84000,32.84000015258789,31.860000610351562,29.399036407470703
16-02-2012,31.84000015258789,31.860000610351562,129000,33.25,32.650001525878906,30.128015518188477
17-02-2012,32.029998779296875,32.84000015258789,134600,33.40999984741211,32.31999969482422,29.823495864868164
21-02-2012,31.829999923706055,32.43000030517578,111300,32.43000030517578,32.04999923706055,29.574356079101562
22-02-2012,30.190000534057617,30.65999984741211,412000,31.270000457763672,30.530000686645508,28.17176055908203
23-02-2012,31.469999313354492,31.81999969482422,2899200,34.16999816894531,33.459999084472656,30.875442504882812
24-02-2012,32.540000915527344,33.470001220703125,511900,33.75,33.06999969482422,30.51556968688965
27-02-2012,32.70000076293945,33.0,183500,33.529998779296875,33.45000076293945,30.866209030151367
28-02-2012,33.13999938964844,33.470001220703125,204300,33.81999969482422,33.400001525878906,30.820077896118164
29-02-2012,33.09000015258789,33.56999969482422,272900,33.95000076293945,33.119998931884766,30.56170082092285
01-03-2012,32.72999954223633,33.209999084472656,256600,34.22999954223633,33.83000183105469,31.21685791015625
02-03-2012,33.970001220703125,33.970001220703125,248500,34.90999984741211,34.29999923706055,31.650556564331055
05-03-2012,34.04999923706055,34.290000915527344,609000,34.779998779296875,34.59000015258789,31.91815757751465
06-03-2012,34.08000183105469,34.33000183105469,240200,35.08000183105469,34.79999923706055,32.1119384765625
07-03-2012,34.790000915527344,35.029998779296875,128200,35.189998626708984,34.970001220703125,32.26881790161133
08-03-2012,34.70000076293945,35.029998779296875,250700,35.84000015258789,35.720001220703125,32.96086883544922
09-03-2012,35.41999816894531,35.650001525878906,213200,35.93000030517578,35.86000061035156,33.090057373046875
12-03-2012,35.61000061035156,35.869998931884766,201400,36.0,35.900001525878906,33.12696838378906
13-03-2012,35.93000030517578,36.04999923706055,270700,37.060001373291016,36.95000076293945,34.09586715698242
14-03-2012,35.380001068115234,36.68000030517578,238200,36.849998474121094,35.650001525878906,32.89627456665039
15-03-2012,34.93000030517578,35.790000915527344,339000,35.86000061035156,35.20000076293945,32.48103332519531
16-03-2012,34.93000030517578,35.2400016784668,445700,36.130001068115234,35.939998626708984,33.163875579833984
19-03-2012,35.66999816894531,35.869998931884766,211100,36.68000030517578,36.5,33.68062210083008
20-03-2012,36.0,36.220001220703125,161400,36.5,36.40999984741211,33.59757995605469
21-03-2012,34.900001525878906,36.33000183105469,487600,36.349998474121094,34.91999816894531,32.22267150878906
22-03-2012,34.65999984741211,35.0,416500,37.25,36.31999969482422,33.514530181884766
23-03-2012,36.209999084472656,36.33000183105469,233700,37.119998931884766,37.060001373291016,34.197364807128906
26-03-2012,37.0,37.54999923706055,212600,37.790000915527344,37.529998779296875,34.63105392456055
27-03-2012,37.09000015258789,37.66999816894531,223900,37.810001373291016,37.43000030517578,34.53879165649414
28-03-2012,37.040000915527344,37.58000183105469,277200,37.810001373291016,37.790000915527344,34.8709831237793
29-03-2012,37.0,37.38999938964844,202800,37.61000061035156,37.5,34.603370666503906
30-03-2012,37.2400016784668,37.83000183105469,169100,37.95000076293945,37.290000915527344,34.40959548950195
02-04-2012,36.97999954223633,37.29999923706055,173800,37.72999954223633,37.650001525878906,34.741798400878906
03-04-2012,37.029998779296875,37.599998474121094,232600,37.63999938964844,37.54999923706055,34.64951705932617
04-04-2012,36.869998931884766,37.130001068115234,122200,37.4900016784668,36.97999954223633,34.12354278564453
05-04-2012,36.13999938964844,36.13999938964844,162500,37.5099983215332,37.45000076293945,34.557247161865234
09-04-2012,36.34000015258789,36.54999923706055,104600,36.88999938964844,36.619998931884766,33.79134750366211
10-04-2012,35.91999816894531,36.689998626708984,191100,36.88999938964844,36.209999084472656,33.413021087646484
11-04-2012,36.02000045776367,36.59000015258789,139000,36.630001068115234,36.38999938964844,33.57911682128906
12-04-2012,32.70000076293945,36.13999938964844,1608800,36.43000030517578,35.93000030517578,33.15465545654297
13-04-2012,35.4900016784668,35.93000030517578,282500,36.459999084472656,35.709999084472656,32.9516487121582
16-04-2012,35.970001220703125,35.970001220703125,295900,37.2599983215332,36.77000045776367,33.929771423339844
17-04-2012,36.25,37.0099983215332,198000,37.310001373291016,36.45000076293945,33.63449478149414
18-04-2012,35.9900016784668,36.2599983215332,116300,36.459999084472656,36.119998931884766,33.3299674987793
19-04-2012,35.810001373291016,36.220001220703125,110800,36.779998779296875,36.470001220703125,33.6529426574707
20-04-2012,36.04999923706055,36.959999084472656,150900,36.959999084472656,36.40999984741211,33.59757995605469
23-04-2012,35.16999816894531,35.779998779296875,217000,35.86000061035156,35.75,32.98854064941406
24-04-2012,35.470001220703125,35.65999984741211,136300,36.560001373291016,36.04999923706055,33.26537322998047
25-04-2012,34.9900016784668,36.27000045776367,333800,36.75,35.38999938964844,32.65635681152344
26-04-2012,34.27000045776367,35.189998626708984,263500,35.310001373291016,35.02000045776367,32.314937591552734
27-04-2012,34.5099983215332,34.97999954223633,247000,35.43000030517578,34.75,32.06580352783203
30-04-2012,34.130001068115234,34.630001068115234,251200,34.7400016784668,34.310001373291016,31.659778594970703
01-05-2012,34.310001373291016,34.369998931884766,325900,35.04999923706055,34.439998626708984,31.77973747253418
02-05-2012,33.54999923706055,34.029998779296875,363700,34.11000061035156,33.689998626708984,31.087678909301758
03-05-2012,33.2400016784668,33.650001525878906,301100,33.810001373291016,33.56999969482422,30.976947784423828
04-05-2012,31.450000762939453,33.20000076293945,784700,33.20000076293945,33.119998931884766,30.56170082092285
07-05-2012,32.7599983215332,33.09000015258789,105100,33.290000915527344,32.79999923706055,30.26642608642578
08-05-2012,32.0,32.5099983215332,271600,32.83000183105469,32.43000030517578,30.025691986083984
09-05-2012,32.0,32.09000015258789,284600,32.34000015258789,32.150001525878906,29.76645851135254
10-05-2012,31.690000534057617,32.31999969482422,354000,32.5,32.09000015258789,29.71090316772461
11-05-2012,31.5,31.729999542236328,506200,32.279998779296875,32.08000183105469,29.701644897460938
14-05-2012,31.40999984741211,31.760000228881836,237000,31.969999313354492,31.489999771118164,29.155385971069336
15-05-2012,31.5,31.690000534057617,406900,33.400001525878906,32.38999938964844,29.988662719726562
16-05-2012,32.02000045776367,32.540000915527344,235000,33.20000076293945,32.25,29.859039306640625
17-05-2012,31.860000610351562,32.25,330900,32.529998779296875,32.0,29.627578735351562
18-05-2012,31.469999313354492,31.920000076293945,413700,32.189998626708984,31.989999771118164,29.618316650390625
21-05-2012,31.600000381469727,32.0,262100,32.77000045776367,32.11000061035156,29.72942352294922
22-05-2012,31.690000534057617,32.16999816894531,198700,32.5,31.8700008392334,29.507211685180664
23-05-2012,30.940000534057617,31.6200008392334,533000,32.4900016784668,32.36000061035156,29.96088981628418
24-05-2012,31.219999313354492,32.439998626708984,437500,32.439998626708984,31.829999923706055,29.470172882080078
25-05-2012,31.510000228881836,31.729999542236328,189200,32.290000915527344,32.27000045776367,29.877559661865234
29-05-2012,32.099998474121094,32.400001525878906,131600,32.83000183105469,32.439998626708984,30.03495216369629
30-05-2012,32.0,32.150001525878906,153000,32.45000076293945,32.33000183105469,29.9331111907959
31-05-2012,31.889999389648438,32.5,230700,32.5099983215332,32.290000915527344,29.896072387695312
01-06-2012,30.579999923706055,31.790000915527344,544400,31.81999969482422,30.639999389648438,28.36840057373047
04-06-2012,29.850000381469727,30.68000030517578,280200,30.729999542236328,30.31999969482422,28.07213020324707
05-06-2012,29.899999618530273,30.059999465942383,308300,30.959999084472656,30.360000610351562,28.10916519165039
06-06-2012,30.190000534057617,30.5,240700,31.110000610351562,31.0,28.701709747314453
07-06-2012,30.709999084472656,31.329999923706055,129800,31.639999389648438,30.760000228881836,28.479503631591797
08-06-2012,30.450000762939453,30.719999313354492,126900,31.040000915527344,30.93000030517578,28.636905670166016
11-06-2012,30.110000610351562,31.1200008392334,289900,31.260000228881836,30.1200008392334,27.88695526123047
12-06-2012,29.719999313354492,30.170000076293945,342500,30.3799991607666,30.200000762939453,27.96101951599121
13-06-2012,30.049999237060547,30.06999969482422,195000,30.920000076293945,30.6299991607666,28.359140396118164
14-06-2012,28.93000030517578,30.56999969482422,312000,30.850000381469727,29.0,26.84998893737793
15-06-2012,28.360000610351562,28.969999313354492,291300,29.100000381469727,28.90999984741211,26.76666259765625
18-06-2012,28.299999237060547,28.719999313354492,397700,29.260000228881836,28.40999984741211,26.303728103637695
19-06-2012,28.149999618530273,28.420000076293945,298800,28.610000610351562,28.3700008392334,26.26669692993164
20-06-2012,27.950000762939453,28.280000686645508,164100,28.600000381469727,28.1200008392334,26.035232543945312
21-06-2012,27.040000915527344,28.049999237060547,402000,28.079999923706055,27.139999389648438,25.127885818481445
22-06-2012,27.219999313354492,27.440000534057617,1370400,27.459999084472656,27.329999923706055,25.303804397583008
25-06-2012,26.770000457763672,27.0,220700,27.260000228881836,26.829999923706055,24.84087562561035
26-06-2012,26.84000015258789,26.93000030517578,306700,27.190000534057617,26.920000076293945,24.924203872680664
27-06-2012,26.81999969482422,27.010000228881836,234400,27.219999313354492,26.829999923706055,24.84087562561035
28-06-2012,26.139999389648438,26.75,251500,26.920000076293945,26.219999313354492,24.27610206604004
29-06-2012,26.459999084472656,26.709999084472656,583100,26.989999771118164,26.639999389648438,24.664955139160156
02-07-2012,26.639999389648438,26.829999923706055,441600,27.489999771118164,26.8799991607666,24.887165069580078
03-07-2012,26.799999237060547,26.829999923706055,207800,27.1299991607666,27.100000381469727,25.090858459472656
05-07-2012,26.979999542236328,26.979999542236328,219000,27.56999969482422,27.43000030517578,25.396385192871094
06-07-2012,27.06999969482422,27.06999969482422,163000,27.690000534057617,27.40999984741211,25.377872467041016
09-07-2012,27.270000457763672,27.5,402100,28.200000762939453,28.1200008392334,26.035232543945312
10-07-2012,27.8799991607666,28.360000610351562,255500,28.850000381469727,28.0,25.92412567138672
11-07-2012,27.940000534057617,27.959999084472656,217600,28.329999923706055,28.25,26.15559196472168
12-07-2012,27.920000076293945,28.149999618530273,220000,28.56999969482422,28.520000457763672,26.405580520629883
13-07-2012,28.469999313354492,28.489999771118164,145300,29.3799991607666,29.149999618530273,26.98887062072754
16-07-2012,28.739999771118164,29.110000610351562,84200,29.139999389648438,28.799999237060547,26.664817810058594
17-07-2012,28.540000915527344,28.969999313354492,81900,29.139999389648438,28.8799991607666,26.7388916015625
18-07-2012,28.799999237060547,28.860000610351562,109900,29.360000610351562,29.290000915527344,27.118488311767578
19-07-2012,29.709999084472656,31.18000030517578,383700,31.18000030517578,30.09000015258789,27.859180450439453
20-07-2012,28.770000457763672,29.780000686645508,336500,29.799999237060547,29.209999084472656,27.044416427612305
23-07-2012,28.420000076293945,28.780000686645508,189400,29.1299991607666,28.860000610351562,26.720369338989258
24-07-2012,28.190000534057617,28.860000610351562,177900,28.920000076293945,28.600000381469727,26.47965431213379
25-07-2012,27.790000915527344,29.010000228881836,280800,30.549999237060547,30.350000381469727,28.099905014038086
26-07-2012,30.25,30.790000915527344,427700,31.350000381469727,31.299999237060547,28.979475021362305
27-07-2012,31.170000076293945,31.5,285400,31.610000610351562,31.34000015258789,29.016504287719727
30-07-2012,30.770000457763672,31.260000228881836,296000,31.469999313354492,30.860000610351562,28.572099685668945
31-07-2012,30.190000534057617,30.760000228881836,132000,31.049999237060547,30.219999313354492,27.979543685913086
01-08-2012,30.0,30.25,226600,30.610000610351562,30.0,27.77585220336914
02-08-2012,29.3799991607666,29.8799991607666,156600,30.43000030517578,30.3799991607666,28.127676010131836
03-08-2012,30.530000686645508,30.81999969482422,327000,32.75,32.58000183105469,30.16457748413086
06-08-2012,32.459999084472656,32.560001373291016,322800,33.459999084472656,32.84000015258789,30.40530014038086
07-08-2012,32.439998626708984,32.86000061035156,234800,33.33000183105469,32.77000045776367,30.442453384399414
08-08-2012,32.68000030517578,32.68000030517578,125700,32.959999084472656,32.869998931884766,30.535358428955078
09-08-2012,32.75,32.83000183105469,106100,33.22999954223633,33.0,30.65611457824707
10-08-2012,32.68000030517578,32.97999954223633,186200,33.56999969482422,33.2400016784668,30.87907600402832
13-08-2012,31.06999969482422,33.130001068115234,261400,33.130001068115234,31.770000457763672,29.513490676879883
14-08-2012,31.3799991607666,31.959999084472656,177600,31.969999313354492,31.479999542236328,29.24408531188965
15-08-2012,31.530000686645508,31.56999969482422,187400,31.84000015258789,31.739999771118164,29.485620498657227
16-08-2012,31.559999465942383,31.729999542236328,258400,33.08000183105469,32.93000030517578,30.591093063354492
17-08-2012,32.47999954223633,32.84000015258789,135100,33.25,32.619998931884766,30.303112030029297
20-08-2012,32.18000030517578,32.599998474121094,164900,32.70000076293945,32.310001373291016,30.01512908935547
21-08-2012,31.709999084472656,32.31999969482422,293600,32.529998779296875,32.310001373291016,30.01512908935547
22-08-2012,31.950000762939453,32.220001220703125,136500,32.70000076293945,32.349998474121094,30.052288055419922
23-08-2012,31.510000228881836,32.310001373291016,176500,32.310001373291016,31.690000534057617,29.439167022705078
24-08-2012,31.280000686645508,31.549999237060547,156300,31.8700008392334,31.68000030517578,29.42987632751465
27-08-2012,31.6200008392334,31.780000686645508,109900,32.040000915527344,31.979999542236328,29.70857048034668
28-08-2012,31.770000457763672,31.920000076293945,161700,32.939998626708984,32.349998474121094,30.052288055419922
29-08-2012,32.2400016784668,32.310001373291016,149000,32.720001220703125,32.68000030517578,30.358854293823242
30-08-2012,32.290000915527344,32.400001525878906,170800,32.66999816894531,32.40999984741211,30.1080379486084
31-08-2012,32.36000061035156,32.630001068115234,117300,32.91999816894531,32.56999969482422,30.256668090820312
04-09-2012,32.43000030517578,32.529998779296875,185400,33.790000915527344,33.630001068115234,31.241378784179688
05-09-2012,33.459999084472656,33.5099983215332,242400,34.29999923706055,34.0,31.585102081298828
06-09-2012,29.899999618530273,31.260000228881836,1060000,31.260000228881836,30.399999618530273,28.24078941345215
07-09-2012,28.40999984741211,30.479999542236328,615800,30.600000381469727,28.889999389648438,26.838045120239258
10-09-2012,28.690000534057617,28.690000534057617,246600,29.579999923706055,29.18000030517578,27.107450485229492
11-09-2012,29.040000915527344,29.09000015258789,279800,30.110000610351562,29.809999465942383,27.69270133972168
12-09-2012,29.200000762939453,29.93000030517578,207700,30.260000228881836,30.020000457763672,27.887781143188477
13-09-2012,29.959999084472656,30.079999923706055,258900,30.68000030517578,30.15999984741211,28.017839431762695
14-09-2012,30.040000915527344,30.350000381469727,168100,30.65999984741211,30.559999465942383,28.389427185058594
17-09-2012,30.329999923706055,30.43000030517578,85900,30.639999389648438,30.549999237060547,28.38014030456543
18-09-2012,30.0,30.610000610351562,139800,30.68000030517578,30.6200008392334,28.445165634155273
19-09-2012,30.329999923706055,30.6200008392334,318300,31.610000610351562,31.329999923706055,29.104738235473633
20-09-2012,30.75,31.25,347800,31.31999969482422,30.979999542236328,28.779598236083984
21-09-2012,30.520000457763672,31.43000030517578,296500,31.43000030517578,30.860000610351562,28.668123245239258
24-09-2012,30.350000381469727,30.799999237060547,114300,31.100000381469727,30.889999389648438,28.69598960876465
25-09-2012,32.13999938964844,32.59000015258789,739500,32.900001525878906,32.380001068115234,30.080163955688477
26-09-2012,30.239999771118164,31.229999542236328,1109000,31.959999084472656,30.5,28.333690643310547
27-09-2012,30.6299991607666,30.700000762939453,369400,31.8799991607666,31.579999923706055,29.33698081970215
28-09-2012,31.1200008392334,31.360000610351562,3936600,31.889999389648438,31.610000610351562,29.36484718322754
01-10-2012,30.510000228881836,31.709999084472656,747600,32.13999938964844,31.360000610351562,29.13260841369629
02-10-2012,31.479999542236328,31.559999465942383,266900,32.16999816894531,31.770000457763672,29.513490676879883
03-10-2012,30.81999969482422,31.899999618530273,224900,31.979999542236328,31.290000915527344,29.067577362060547
04-10-2012,31.010000228881836,31.40999984741211,247900,31.65999984741211,31.6200008392334,29.374143600463867
05-10-2012,31.3700008392334,31.440000534057617,227000,31.940000534057617,31.790000915527344,29.53207015991211
08-10-2012,31.31999969482422,31.6299991607666,106400,31.770000457763672,31.68000030517578,29.42987632751465
09-10-2012,31.040000915527344,31.739999771118164,286700,31.739999771118164,31.219999313354492,29.00255012512207
10-10-2012,31.139999389648438,31.299999237060547,88500,31.68000030517578,31.40999984741211,29.17905616760254
11-10-2012,31.280000686645508,31.6299991607666,72800,31.790000915527344,31.59000015258789,29.34627342224121
12-10-2012,31.010000228881836,31.510000228881836,78300,31.6299991607666,31.190000534057617,28.974679946899414
15-10-2012,31.020000457763672,31.239999771118164,82900,31.639999389648438,31.639999389648438,29.392719268798828
16-10-2012,31.450000762939453,31.780000686645508,187500,32.220001220703125,32.0,29.727155685424805
17-10-2012,31.68000030517578,32.04999923706055,99800,32.25,31.889999389648438,29.62496566772461
18-10-2012,31.3700008392334,31.809999465942383,109300,31.84000015258789,31.559999465942383,29.318401336669922
19-10-2012,30.549999237060547,31.450000762939453,151500,31.450000762939453,30.899999618530273,28.705280303955078
22-10-2012,30.3799991607666,30.850000381469727,162700,31.200000762939453,31.15999984741211,28.946813583374023
23-10-2012,30.280000686645508,30.920000076293945,141900,31.110000610351562,31.059999465942383,28.853919982910156
24-10-2012,30.299999237060547,31.270000457763672,95300,31.270000457763672,30.809999465942383,28.621673583984375
25-10-2012,30.610000610351562,31.1299991607666,118500,31.1299991607666,30.770000457763672,28.58451271057129
26-10-2012,30.670000076293945,30.860000610351562,166200,31.100000381469727,31.0,28.798173904418945
31-10-2012,30.84000015258789,31.0,208500,31.6200008392334,31.239999771118164,29.02113151550293
01-11-2012,30.799999237060547,31.100000381469727,231000,31.8799991607666,31.520000457763672,29.281248092651367
02-11-2012,31.020000457763672,31.520000457763672,292900,31.700000762939453,31.030000686645508,28.826045989990234
05-11-2012,30.850000381469727,30.979999542236328,160700,31.399999618530273,31.229999542236328,29.011837005615234
06-11-2012,31.1200008392334,31.149999618530273,265600,31.75,31.59000015258789,29.34627342224121
07-11-2012,30.799999237060547,31.110000610351562,312500,31.700000762939453,30.950000762939453,28.852191925048828
08-11-2012,30.5,30.81999969482422,200400,31.0,30.770000457763672,28.68439292907715
09-11-2012,30.170000076293945,30.59000015258789,168800,30.90999984741211,30.209999084472656,28.1623477935791
12-11-2012,27.899999618530273,30.31999969482422,74000,30.420000076293945,29.969999313354492,27.938617706298828
13-11-2012,29.760000228881836,29.760000228881836,121100,30.260000228881836,29.959999084472656,27.929298400878906
14-11-2012,28.899999618530273,30.059999465942383,139100,30.170000076293945,29.0,27.034366607666016
15-11-2012,28.770000457763672,28.920000076293945,140000,29.530000686645508,29.0,27.034366607666016
16-11-2012,28.850000381469727,28.940000534057617,198400,29.719999313354492,29.520000457763672,27.51912498474121
19-11-2012,29.579999923706055,29.81999969482422,167600,30.190000534057617,29.959999084472656,27.929298400878906
20-11-2012,29.440000534057617,29.8700008392334,84700,29.920000076293945,29.729999542236328,27.714885711669922
21-11-2012,29.489999771118164,29.799999237060547,87500,30.219999313354492,29.989999771118164,27.957263946533203
23-11-2012,29.979999542236328,30.1299991607666,70400,30.350000381469727,30.309999465942383,28.255569458007812
26-11-2012,29.979999542236328,30.329999923706055,126800,30.670000076293945,30.479999542236328,28.414052963256836
27-11-2012,30.149999618530273,30.56999969482422,158200,30.739999771118164,30.34000015258789,28.283540725708008
28-11-2012,29.8799991607666,30.149999618530273,110900,30.610000610351562,30.3799991607666,28.320825576782227
29-11-2012,30.40999984741211,30.5,111100,30.950000762939453,30.700000762939453,28.6191463470459
30-11-2012,30.440000534057617,30.790000915527344,184200,30.920000076293945,30.860000610351562,28.768293380737305
03-12-2012,30.559999465942383,31.059999465942383,140500,31.1299991607666,30.65999984741211,28.581844329833984
04-12-2012,30.309999465942383,30.6200008392334,126300,30.93000030517578,30.6200008392334,28.54456901550293
05-12-2012,30.790000915527344,30.790000915527344,589800,33.06999969482422,32.79999923706055,30.57679557800293
06-12-2012,32.81999969482422,32.81999969482422,180400,33.63999938964844,33.310001373291016,31.052223205566406
07-12-2012,32.31999969482422,33.41999816894531,134600,33.41999816894531,32.47999954223633,30.27849006652832
10-12-2012,31.889999389648438,32.459999084472656,148400,33.33000183105469,32.689998626708984,30.474260330200195
11-12-2012,32.15999984741211,32.88999938964844,136300,32.88999938964844,32.279998779296875,30.092042922973633
12-12-2012,31.3700008392334,31.389999389648438,235200,32.95000076293945,32.22999954223633,30.045434951782227
13-12-2012,32.08000183105469,32.15999984741211,224000,32.619998931884766,32.220001220703125,30.036115646362305
14-12-2012,32.18000030517578,32.18000030517578,274700,33.34000015258789,33.09000015258789,30.84714126586914
17-12-2012,33.130001068115234,33.2599983215332,204900,33.7599983215332,33.529998779296875,31.257328033447266
18-12-2012,33.16999816894531,33.56999969482422,115100,34.09000015258789,34.029998779296875,31.723426818847656
19-12-2012,34.06999969482422,34.06999969482422,211600,35.220001220703125,34.310001373291016,31.984458923339844
20-12-2012,34.150001525878906,34.41999816894531,263400,35.31999969482422,35.029998779296875,32.655643463134766
21-12-2012,34.380001068115234,34.72999954223633,366200,35.06999969482422,34.939998626708984,32.571754455566406
24-12-2012,34.470001220703125,34.97999954223633,32800,34.97999954223633,34.849998474121094,32.487857818603516
26-12-2012,34.68000030517578,34.869998931884766,173900,35.7400016784668,35.279998779296875,32.888702392578125
27-12-2012,34.540000915527344,35.220001220703125,217100,35.290000915527344,34.81999969482422,32.45989227294922
28-12-2012,34.599998474121094,34.599998474121094,180200,36.34000015258789,34.900001525878906,32.53446578979492
31-12-2012,34.66999816894531,35.029998779296875,125800,35.459999084472656,35.29999923706055,32.907344818115234
02-01-2013,35.4900016784668,35.9900016784668,244700,36.279998779296875,36.22999954223633,33.77429962158203
03-01-2013,35.5099983215332,36.400001525878906,258400,36.939998626708984,35.7599983215332,33.33617401123047
04-01-2013,34.900001525878906,36.13999938964844,479500,36.150001525878906,34.959999084472656,32.59041213989258
07-01-2013,34.459999084472656,34.72999954223633,281400,35.33000183105469,35.220001220703125,32.83277893066406
08-01-2013,34.86000061035156,35.310001373291016,226100,35.5,35.33000183105469,32.93531799316406
09-01-2013,34.9900016784668,35.5099983215332,195600,36.099998474121094,35.790000915527344,33.3641242980957
10-01-2013,34.18000030517578,34.79999923706055,289200,35.43000030517578,35.349998474121094,32.95396423339844
11-01-2013,34.459999084472656,35.650001525878906,416200,36.02000045776367,34.790000915527344,32.43191146850586
14-01-2013,34.810001373291016,35.060001373291016,398600,35.54999923706055,35.40999984741211,33.00989532470703
15-01-2013,34.540000915527344,35.2599983215332,312400,36.0,35.97999954223633,33.541259765625
16-01-2013,35.630001068115234,35.810001373291016,91800,36.29999923706055,35.7599983215332,33.33617401123047
17-01-2013,35.529998779296875,35.959999084472656,132900,36.369998931884766,36.33000183105469,33.8675537109375
18-01-2013,35.95000076293945,36.40999984741211,215400,37.2599983215332,37.25,34.72518539428711
22-01-2013,36.63999938964844,37.150001525878906,186900,37.27000045776367,37.099998474121094,34.58534622192383
23-01-2013,36.7400016784668,37.0099983215332,202400,37.290000915527344,37.0,34.492122650146484
24-01-2013,36.939998626708984,37.0,334100,38.18000030517578,37.5,34.958229064941406
25-01-2013,37.29999923706055,37.650001525878906,209900,38.08000183105469,37.689998626708984,35.13536071777344
28-01-2013,37.29999923706055,37.66999816894531,108400,37.86000061035156,37.540000915527344,34.995513916015625
29-01-2013,37.20000076293945,37.5,208600,38.11000061035156,37.9900016784668,35.4150276184082
30-01-2013,35.88999938964844,38.04999923706055,225300,42.7599983215332,37.650001525878906,35.09805679321289
31-01-2013,36.970001220703125,37.5,234100,38.02000045776367,37.810001373291016,35.24721908569336
01-02-2013,37.90999984741211,38.040000915527344,188400,38.65999984741211,38.470001220703125,35.86248779296875
04-02-2013,37.560001373291016,38.0,303200,38.18000030517578,37.7599983215332,35.20060348510742
05-02-2013,37.36000061035156,37.790000915527344,395900,38.16999816894531,37.84000015258789,35.275184631347656
06-02-2013,37.380001068115234,37.58000183105469,156400,38.0,37.93000030517578,35.35909652709961
07-02-2013,37.72999954223633,37.79999923706055,157900,38.220001220703125,37.779998779296875,35.21925354003906
08-02-2013,37.709999084472656,37.709999084472656,113800,38.11000061035156,38.0099983215332,35.43367004394531
11-02-2013,37.29999923706055,37.939998626708984,279500,38.13999938964844,37.79999923706055,35.23789978027344
12-02-2013,37.34000015258789,37.810001373291016,194200,37.970001220703125,37.90999984741211,35.462398529052734
13-02-2013,37.79999923706055,37.880001068115234,346200,39.68000030517578,38.36000061035156,35.883358001708984
14-02-2013,38.400001525878906,38.400001525878906,597200,41.7599983215332,40.2599983215332,37.66067886352539
15-02-2013,40.20000076293945,40.75,829500,41.720001220703125,40.34000015258789,37.73550796508789
19-02-2013,40.720001220703125,40.720001220703125,892000,42.5,41.849998474121094,39.148014068603516
20-02-2013,39.29999923706055,41.900001525878906,541700,41.93000030517578,39.599998474121094,37.04328536987305
21-02-2013,38.790000915527344,39.72999954223633,421600,40.41999816894531,38.93000030517578,36.41655349731445
22-02-2013,38.7400016784668,39.119998931884766,372600,39.599998474121094,38.90999984741211,36.39784240722656
25-02-2013,38.81999969482422,39.15999984741211,457600,39.939998626708984,38.86000061035156,36.35108184814453
26-02-2013,38.9900016784668,38.9900016784668,360500,39.560001373291016,39.220001220703125,36.68782424926758
27-02-2013,38.95000076293945,39.25,491500,39.52000045776367,39.11000061035156,36.58491516113281
28-02-2013,38.9900016784668,39.20000076293945,454800,39.349998474121094,39.060001373291016,36.538150787353516
01-03-2013,38.470001220703125,38.91999816894531,448200,39.31999969482422,39.060001373291016,36.538150787353516
04-03-2013,38.689998626708984,38.90999984741211,286600,39.52000045776367,39.2599983215332,36.725250244140625
05-03-2013,39.41999816894531,39.61000061035156,412900,40.47999954223633,39.97999954223633,37.39876174926758
06-03-2013,39.66999816894531,40.13999938964844,199800,40.41999816894531,39.91999816894531,37.34263229370117
07-03-2013,38.88999938964844,39.849998474121094,282800,39.88999938964844,39.220001220703125,36.68782424926758
08-03-2013,39.41999816894531,39.5099983215332,179200,40.04999923706055,39.900001525878906,37.32392883300781
11-03-2013,39.099998474121094,39.689998626708984,140700,39.939998626708984,39.560001373291016,37.00587463378906
12-03-2013,38.88999938964844,39.45000076293945,225400,39.4900016784668,39.06999969482422,36.547515869140625
13-03-2013,38.470001220703125,39.02000045776367,249300,39.18000030517578,38.900001525878906,36.38847732543945
14-03-2013,37.75,38.90999984741211,362600,39.09000015258789,38.119998931884766,35.65884017944336
15-03-2013,38.040000915527344,38.290000915527344,370900,38.65999984741211,38.290000915527344,35.817874908447266
18-03-2013,37.439998626708984,38.040000915527344,229100,38.25,37.970001220703125,35.51852035522461
19-03-2013,36.79999923706055,38.08000183105469,356900,38.08000183105469,37.189998626708984,34.78889083862305
20-03-2013,37.43000030517578,37.43000030517578,213400,38.36000061035156,38.2400016784668,35.7711067199707
21-03-2013,37.90999984741211,38.0,239300,38.45000076293945,38.189998626708984,35.72433090209961
22-03-2013,37.66999816894531,38.209999084472656,200800,38.279998779296875,38.2599983215332,35.78981018066406
25-03-2013,36.38999938964844,38.2400016784668,285800,38.2400016784668,36.9900016784668,34.601802825927734
26-03-2013,36.81999969482422,37.220001220703125,152300,37.5,37.290000915527344,34.88242721557617
27-03-2013,36.220001220703125,37.060001373291016,206300,37.529998779296875,37.47999954223633,35.06015396118164
28-03-2013,36.939998626708984,37.59000015258789,199800,37.68000030517578,37.29999923706055,34.891780853271484
01-04-2013,36.84000015258789,37.279998779296875,209100,37.5099983215332,37.279998779296875,34.87307357788086
02-04-2013,36.9900016784668,37.349998474121094,306600,37.72999954223633,37.40999984741211,34.994693756103516
03-04-2013,36.75,37.279998779296875,340200,37.65999984741211,37.09000015258789,34.69533157348633
04-04-2013,36.4900016784668,37.04999923706055,199500,37.5,37.5,35.0788688659668
05-04-2013,36.90999984741211,36.90999984741211,248900,37.59000015258789,37.529998779296875,35.10693359375
08-04-2013,37.29999923706055,37.68000030517578,119300,37.90999984741211,37.90999984741211,35.462398529052734
09-04-2013,37.599998474121094,37.84000015258789,150300,38.29999923706055,37.810001373291016,35.36885452270508
10-04-2013,37.59000015258789,37.59000015258789,267700,39.16999816894531,38.88999938964844,36.379119873046875
11-04-2013,38.20000076293945,38.869998931884766,264200,39.130001068115234,38.4900016784668,36.00495529174805
12-04-2013,38.2400016784668,38.279998779296875,147900,38.7599983215332,38.38999938964844,35.911415100097656
15-04-2013,37.630001068115234,39.81999969482422,642200,40.099998474121094,37.79999923706055,35.35951232910156
16-04-2013,38.0,38.11000061035156,326800,39.0,38.61000061035156,36.11721420288086
17-04-2013,38.11000061035156,38.529998779296875,1447400,41.599998474121094,39.029998779296875,36.51008605957031
18-04-2013,38.68000030517578,38.869998931884766,289500,39.31999969482422,39.0,36.48202896118164
19-04-2013,38.91999816894531,38.97999954223633,195000,39.86000061035156,39.619998931884766,37.06199645996094
22-04-2013,38.97999954223633,39.86000061035156,205900,39.9900016784668,39.720001220703125,37.155540466308594
23-04-2013,39.66999816894531,40.0,225600,40.0,39.970001220703125,37.38939666748047
24-04-2013,40.70000076293945,40.70000076293945,710000,42.130001068115234,41.43000030517578,38.75514221191406
25-04-2013,41.540000915527344,41.630001068115234,423400,43.09000015258789,42.5099983215332,39.765403747558594
26-04-2013,42.310001373291016,42.540000915527344,269800,43.08000183105469,43.0,40.22377395629883
29-04-2013,42.06999969482422,43.18000030517578,382600,43.18000030517578,42.25,39.5222053527832
30-04-2013,41.290000915527344,41.97999954223633,391900,42.47999954223633,42.31999969482422,39.587677001953125
01-05-2013,41.61000061035156,42.31999969482422,317500,42.47999954223633,42.040000915527344,39.32576370239258
02-05-2013,41.720001220703125,42.02000045776367,270100,43.040000915527344,43.029998779296875,40.251834869384766
03-05-2013,43.0,43.0,185200,43.72999954223633,43.150001525878906,40.36409378051758
06-05-2013,42.959999084472656,43.2400016784668,108800,43.380001068115234,43.189998626708984,40.40150451660156
07-05-2013,42.9900016784668,43.09000015258789,163500,43.939998626708984,43.599998474121094,40.908164978027344
08-05-2013,43.439998626708984,43.5,217800,43.93000030517578,43.86000061035156,41.152122497558594
09-05-2013,43.61000061035156,43.90999984741211,173700,43.939998626708984,43.779998779296875,41.077056884765625
10-05-2013,43.7400016784668,43.900001525878906,102700,44.2599983215332,43.790000915527344,41.08643341064453
13-05-2013,43.709999084472656,43.75,152600,44.04999923706055,43.97999954223633,41.26471710205078
14-05-2013,43.88999938964844,43.88999938964844,276100,45.779998779296875,45.599998474121094,42.78469467163086
15-05-2013,45.279998779296875,45.41999816894531,226600,46.290000915527344,45.77000045776367,42.9442024230957
16-05-2013,45.15999984741211,45.560001373291016,168400,46.189998626708984,45.41999816894531,42.61579895019531
17-05-2013,45.29999923706055,45.29999923706055,206100,46.11000061035156,46.11000061035156,43.26319885253906
20-05-2013,45.43000030517578,46.0,118500,46.060001373291016,45.95000076293945,43.11308288574219
21-05-2013,44.869998931884766,45.849998474121094,112700,46.02000045776367,45.2599983215332,42.46567916870117
22-05-2013,43.459999084472656,45.25,316200,45.5,43.77000045776367,41.06766891479492
23-05-2013,43.0,43.61000061035156,192400,44.279998779296875,44.0,41.283470153808594
24-05-2013,43.33000183105469,43.93000030517578,81100,44.08000183105469,43.939998626708984,41.2271842956543
28-05-2013,43.65999984741211,44.099998474121094,279700,44.150001525878906,44.0,41.283470153808594
29-05-2013,43.220001220703125,43.869998931884766,107600,43.91999816894531,43.41999816894531,40.739288330078125
30-05-2013,43.439998626708984,43.599998474121094,92900,44.0,43.959999084472656,41.245941162109375
31-05-2013,43.310001373291016,43.77000045776367,124500,43.9900016784668,43.36000061035156,40.682987213134766
03-06-2013,42.529998779296875,43.529998779296875,213800,43.619998931884766,43.540000915527344,40.85187530517578
04-06-2013,42.9900016784668,43.470001220703125,165600,43.790000915527344,43.22999954223633,40.56101989746094
05-06-2013,42.7400016784668,43.33000183105469,138000,43.70000076293945,43.22999954223633,40.56101989746094
06-06-2013,43.33000183105469,43.36000061035156,264600,44.290000915527344,44.22999954223633,41.49925994873047
07-06-2013,43.88999938964844,44.20000076293945,345100,44.77000045776367,44.619998931884766,41.86520004272461
10-06-2013,44.790000915527344,44.86000061035156,184500,46.209999084472656,45.47999954223633,42.67209243774414
11-06-2013,44.65999984741211,45.34000015258789,200100,46.220001220703125,45.54999923706055,42.73777389526367
12-06-2013,45.04999923706055,45.880001068115234,133000,46.130001068115234,45.33000183105469,42.5313720703125
13-06-2013,44.93000030517578,45.33000183105469,144400,47.58000183105469,47.470001220703125,44.53923797607422
14-06-2013,46.5099983215332,47.650001525878906,90500,47.650001525878906,46.529998779296875,43.65727996826172
17-06-2013,46.43000030517578,46.88999938964844,218300,47.2599983215332,46.779998779296875,43.8918342590332
18-06-2013,46.880001068115234,46.959999084472656,154600,48.349998474121094,47.79999923706055,44.8488655090332
19-06-2013,46.93000030517578,47.93000030517578,101300,48.060001373291016,46.939998626708984,44.041961669921875
20-06-2013,45.619998931884766,46.400001525878906,108000,46.810001373291016,45.77000045776367,42.9442024230957
21-06-2013,45.970001220703125,45.970001220703125,284900,47.220001220703125,46.709999084472656,43.82614517211914
24-06-2013,45.29999923706055,46.470001220703125,149500,46.470001220703125,45.90999984741211,43.07554626464844
25-06-2013,45.689998626708984,46.2599983215332,216300,46.880001068115234,46.02000045776367,43.17876052856445
26-06-2013,46.0099983215332,46.400001525878906,192700,46.810001373291016,46.2599983215332,43.40393829345703
27-06-2013,46.31999969482422,46.56999969482422,169900,47.5099983215332,47.290000915527344,44.3703498840332
28-06-2013,46.709999084472656,47.349998474121094,178700,47.400001525878906,46.75,43.86368942260742
01-07-2013,46.81999969482422,47.099998474121094,103600,48.59000015258789,48.040000915527344,45.07405471801758
02-07-2013,46.91999816894531,48.16999816894531,93300,48.61000061035156,47.59000015258789,44.65181350708008
03-07-2013,47.5,47.68000030517578,84200,49.790000915527344,49.650001525878906,46.58463668823242
05-07-2013,49.790000915527344,50.54999923706055,154100,50.68000030517578,50.630001068115234,47.50413513183594
08-07-2013,50.130001068115234,50.630001068115234,178600,50.9900016784668,50.720001220703125,47.58858871459961
09-07-2013,50.43000030517578,51.0,247700,52.189998626708984,52.02000045776367,48.80831527709961
10-07-2013,50.599998474121094,52.119998931884766,141600,52.439998626708984,51.02000045776367,47.870059967041016
11-07-2013,50.70000076293945,51.18000030517578,200800,51.66999816894531,50.9900016784668,47.841915130615234
12-07-2013,50.709999084472656,51.029998779296875,109000,51.220001220703125,50.779998779296875,47.6448860168457
15-07-2013,50.22999954223633,50.91999816894531,124100,51.119998931884766,50.70000076293945,47.56981658935547
16-07-2013,50.11000061035156,50.880001068115234,165500,51.34000015258789,51.0,47.85129928588867
17-07-2013,50.869998931884766,51.31999969482422,90900,51.91999816894531,51.0,47.85129928588867
18-07-2013,51.029998779296875,51.029998779296875,81900,52.099998474121094,51.849998474121094,48.648826599121094
19-07-2013,51.2400016784668,51.86000061035156,114200,52.189998626708984,51.7599983215332,48.564369201660156
22-07-2013,51.91999816894531,51.91999816894531,128100,53.41999816894531,53.310001373291016,50.01868438720703
23-07-2013,51.70000076293945,53.34000015258789,292500,53.5099983215332,52.90999984741211,49.64337158203125
24-07-2013,53.56999969482422,53.56999969482422,247800,56.0,54.040000915527344,50.7036018371582
25-07-2013,53.16999816894531,54.119998931884766,179600,54.220001220703125,53.41999816894531,50.121891021728516
26-07-2013,50.41999816894531,51.5,237700,52.709999084472656,52.459999084472656,49.221160888671875
29-07-2013,52.130001068115234,52.459999084472656,162700,52.83000183105469,52.349998474121094,49.11794662475586
30-07-2013,52.040000915527344,52.369998931884766,189000,52.70000076293945,52.2400016784668,49.014747619628906
31-07-2013,51.61000061035156,52.279998779296875,157900,52.61000061035156,51.70000076293945,48.50809097290039
01-08-2013,52.20000076293945,52.2400016784668,241900,53.2400016784668,53.06999969482422,49.793495178222656
02-08-2013,52.060001373291016,52.7400016784668,203000,53.220001220703125,52.959999084472656,49.690284729003906
05-08-2013,52.75,52.9900016784668,123100,53.52000045776367,52.93000030517578,49.66214370727539
06-08-2013,52.5099983215332,52.790000915527344,198100,53.040000915527344,52.79999923706055,49.662132263183594
07-08-2013,51.75,52.790000915527344,181200,53.029998779296875,52.29999923706055,49.19186019897461
08-08-2013,51.849998474121094,52.540000915527344,166400,53.150001525878906,53.02000045776367,49.86906433105469
09-08-2013,52.79999923706055,52.84000015258789,141000,53.720001220703125,52.939998626708984,49.79381561279297
12-08-2013,52.619998931884766,52.95000076293945,91100,53.90999984741211,53.63999938964844,50.45222473144531
13-08-2013,52.83000183105469,53.63999938964844,75300,54.61000061035156,53.72999954223633,50.536869049072266
14-08-2013,53.72999954223633,53.779998779296875,147600,54.22999954223633,53.790000915527344,50.59330749511719
15-08-2013,51.880001068115234,53.34000015258789,90700,53.45000076293945,51.959999084472656,48.8720588684082
16-08-2013,51.65999984741211,51.65999984741211,64500,52.439998626708984,51.77000045776367,48.693359375
19-08-2013,51.38999938964844,51.93000030517578,77000,52.56999969482422,51.439998626708984,48.38294982910156
20-08-2013,51.279998779296875,51.650001525878906,302400,52.41999816894531,52.34000015258789,49.229488372802734
21-08-2013,51.630001068115234,51.939998626708984,113900,52.779998779296875,52.130001068115234,49.031959533691406
22-08-2013,52.2400016784668,52.2599983215332,67600,53.04999923706055,52.970001220703125,49.822025299072266
23-08-2013,53.029998779296875,53.130001068115234,102800,53.779998779296875,53.38999938964844,50.21707534790039
26-08-2013,52.86000061035156,53.47999954223633,85600,53.90999984741211,52.95000076293945,49.80323028564453
27-08-2013,51.650001525878906,52.16999816894531,118000,53.33000183105469,52.0,48.90968322753906
28-08-2013,51.630001068115234,52.08000183105469,96100,52.720001220703125,51.75,48.67454147338867
29-08-2013,51.63999938964844,51.75,83100,52.15999984741211,51.93000030517578,48.84385299682617
30-08-2013,50.63999938964844,51.79999923706055,101600,51.91999816894531,50.7599983215332,47.74337387084961
03-09-2013,51.22999954223633,51.5,99900,52.90999984741211,52.619998931884766,49.49283218383789
04-09-2013,52.119998931884766,52.77000045776367,178100,54.18000030517578,53.790000915527344,50.59330749511719
05-09-2013,53.540000915527344,53.709999084472656,147400,54.470001220703125,53.79999923706055,50.60270309448242
06-09-2013,52.83000183105469,54.130001068115234,95800,54.4900016784668,53.56999969482422,50.386390686035156
09-09-2013,53.56999969482422,53.779998779296875,68200,54.209999084472656,54.029998779296875,50.81903839111328
10-09-2013,53.810001373291016,54.22999954223633,87100,54.68000030517578,54.61000061035156,51.36457061767578
11-09-2013,54.13999938964844,54.349998474121094,90500,54.59000015258789,54.470001220703125,51.232906341552734
12-09-2013,54.18000030517578,54.619998931884766,109200,54.619998931884766,54.400001525878906,51.16706466674805
13-09-2013,54.689998626708984,54.689998626708984,98800,55.22999954223633,54.86000061035156,51.5997314453125
16-09-2013,55.099998474121094,55.66999816894531,80400,56.45000076293945,55.779998779296875,52.46504592895508
17-09-2013,55.61000061035156,55.7599983215332,89800,56.79999923706055,56.790000915527344,53.41501998901367
18-09-2013,55.72999954223633,56.810001373291016,90000,57.09000015258789,56.61000061035156,53.24571990966797
19-09-2013,56.060001373291016,56.72999954223633,87200,56.88999938964844,56.880001068115234,53.499664306640625
20-09-2013,56.77000045776367,56.91999816894531,312400,59.08000183105469,58.970001220703125,55.4654655456543
23-09-2013,58.439998626708984,59.040000915527344,151600,60.38999938964844,60.06999969482422,56.50009536743164
24-09-2013,59.9900016784668,60.06999969482422,150600,62.15999984741211,61.470001220703125,57.816898345947266
25-09-2013,59.90999984741211,61.68000030517578,198300,62.2599983215332,59.9900016784668,56.42484664916992
26-09-2013,59.58000183105469,60.29999923706055,116200,61.0099983215332,60.529998779296875,56.9327507019043
27-09-2013,59.65999984741211,60.0099983215332,87700,61.060001373291016,60.04999923706055,56.48127746582031
30-09-2013,59.0099983215332,59.310001373291016,142000,60.15999984741211,59.95000076293945,56.38722610473633
01-10-2013,59.900001525878906,60.0,138700,61.75,61.720001220703125,58.05203628540039
02-10-2013,61.0099983215332,61.43000030517578,201500,61.630001068115234,61.34000015258789,57.69462585449219
03-10-2013,60.849998474121094,61.459999084472656,166600,61.70000076293945,61.380001068115234,57.73224639892578
04-10-2013,61.0,61.220001220703125,301100,63.119998931884766,63.0,59.25596237182617
07-10-2013,62.189998626708984,62.58000183105469,126600,63.310001373291016,62.81999969482422,59.08666229248047
08-10-2013,61.63999938964844,62.68000030517578,134100,62.869998931884766,62.02000045776367,58.33422088623047
09-10-2013,62.119998931884766,62.290000915527344,189300,63.15999984741211,62.84000015258789,59.10546875
10-10-2013,63.20000076293945,63.63999938964844,137800,65.22000122070312,64.88999938964844,61.03364562988281
11-10-2013,64.25,64.33999633789062,178400,65.80000305175781,65.47000122070312,61.579166412353516
14-10-2013,65.05000305175781,65.22000122070312,158500,66.58000183105469,65.98999786376953,62.068267822265625
15-10-2013,65.37999725341797,65.93000030517578,177500,66.29000091552734,65.73999786376953,61.83311462402344
16-10-2013,64.7699966430664,66.33000183105469,145700,67.08999633789062,65.0199966430664,61.15591049194336
17-10-2013,64.23999786376953,64.9000015258789,210900,65.31999969482422,65.19999694824219,61.325218200683594
18-10-2013,65.68000030517578,66.4800033569336,170300,66.61000061035156,65.76000213623047,61.85194778442383
21-10-2013,65.30000305175781,66.05000305175781,159500,66.73999786376953,65.66000366210938,61.757896423339844
22-10-2013,65.08999633789062,65.76000213623047,146900,66.0,65.25,61.372249603271484
23-10-2013,64.61000061035156,65.75,257200,67.87000274658203,65.02999877929688,61.165313720703125
24-10-2013,64.58000183105469,65.52999877929688,312500,66.55000305175781,65.63999938964844,61.739051818847656
25-10-2013,65.30999755859375,65.94000244140625,110500,66.16999816894531,65.58999633789062,61.692039489746094
28-10-2013,65.31999969482422,65.58999633789062,120500,66.23999786376953,65.52999877929688,61.6356086730957
29-10-2013,65.41999816894531,65.83999633789062,287100,66.0,65.9000015258789,61.98363494873047
30-10-2013,64.94000244140625,64.94000244140625,152100,66.4000015258789,65.7699966430664,61.86134338378906
31-10-2013,64.16000366210938,65.20999908447266,187800,66.02999877929688,65.2300033569336,61.353431701660156
01-11-2013,64.54000091552734,64.97000122070312,190400,66.06999969482422,65.05000305175781,61.18415451049805
04-11-2013,62.02000045776367,62.02000045776367,165700,65.9000015258789,65.6500015258789,61.74848556518555
05-11-2013,64.83999633789062,65.37999725341797,240000,66.5,65.86000061035156,62.068904876708984
06-11-2013,65.70999908447266,66.33000183105469,111300,66.94999694824219,65.91999816894531,62.12544250488281
07-11-2013,64.7300033569336,66.27999877929688,158600,66.5199966430664,65.47000122070312,61.70134353637695
08-11-2013,65.22000122070312,65.45999908447266,253100,66.31999969482422,65.97000122070312,62.172569274902344
11-11-2013,65.7699966430664,66.05000305175781,257300,66.87000274658203,66.29000091552734,62.47417068481445
12-11-2013,65.83000183105469,66.01000213623047,165700,66.69000244140625,66.30999755859375,62.49299240112305
13-11-2013,65.86000061035156,66.08999633789062,181700,67.69999694824219,67.4000015258789,63.5202522277832
14-11-2013,67.5199966430664,67.55999755859375,139800,68.5199966430664,67.63999938964844,63.7464485168457
15-11-2013,67.5,67.54000091552734,109400,68.26000213623047,68.16000366210938,64.23651885986328
18-11-2013,68.48999786376953,68.62999725341797,222000,69.66999816894531,68.9800033569336,65.0093002319336
19-11-2013,67.44000244140625,68.93000030517578,161500,69.61000061035156,67.68000030517578,63.78413391113281
20-11-2013,67.41000366210938,67.80000305175781,132000,68.80999755859375,68.19999694824219,64.27422332763672
21-11-2013,68.19999694824219,68.72000122070312,229400,70.62000274658203,70.5999984741211,66.53606414794922
22-11-2013,70.05000305175781,70.44999694824219,169400,71.1500015258789,70.3499984741211,66.30043029785156
25-11-2013,67.79000091552734,70.36000061035156,377300,70.8499984741211,68.05000305175781,64.13284301757812
26-11-2013,67.62999725341797,67.93000030517578,241800,68.62999725341797,68.0199966430664,64.10455322265625
27-11-2013,67.66000366210938,68.08000183105469,105500,68.93000030517578,68.6500015258789,64.69830322265625
29-11-2013,68.94999694824219,69.0999984741211,130400,70.44000244140625,70.37000274658203,66.31928253173828
02-12-2013,69.20999908447266,70.52999877929688,216700,71.62000274658203,69.2699966430664,65.2826156616211
03-12-2013,67.3499984741211,68.9800033569336,137900,69.48999786376953,67.70999908447266,63.812435150146484
04-12-2013,62.61000061035156,67.0,455400,67.0,64.91999816894531,61.183013916015625
05-12-2013,63.959999084472656,64.7300033569336,158100,65.44999694824219,64.44999694824219,60.74007034301758
06-12-2013,64.68000030517578,65.29000091552734,207900,67.1500015258789,66.6500015258789,62.81342697143555
09-12-2013,65.66999816894531,66.91000366210938,180000,67.06999969482422,65.7699966430664,61.98408126831055
10-12-2013,64.19000244140625,65.3499984741211,224500,65.73999786376953,64.6500015258789,60.928558349609375
11-12-2013,63.470001220703125,64.56999969482422,170000,64.98999786376953,63.630001068115234,59.967262268066406
12-12-2013,63.540000915527344,63.68000030517578,231100,65.45999908447266,64.95999908447266,61.22071075439453
13-12-2013,64.43000030517578,65.27999877929688,133700,65.79000091552734,64.55999755859375,60.84373092651367
16-12-2013,64.30999755859375,64.7300033569336,138000,65.30999755859375,64.5199966430664,60.80603790283203
17-12-2013,63.47999954223633,64.43000030517578,123400,64.62000274658203,63.91999816894531,60.24057388305664
18-12-2013,62.59000015258789,64.16000366210938,220900,64.27999877929688,64.11000061035156,60.419639587402344
19-12-2013,62.97999954223633,63.65999984741211,126100,64.08999633789062,63.43000030517578,59.77879333496094
20-12-2013,62.79999923706055,63.939998626708984,401100,66.08999633789062,65.7300033569336,61.94639587402344
23-12-2013,65.41999816894531,65.91999816894531,168200,66.70999908447266,66.25,62.43645477294922
24-12-2013,65.33000183105469,66.12000274658203,68800,66.55999755859375,65.58000183105469,61.80501937866211
26-12-2013,65.6500015258789,65.80999755859375,162800,66.91999816894531,66.61000061035156,62.77572250366211
27-12-2013,66.06999969482422,66.88999938964844,149500,66.88999938964844,66.63999938964844,62.804019927978516
30-12-2013,65.0999984741211,66.5,146000,66.5,66.01000213623047,62.210269927978516
31-12-2013,66.18000030517578,66.18000030517578,167200,67.7300033569336,66.93000030517578,63.07731246948242
02-01-2014,65.30999755859375,66.44000244140625,148400,66.7699966430664,65.4000015258789,61.63539123535156
03-01-2014,65.48999786376953,65.48999786376953,135100,67.44000244140625,67.16000366210938,63.29409408569336
06-01-2014,64.88999938964844,67.48999786376953,196100,67.56999969482422,65.11000061035156,61.3620719909668
07-01-2014,65.16999816894531,65.16999816894531,153400,66.25,65.7300033569336,61.94639587402344
08-01-2014,64.26000213623047,65.8499984741211,187300,66.25,64.33000183105469,60.62697219848633
09-01-2014,63.0,64.62000274658203,191500,65.16999816894531,63.40999984741211,59.75992202758789
10-01-2014,62.650001525878906,63.400001525878906,145100,64.01000213623047,63.84000015258789,60.16518783569336
13-01-2014,61.2400016784668,63.900001525878906,169100,64.27999877929688,62.45000076293945,58.855194091796875
14-01-2014,62.45000076293945,62.58000183105469,176900,64.22000122070312,63.4900016784668,59.835330963134766
15-01-2014,62.7400016784668,63.599998474121094,99600,64.13999938964844,63.06999969482422,59.439510345458984
16-01-2014,62.5099983215332,63.08000183105469,108700,63.56999969482422,62.97999954223633,59.354671478271484
17-01-2014,61.709999084472656,63.08000183105469,236900,63.459999084472656,61.91999816894531,58.35569763183594
21-01-2014,62.529998779296875,62.56999969482422,126200,63.75,63.31999969482422,59.67512130737305
22-01-2014,62.56999969482422,63.599998474121094,156900,63.97999954223633,62.810001373291016,59.1944694519043
23-01-2014,60.970001220703125,62.36000061035156,243200,62.7599983215332,62.13999938964844,58.563045501708984
24-01-2014,60.54999923706055,61.56999969482422,181500,62.939998626708984,61.189998626708984,57.667724609375
27-01-2014,59.689998626708984,61.209999084472656,123700,61.869998931884766,59.77000045776367,56.32946014404297
28-01-2014,59.349998474121094,59.68000030517578,221600,61.720001220703125,61.540000915527344,57.997581481933594
29-01-2014,57.95000076293945,60.869998931884766,239400,61.93000030517578,60.2400016784668,56.772396087646484
30-01-2014,60.22999954223633,60.939998626708984,310600,64.51000213623047,63.310001373291016,59.66570281982422
31-01-2014,61.9900016784668,61.9900016784668,283100,64.01000213623047,62.7400016784668,59.128501892089844
03-02-2014,60.22999954223633,62.70000076293945,231200,63.70000076293945,60.63999938964844,57.14938735961914
04-02-2014,60.290000915527344,60.810001373291016,244300,63.130001068115234,61.83000183105469,58.27089309692383
05-02-2014,61.15999984741211,61.459999084472656,339900,62.279998779296875,61.470001220703125,57.931602478027344
06-02-2014,61.040000915527344,61.66999816894531,124000,62.15999984741211,61.150001525878906,57.630027770996094
07-02-2014,60.79999923706055,61.13999938964844,154300,61.900001525878906,61.279998779296875,57.75254440307617
10-02-2014,59.84000015258789,61.2400016784668,309300,61.7400016784668,60.34000015258789,56.866661071777344
11-02-2014,59.310001373291016,60.099998474121094,141200,60.83000183105469,60.40999984741211,57.083980560302734
12-02-2014,59.540000915527344,60.29999923706055,153500,60.79999923706055,59.959999084472656,56.65876388549805
13-02-2014,58.7400016784668,59.290000915527344,177400,60.130001068115234,59.95000076293945,56.64931106567383
14-02-2014,58.779998779296875,59.86000061035156,197000,60.279998779296875,59.709999084472656,56.42253112792969
18-02-2014,59.16999816894531,59.93000030517578,231200,60.56999969482422,60.18000030517578,56.866661071777344
19-02-2014,58.56999969482422,59.810001373291016,199200,60.08000183105469,59.060001373291016,55.80831527709961
20-02-2014,58.15999984741211,59.13999938964844,165300,60.290000915527344,59.70000076293945,56.4130859375
21-02-2014,59.04999923706055,60.0099983215332,175100,60.060001373291016,59.369998931884766,56.10124969482422
24-02-2014,59.029998779296875,59.369998931884766,201600,60.720001220703125,59.75,56.460330963134766
25-02-2014,58.7599983215332,59.7400016784668,147500,60.2400016784668,58.900001525878906,55.657135009765625
26-02-2014,58.70000076293945,59.04999923706055,214100,60.099998474121094,59.220001220703125,55.959503173828125
27-02-2014,57.79999923706055,58.900001525878906,275900,59.459999084472656,59.060001373291016,55.80831527709961
28-02-2014,58.619998931884766,59.130001068115234,262700,60.060001373291016,59.040000915527344,55.789424896240234
03-03-2014,57.63999938964844,58.5099983215332,238300,59.880001068115234,59.38999938964844,56.120140075683594
04-03-2014,59.560001373291016,60.27000045776367,345200,63.2599983215332,63.119998931884766,59.64478302001953
05-03-2014,62.43000030517578,62.91999816894531,369700,64.16999816894531,63.7599983215332,60.249542236328125
06-03-2014,63.7400016784668,63.7400016784668,223600,64.5999984741211,64.33999633789062,60.797611236572266
07-03-2014,63.9900016784668,64.87999725341797,193100,65.16999816894531,64.51000213623047,60.95826721191406
10-03-2014,63.709999084472656,64.51000213623047,134500,64.79000091552734,64.44000244140625,60.8921012878418
11-03-2014,61.84000015258789,64.33000183105469,286600,64.33000183105469,62.709999084472656,59.25735092163086
12-03-2014,61.66999816894531,62.540000915527344,163800,63.77000045776367,63.540000915527344,60.041656494140625
13-03-2014,62.0,63.970001220703125,167100,64.41999816894531,62.83000183105469,59.37074661254883
14-03-2014,62.0099983215332,62.439998626708984,214400,63.70000076293945,62.220001220703125,58.79433822631836
17-03-2014,62.599998474121094,62.77000045776367,150900,63.77000045776367,63.439998626708984,59.94717025756836
18-03-2014,62.5099983215332,63.33000183105469,217500,64.13999938964844,62.95000076293945,59.484134674072266
19-03-2014,61.099998474121094,62.970001220703125,211000,63.5099983215332,62.31999969482422,58.88882064819336
20-03-2014,61.65999984741211,62.15999984741211,128500,63.58000183105469,62.91999816894531,59.45579147338867
21-03-2014,61.790000915527344,63.2400016784668,278500,63.68000030517578,62.16999816894531,58.74708557128906
24-03-2014,61.34000015258789,62.349998474121094,176500,62.790000915527344,62.16999816894531,58.74708557128906
25-03-2014,61.25,62.45000076293945,143300,63.08000183105469,61.630001068115234,58.2368278503418
26-03-2014,59.56999969482422,61.90999984741211,208100,61.90999984741211,59.56999969482422,56.29024124145508
27-03-2014,58.119998931884766,59.70000076293945,165700,60.04999923706055,58.720001220703125,55.48704528808594
28-03-2014,57.86000061035156,58.70000076293945,195200,59.95000076293945,57.9900016784668,54.79722213745117
31-03-2014,57.779998779296875,58.5,320000,59.540000915527344,59.220001220703125,55.959503173828125
01-04-2014,58.25,59.459999084472656,218900,59.91999816894531,59.650001525878906,56.3658332824707
02-04-2014,58.810001373291016,59.61000061035156,160400,60.2400016784668,59.29999923706055,56.035099029541016
03-04-2014,56.59000015258789,58.90999984741211,201800,58.9900016784668,56.88999938964844,53.75779342651367
04-04-2014,54.34000015258789,57.189998626708984,615500,57.189998626708984,55.040000915527344,52.009639739990234
07-04-2014,54.09000015258789,54.810001373291016,373600,55.63999938964844,54.2599983215332,51.27259063720703
08-04-2014,53.66999816894531,54.31999969482422,303200,54.970001220703125,54.47999954223633,51.4804801940918
09-04-2014,54.029998779296875,54.54999923706055,191200,55.43000030517578,55.0,51.971839904785156
10-04-2014,53.84000015258789,54.95000076293945,228400,55.34000015258789,54.45000076293945,51.45212173461914
11-04-2014,53.04999923706055,54.060001373291016,226200,54.2400016784668,53.08000183105469,50.15755844116211
14-04-2014,53.11000061035156,53.7400016784668,198700,54.34000015258789,53.7400016784668,50.78121566772461
15-04-2014,53.209999084472656,53.790000915527344,221100,54.66999816894531,54.220001220703125,51.234798431396484
16-04-2014,54.2599983215332,54.72999954223633,157600,55.40999984741211,55.130001068115234,52.09470748901367
17-04-2014,54.79999923706055,55.029998779296875,164900,56.20000076293945,55.59000015258789,52.52936935424805
21-04-2014,55.52000045776367,55.7599983215332,129800,56.369998931884766,55.9900016784668,52.90734100341797
22-04-2014,55.529998779296875,56.06999969482422,181900,56.97999954223633,56.63999938964844,53.52155685424805
23-04-2014,54.959999084472656,56.5099983215332,314300,58.689998626708984,55.02000045776367,51.990760803222656
24-04-2014,54.709999084472656,55.130001068115234,257100,55.88999938964844,54.9900016784668,51.9623908996582
25-04-2014,54.720001220703125,55.0,377500,55.380001068115234,54.75,51.73561477661133
28-04-2014,53.099998474121094,54.79999923706055,404800,55.400001525878906,53.689998626708984,50.73397445678711
29-04-2014,53.2400016784668,54.0,314000,54.63999938964844,53.279998779296875,50.3465461730957
30-04-2014,53.15999984741211,53.400001525878906,330400,54.36000061035156,53.83000183105469,50.86626052856445
01-05-2014,53.459999084472656,53.90999984741211,352700,54.66999816894531,54.63999938964844,51.63166046142578
02-05-2014,54.20000076293945,54.88999938964844,186500,55.40999984741211,54.54999923706055,51.546634674072266
05-05-2014,53.5099983215332,54.150001525878906,186100,55.279998779296875,54.72999954223633,51.716712951660156
06-05-2014,53.790000915527344,54.119998931884766,275000,54.790000915527344,54.29999923706055,51.46083450317383
07-05-2014,53.790000915527344,54.29999923706055,252700,54.95000076293945,54.470001220703125,51.621952056884766
08-05-2014,53.970001220703125,54.189998626708984,237900,55.150001525878906,54.40999984741211,51.56508255004883
09-05-2014,53.880001068115234,54.119998931884766,152200,54.68000030517578,54.47999954223633,51.631431579589844
12-05-2014,54.029998779296875,54.810001373291016,205700,56.04999923706055,55.58000183105469,52.67391586303711
13-05-2014,54.369998931884766,55.5,258800,55.970001220703125,54.65999984741211,51.801998138427734
14-05-2014,53.0,54.38999938964844,246500,54.880001068115234,53.11000061035156,50.33304977416992
15-05-2014,52.61000061035156,52.86000061035156,267500,53.209999084472656,52.88999938964844,50.12455368041992
16-05-2014,51.93000030517578,52.77000045776367,202000,53.439998626708984,53.36000061035156,50.56998062133789
19-05-2014,52.970001220703125,53.060001373291016,149800,54.75,54.43000030517578,51.584041595458984
20-05-2014,53.36000061035156,54.400001525878906,226800,54.849998474121094,53.709999084472656,50.90167999267578
21-05-2014,53.52000045776367,53.83000183105469,206500,54.349998474121094,54.04999923706055,51.223915100097656
22-05-2014,53.77000045776367,54.150001525878906,109000,55.119998931884766,54.72999954223633,51.868343353271484
23-05-2014,54.380001068115234,54.81999969482422,125600,55.13999938964844,55.02000045776367,52.14319610595703
27-05-2014,55.439998626708984,55.47999954223633,142800,56.66999816894531,56.400001525878906,53.45103073120117
28-05-2014,55.15999984741211,56.150001525878906,164600,56.709999084472656,55.310001373291016,52.418025970458984
29-05-2014,54.33000183105469,55.2599983215332,172500,55.61000061035156,54.619998931884766,51.76410675048828
30-05-2014,53.2400016784668,54.41999816894531,404300,54.81999969482422,53.349998474121094,50.56050109863281
02-06-2014,52.29999923706055,53.380001068115234,202400,53.540000915527344,52.939998626708984,50.171939849853516
03-06-2014,49.63999938964844,52.790000915527344,587000,52.790000915527344,50.29999923706055,47.66996383666992
04-06-2014,50.0,50.0,335900,52.4900016784668,51.880001068115234,49.16736602783203
05-06-2014,50.959999084472656,51.90999984741211,235800,52.72999954223633,52.63999938964844,49.88762283325195
06-06-2014,52.75,52.970001220703125,238700,54.31999969482422,54.029998779296875,51.2049446105957
09-06-2014,53.63999938964844,53.900001525878906,171600,54.560001373291016,54.33000183105469,51.48926544189453
10-06-2014,53.56999969482422,54.2400016784668,143000,54.7400016784668,54.13999938964844,51.30918884277344
11-06-2014,52.9900016784668,53.93000030517578,190400,54.11000061035156,53.45000076293945,50.655269622802734
12-06-2014,52.619998931884766,53.279998779296875,202100,54.04999923706055,53.310001373291016,50.5225944519043
13-06-2014,53.22999954223633,53.47999954223633,205100,54.650001525878906,54.369998931884766,51.52716827392578
16-06-2014,53.7400016784668,54.2599983215332,221300,55.09000015258789,54.86000061035156,51.99155807495117
17-06-2014,54.52000045776367,54.720001220703125,174800,55.88999938964844,55.2599983215332,52.37063980102539
18-06-2014,54.83000183105469,55.2599983215332,189000,56.40999984741211,56.209999084472656,53.27096176147461
19-06-2014,54.939998626708984,56.33000183105469,142400,56.380001068115234,55.5,52.598087310791016
20-06-2014,55.560001373291016,55.83000183105469,300300,56.099998474121094,55.63999938964844,52.73076629638672
23-06-2014,55.31999969482422,55.650001525878906,136200,56.220001220703125,56.02000045776367,53.09090042114258
24-06-2014,55.400001525878906,55.709999084472656,250500,56.59000015258789,55.58000183105469,52.67391586303711
25-06-2014,55.2400016784668,55.27000045776367,141100,56.029998779296875,55.5099983215332,52.60757064819336
26-06-2014,55.0099983215332,55.5099983215332,206300,55.9900016784668,55.43000030517578,52.53175735473633
27-06-2014,54.91999816894531,55.040000915527344,292400,55.939998626708984,55.29999923706055,52.40853500366211
30-06-2014,53.810001373291016,55.29999923706055,264700,55.709999084472656,54.060001373291016,51.2333869934082
01-07-2014,53.36000061035156,54.189998626708984,413500,54.689998626708984,53.689998626708984,50.88272476196289
02-07-2014,52.56999969482422,53.58000183105469,328400,54.15999984741211,52.72999954223633,49.97291946411133
03-07-2014,51.619998931884766,53.130001068115234,228300,53.31999969482422,51.900001525878906,49.18632507324219
07-07-2014,50.5,51.5099983215332,540000,51.79999923706055,50.900001525878906,48.23860168457031
08-07-2014,49.65999984741211,50.650001525878906,483900,50.790000915527344,49.970001220703125,47.35724639892578
09-07-2014,48.88999938964844,50.0,332700,50.060001373291016,49.220001220703125,46.64644241333008
10-07-2014,47.900001525878906,48.58000183105469,420300,49.08000183105469,48.04999923706055,45.53763198852539
11-07-2014,47.2599983215332,47.79999923706055,374600,48.13999938964844,47.5,45.016380310058594
14-07-2014,47.709999084472656,48.04999923706055,356600,48.7400016784668,48.5,45.9640998840332
15-07-2014,47.880001068115234,48.5,328800,48.869998931884766,48.22999954223633,45.70820617675781
16-07-2014,47.7599983215332,48.56999969482422,177100,48.86000061035156,48.11000061035156,45.594478607177734
17-07-2014,47.75,47.86000061035156,343800,48.810001373291016,48.58000183105469,46.039913177490234
18-07-2014,48.040000915527344,48.459999084472656,285900,49.63999938964844,49.61000061035156,47.01606369018555
21-07-2014,49.11000061035156,49.369998931884766,298400,50.31999969482422,50.099998474121094,47.48043441772461
22-07-2014,50.099998474121094,50.349998474121094,224700,50.720001220703125,50.369998931884766,47.7363166809082
23-07-2014,50.279998779296875,51.33000183105469,489000,53.97999954223633,53.90999984741211,51.091217041015625
24-07-2014,54.54999923706055,55.29999923706055,478200,57.06999969482422,56.43000030517578,53.479454040527344
25-07-2014,55.349998474121094,55.959999084472656,316500,56.619998931884766,55.9900016784668,53.06246566772461
28-07-2014,55.279998779296875,56.220001220703125,183300,56.470001220703125,55.97999954223633,53.05299377441406
29-07-2014,55.869998931884766,56.2400016784668,181500,56.810001373291016,56.380001068115234,53.432071685791016
30-07-2014,56.36000061035156,56.790000915527344,131500,57.2599983215332,56.95000076293945,53.97227478027344
31-07-2014,55.77000045776367,56.09000015258789,226400,57.09000015258789,56.22999954223633,53.289913177490234
01-08-2014,54.790000915527344,56.369998931884766,172400,56.619998931884766,55.849998474121094,52.92979049682617
04-08-2014,55.369998931884766,56.20000076293945,126900,56.66999816894531,56.290000915527344,53.3467903137207
05-08-2014,55.33000183105469,55.810001373291016,120100,56.59000015258789,55.93000030517578,53.156700134277344
06-08-2014,54.86000061035156,55.56999969482422,167300,57.2400016784668,56.650001525878906,53.84099197387695
07-08-2014,55.5,56.599998474121094,154600,57.189998626708984,55.59000015258789,52.83355712890625
08-08-2014,55.16999816894531,55.619998931884766,220100,55.91999816894531,55.369998931884766,52.62446594238281
11-08-2014,55.279998779296875,55.68000030517578,222100,57.959999084472656,57.29999923706055,54.458778381347656
12-08-2014,55.9900016784668,57.04999923706055,146300,57.709999084472656,56.470001220703125,53.66991424560547
13-08-2014,56.13999938964844,56.790000915527344,190600,57.4900016784668,56.58000183105469,53.774471282958984
14-08-2014,56.0,56.52000045776367,142100,56.83000183105469,56.810001373291016,53.9930534362793
15-08-2014,55.25,57.36000061035156,290500,57.400001525878906,57.29999923706055,54.458778381347656
18-08-2014,57.29999923706055,57.75,203200,58.36000061035156,58.22999954223633,55.3426513671875
19-08-2014,57.86000061035156,58.290000915527344,213400,58.369998931884766,58.20000076293945,55.31413269042969
20-08-2014,57.279998779296875,58.0,212200,58.75,58.130001068115234,55.24762725830078
21-08-2014,57.25,58.06999969482422,201500,58.06999969482422,57.7599983215332,54.89595031738281
22-08-2014,57.4900016784668,57.84000015258789,166700,58.400001525878906,57.970001220703125,55.095542907714844
25-08-2014,57.970001220703125,58.2400016784668,306600,59.7400016784668,59.619998931884766,56.66373825073242
26-08-2014,59.099998474121094,59.54999923706055,212800,60.130001068115234,59.52000045776367,56.568687438964844
27-08-2014,58.720001220703125,59.369998931884766,109400,59.470001220703125,59.310001373291016,56.36908721923828
28-08-2014,58.27000045776367,59.220001220703125,155300,59.29999923706055,58.63999938964844,55.73232650756836
29-08-2014,58.369998931884766,58.650001525878906,118300,59.2400016784668,58.91999816894531,55.99843215942383
02-09-2014,58.619998931884766,59.189998626708984,152600,59.810001373291016,59.54999923706055,56.59719467163086
03-09-2014,59.560001373291016,59.84000015258789,390400,60.349998474121094,60.02000045776367,57.04389572143555
04-09-2014,58.0,60.20000076293945,192400,60.20000076293945,58.40999984741211,55.51371765136719
05-09-2014,58.08000183105469,58.15999984741211,168500,59.38999938964844,59.29999923706055,56.359588623046875
08-09-2014,59.130001068115234,59.2599983215332,130800,60.11000061035156,59.779998779296875,56.815792083740234
09-09-2014,58.95000076293945,59.77000045776367,221300,60.02000045776367,59.869998931884766,56.901329040527344
10-09-2014,59.52000045776367,59.97999954223633,199200,60.2599983215332,59.97999954223633,57.005882263183594
11-09-2014,58.849998474121094,59.54999923706055,151500,59.959999084472656,59.2599983215332,56.321571350097656
12-09-2014,58.7599983215332,59.369998931884766,215300,59.79999923706055,59.060001373291016,56.13150405883789
15-09-2014,57.75,58.77000045776367,204200,58.81999969482422,58.0099983215332,55.133567810058594
16-09-2014,57.5,58.029998779296875,246100,58.84000015258789,58.59000015258789,55.68479919433594
17-09-2014,58.2400016784668,58.529998779296875,197400,59.22999954223633,58.810001373291016,55.89390182495117
18-09-2014,58.970001220703125,59.27000045776367,590200,62.5099983215332,61.630001068115234,58.57406997680664
19-09-2014,60.27000045776367,61.65999984741211,690400,62.869998931884766,61.75,58.6881103515625
22-09-2014,60.380001068115234,61.34000015258789,167300,61.5,60.540000915527344,57.53810119628906
23-09-2014,59.06999969482422,60.18000030517578,195700,60.65999984741211,59.29999923706055,56.359588623046875
24-09-2014,59.04999923706055,59.43000030517578,193900,60.709999084472656,60.70000076293945,57.69017791748047
25-09-2014,59.65999984741211,60.599998474121094,187200,60.599998474121094,60.04999923706055,57.07240295410156
26-09-2014,60.36000061035156,60.58000183105469,356200,61.79999923706055,61.38999938964844,58.3459587097168
29-09-2014,60.59000015258789,60.869998931884766,246700,62.08000183105469,62.04999923706055,58.973236083984375
30-09-2014,61.41999816894531,61.86000061035156,350100,62.2400016784668,61.86000061035156,58.792659759521484
01-10-2014,61.36000061035156,61.959999084472656,365800,62.130001068115234,61.849998474121094,58.78315734863281
02-10-2014,61.349998474121094,61.849998474121094,281600,62.47999954223633,61.779998779296875,58.71662139892578
03-10-2014,61.5,62.47999954223633,278600,62.849998474121094,62.45000076293945,59.35340118408203
06-10-2014,61.959999084472656,62.47999954223633,234200,63.040000915527344,62.70000076293945,59.59101867675781
07-10-2014,61.900001525878906,62.25,349100,62.9900016784668,62.0,58.925716400146484
08-10-2014,61.61000061035156,61.86000061035156,194100,62.959999084472656,62.709999084472656,59.60050964355469
09-10-2014,61.88999938964844,62.77000045776367,260800,63.18000030517578,62.150001525878906,59.06827926635742
10-10-2014,61.47999954223633,61.779998779296875,302400,63.34000015258789,62.529998779296875,59.42942428588867
13-10-2014,62.2599983215332,62.720001220703125,296500,63.349998474121094,62.560001373291016,59.457942962646484
14-10-2014,62.63999938964844,62.95000076293945,401500,63.4900016784668,63.09000015258789,59.961673736572266
15-10-2014,61.72999954223633,62.5,417800,64.80000305175781,64.61000061035156,61.406307220458984
16-10-2014,62.310001373291016,63.66999816894531,356100,65.1500015258789,63.779998779296875,60.61745071411133
17-10-2014,62.61000061035156,64.7300033569336,274800,64.7300033569336,62.86000061035156,59.743080139160156
20-10-2014,62.31999969482422,62.72999954223633,270300,63.97999954223633,63.95000076293945,60.77901840209961
21-10-2014,63.380001068115234,64.3499984741211,250300,65.63999938964844,65.62999725341797,62.37571716308594
22-10-2014,60.93000030517578,64.5,584700,64.5,61.150001525878906,58.117862701416016
23-10-2014,60.45000076293945,61.529998779296875,284000,61.529998779296875,61.25,58.21290588378906
24-10-2014,60.84000015258789,61.380001068115234,165500,62.25,62.150001525878906,59.06827926635742
27-10-2014,61.5,61.93000030517578,119600,63.189998626708984,63.11000061035156,59.98067092895508
28-10-2014,63.4900016784668,63.52000045776367,218900,64.27999877929688,64.04000091552734,60.864559173583984
29-10-2014,63.369998931884766,64.12999725341797,196600,64.68000030517578,63.9900016784668,60.81703567504883
30-10-2014,63.58000183105469,63.58000183105469,197900,64.61000061035156,64.2300033569336,61.04515075683594
31-10-2014,64.16999816894531,65.66000366210938,202800,65.66000366210938,64.6500015258789,61.444313049316406
03-11-2014,63.2400016784668,64.69000244140625,146400,64.7699966430664,64.56999969482422,61.368282318115234
04-11-2014,64.05000305175781,64.05000305175781,140700,65.5,64.97000122070312,61.90184783935547
05-11-2014,65.16000366210938,65.58999633789062,225800,66.62000274658203,65.75,62.64499282836914
06-11-2014,64.66000366210938,65.55000305175781,169700,66.22000122070312,65.62999725341797,62.53065872192383
07-11-2014,64.55999755859375,65.47000122070312,173200,65.47000122070312,65.36000061035156,62.27342987060547
10-11-2014,63.939998626708984,65.27999877929688,188300,65.93000030517578,64.94999694824219,61.882774353027344
11-11-2014,64.55999755859375,64.72000122070312,178400,65.36000061035156,65.26000213623047,62.17815017700195
12-11-2014,64.5999984741211,65.12000274658203,97100,66.08000183105469,65.91000366210938,62.79744338989258
13-11-2014,65.52999877929688,66.0999984741211,112900,66.19999694824219,66.06999969482422,62.94987869262695
14-11-2014,65.37000274658203,66.11000061035156,154800,66.23999786376953,65.44999694824219,62.35917282104492
17-11-2014,63.40999984741211,65.23999786376953,176400,65.45999908447266,63.72999954223633,60.72039794921875
18-11-2014,63.2599983215332,64.0,192500,64.20999908447266,63.38999938964844,60.396461486816406
19-11-2014,62.09000015258789,63.369998931884766,127900,63.369998931884766,63.02000045776367,60.04393005371094
20-11-2014,62.630001068115234,62.7599983215332,147300,63.97999954223633,63.939998626708984,60.92046356201172
21-11-2014,62.63999938964844,64.72000122070312,160400,65.0,62.7400016784668,59.77714920043945
24-11-2014,62.540000915527344,62.70000076293945,184700,64.54000091552734,64.30000305175781,61.26347351074219
25-11-2014,63.61000061035156,64.38999938964844,98700,64.38999938964844,64.01000213623047,60.9871826171875
26-11-2014,63.88999938964844,64.16000366210938,152300,65.0,64.87000274658203,61.80657196044922
28-11-2014,65.1500015258789,65.19000244140625,117100,66.36000061035156,65.56999969482422,62.473487854003906
01-12-2014,64.0999984741211,65.44999694824219,135800,65.81999969482422,64.20999908447266,61.17771911621094
02-12-2014,64.30000305175781,64.41000366210938,139200,65.79000091552734,65.26000213623047,62.17815017700195
03-12-2014,64.88999938964844,64.88999938964844,263900,67.27999877929688,66.69000244140625,63.54061508178711
04-12-2014,66.81999969482422,66.94000244140625,205600,67.91000366210938,67.37000274658203,64.1884994506836
05-12-2014,67.33999633789062,67.33999633789062,139000,68.66000366210938,68.0999984741211,64.88401794433594
08-12-2014,67.44999694824219,68.08999633789062,144300,69.48999786376953,67.98999786376953,64.77922058105469
09-12-2014,66.55999755859375,67.27999877929688,136600,69.48999786376953,69.3499984741211,66.07498931884766
10-12-2014,68.69000244140625,68.94999694824219,151000,69.8499984741211,68.9000015258789,65.64624786376953
11-12-2014,68.98999786376953,69.31999969482422,132900,70.69999694824219,69.79000091552734,66.49420928955078
12-12-2014,68.06999969482422,68.91999816894531,111400,70.06999969482422,68.44999694824219,65.21749114990234
15-12-2014,67.58999633789062,68.83000183105469,144700,69.13999938964844,68.5,65.26513671875
16-12-2014,67.98999786376953,68.41999816894531,153600,69.12999725341797,68.5999984741211,65.36040496826172
17-12-2014,67.9000015258789,68.5999984741211,214200,70.3499984741211,70.05999755859375,66.7514419555664
18-12-2014,70.25,70.69000244140625,173000,72.63999938964844,72.2300033569336,68.81898498535156
19-12-2014,70.94000244140625,72.05999755859375,511700,72.19999694824219,71.54000091552734,68.16158294677734
22-12-2014,71.1500015258789,71.51000213623047,144900,72.48999786376953,71.62999725341797,68.24732208251953
23-12-2014,71.30999755859375,71.98999786376953,110000,72.81999969482422,72.29000091552734,68.87615966796875
24-12-2014,71.75,72.33000183105469,64800,73.16000366210938,72.30000305175781,68.88570404052734
26-12-2014,71.86000061035156,72.55000305175781,108600,73.7699966430664,73.25,69.79080963134766
29-12-2014,71.97000122070312,73.16000366210938,164400,73.4000015258789,72.2300033569336,68.81898498535156
30-12-2014,71.5199966430664,72.0,112600,72.44999694824219,71.98999786376953,68.59032440185547
31-12-2014,71.61000061035156,72.22000122070312,149300,72.58000183105469,71.70999908447266,68.32353210449219
02-01-2015,70.26000213623047,72.26000213623047,130600,72.2699966430664,70.3499984741211,67.02776336669922
05-01-2015,68.83000183105469,70.02999877929688,218000,70.23999786376953,68.98999786376953,65.73199462890625
06-01-2015,67.38999938964844,69.37000274658203,173700,69.5,67.66000366210938,64.46479034423828
07-01-2015,66.18000030517578,68.29000091552734,275900,68.41000366210938,68.2699966430664,65.0459976196289
08-01-2015,68.05999755859375,68.94999694824219,157800,71.83999633789062,71.69999694824219,68.31402587890625
09-01-2015,70.8499984741211,71.54000091552734,147300,72.44999694824219,71.51000213623047,68.13298034667969
12-01-2015,70.61000061035156,71.69999694824219,168300,72.19000244140625,70.98999786376953,67.63755798339844
13-01-2015,71.54000091552734,71.69000244140625,330900,73.26000213623047,72.61000061035156,69.18103790283203
14-01-2015,71.51000213623047,71.7699966430664,143300,73.1500015258789,72.95999908447266,69.51449584960938
15-01-2015,70.37999725341797,72.94999694824219,139400,73.0,70.5999984741211,67.2659683227539
16-01-2015,70.0,70.19999694824219,138700,72.47000122070312,72.41000366210938,68.99048614501953
20-01-2015,71.37000274658203,72.62000274658203,137300,73.0,72.16000366210938,68.75231170654297
21-01-2015,71.05000305175781,71.7300033569336,124100,72.79000091552734,71.55000305175781,68.17110443115234
22-01-2015,71.16000366210938,72.16999816894531,249500,75.08999633789062,74.44000244140625,70.92461395263672
23-01-2015,73.8499984741211,74.56999969482422,112800,75.19999694824219,74.0199966430664,70.52445983886719
26-01-2015,72.81999969482422,74.06999969482422,112400,74.56999969482422,74.36000061035156,70.84840393066406
27-01-2015,73.2699966430664,73.2699966430664,108800,74.62999725341797,74.1500015258789,70.64832305908203
28-01-2015,72.83000183105469,76.0999984741211,164700,78.48999786376953,73.26000213623047,69.80034637451172
29-01-2015,73.61000061035156,73.61000061035156,261000,76.48999786376953,75.94999694824219,72.36331176757812
30-01-2015,75.06999969482422,75.25,205300,77.30000305175781,75.97000122070312,72.38236236572266
02-02-2015,74.72000122070312,76.12000274658203,330400,76.8499984741211,75.08000183105469,71.53438568115234
03-02-2015,74.16999816894531,75.41999816894531,181500,76.44999694824219,75.94999694824219,72.36331176757812
04-02-2015,74.94999694824219,75.38999938964844,128600,78.43000030517578,77.9800033569336,74.2974624633789
05-02-2015,78.41000366210938,78.44000244140625,165300,80.69999694824219,80.41000366210938,76.61270141601562
06-02-2015,80.41000366210938,80.41000366210938,232800,82.43000030517578,81.68000030517578,77.82270050048828
09-02-2015,79.94999694824219,81.62999725341797,162700,82.16000366210938,80.06999969482422,76.28874969482422
10-02-2015,79.93000030517578,80.72000122070312,169900,81.47000122070312,80.5199966430664,76.90960693359375
11-02-2015,80.44000244140625,80.62000274658203,107900,81.5199966430664,80.91999816894531,77.29167175292969
12-02-2015,80.91999816894531,81.5,127200,82.41000366210938,81.87999725341797,78.20862579345703
13-02-2015,81.1500015258789,81.88999938964844,136200,82.8499984741211,81.22000122070312,77.57821655273438
17-02-2015,79.52999877929688,81.04000091552734,184700,81.22000122070312,79.73999786376953,76.16456604003906
18-02-2015,79.3499984741211,79.3499984741211,398000,81.69999694824219,80.5199966430664,76.90960693359375
19-02-2015,79.47000122070312,80.12000274658203,137900,81.81999969482422,79.55999755859375,75.99263000488281
20-02-2015,77.45999908447266,79.61000061035156,178700,79.73999786376953,78.97000122070312,75.42909240722656
23-02-2015,78.0999984741211,78.94999694824219,154100,80.06999969482422,80.06999969482422,76.47977447509766
24-02-2015,79.62999725341797,80.25,108900,81.31999969482422,80.0999984741211,76.50843048095703
25-02-2015,79.19000244140625,80.26000213623047,86400,80.56999969482422,79.83000183105469,76.25056457519531
26-02-2015,79.33000183105469,79.52999877929688,108100,81.19999694824219,80.93000030517578,77.30123138427734
27-02-2015,79.54000091552734,80.54000091552734,130200,80.94000244140625,79.58999633789062,76.02130126953125
02-03-2015,79.72000122070312,79.72000122070312,123000,81.58999633789062,80.86000061035156,77.23435974121094
03-03-2015,78.87999725341797,80.45999908447266,106000,81.16000366210938,80.2699966430664,76.67082214355469
04-03-2015,79.38999938964844,79.88999938964844,248500,84.83999633789062,83.79000091552734,80.03298950195312
05-03-2015,83.5199966430664,84.20999908447266,218100,86.11000061035156,86.01000213623047,82.15345001220703
06-03-2015,83.7699966430664,85.19000244140625,120000,86.58999633789062,84.20999908447266,80.43412780761719
09-03-2015,84.20999908447266,84.33000183105469,173700,85.47000122070312,85.2699966430664,81.44662475585938
10-03-2015,83.63999938964844,84.16000366210938,95400,85.20999908447266,84.55999755859375,80.76844787597656
11-03-2015,84.44000244140625,84.44000244140625,281300,85.93000030517578,85.70999908447266,81.86690521240234
12-03-2015,85.2300033569336,86.72000122070312,248100,87.80000305175781,86.0,82.14387512207031
13-03-2015,84.31999969482422,86.08000183105469,157900,86.80000305175781,85.5,81.66630554199219
16-03-2015,85.8499984741211,86.11000061035156,129700,86.83999633789062,86.02999877929688,82.17253875732422
17-03-2015,85.6500015258789,86.05000305175781,192000,86.83000183105469,86.66999816894531,82.78385162353516
18-03-2015,85.30000305175781,86.73999786376953,120900,86.9800033569336,86.9000015258789,83.00352478027344
19-03-2015,86.02999877929688,86.37999725341797,116000,87.44999694824219,87.30999755859375,83.39515686035156
20-03-2015,86.72000122070312,87.80000305175781,286200,88.93000030517578,88.80000305175781,84.81832122802734
23-03-2015,86.26000213623047,87.0199966430664,184500,88.36000061035156,86.93000030517578,83.03219604492188
24-03-2015,85.75,86.58000183105469,162000,87.16000366210938,85.80999755859375,81.96241760253906
25-03-2015,82.88999938964844,86.38999938964844,155200,86.38999938964844,83.08999633789062,79.36436462402344
26-03-2015,81.94000244140625,83.11000061035156,185400,84.37000274658203,83.48999786376953,79.7464370727539
27-03-2015,82.61000061035156,83.29000091552734,231700,84.05999755859375,83.9800033569336,80.21446990966797
30-03-2015,84.37999725341797,84.62000274658203,145900,86.9800033569336,86.47000122070312,82.59281158447266
31-03-2015,82.80999755859375,86.25,230500,86.25,82.9000015258789,79.18289184570312
01-04-2015,82.04000091552734,82.54000091552734,296500,84.4000015258789,82.87000274658203,79.15424346923828
02-04-2015,82.7699966430664,82.9800033569336,286600,84.63999938964844,84.5199966430664,80.73023986816406
06-04-2015,83.48999786376953,84.36000061035156,211800,86.54000091552734,85.43000030517578,81.59943389892578
07-04-2015,85.66999816894531,85.72000122070312,230000,87.12999725341797,86.01000213623047,82.15345001220703
08-04-2015,85.29000091552734,85.7699966430664,177800,87.54000091552734,87.5,83.57662200927734
09-04-2015,86.41999816894531,87.2300033569336,236000,87.62999725341797,87.2699966430664,83.35694122314453
10-04-2015,87.02999877929688,87.75,103800,88.08000183105469,88.06999969482422,84.12107849121094
13-04-2015,87.5999984741211,88.4000015258789,251000,88.70999908447266,88.1500015258789,84.19749450683594
14-04-2015,88.44999694824219,88.55000305175781,263200,90.16999816894531,89.30000305175781,85.29590606689453
15-04-2015,88.33999633789062,89.76000213623047,381200,89.8499984741211,88.56999969482422,84.5986557006836
16-04-2015,88.18000030517578,88.66999816894531,219400,89.91000366210938,89.79000091552734,85.76393127441406
17-04-2015,86.94000244140625,88.80000305175781,191100,89.97000122070312,87.30999755859375,83.39515686035156
20-04-2015,87.58000183105469,88.12000274658203,119300,89.11000061035156,88.72000122070312,84.74192810058594
21-04-2015,88.20999908447266,89.37999725341797,195800,90.01000213623047,90.01000213623047,85.9740982055664
22-04-2015,85.4000015258789,89.55999755859375,401200,89.55999755859375,88.66000366210938,84.68462371826172
23-04-2015,87.7300033569336,88.38999938964844,287900,89.0199966430664,88.69999694824219,84.72281646728516
24-04-2015,85.91000366210938,88.69999694824219,445400,88.69999694824219,87.93000030517578,83.98735809326172
27-04-2015,87.27999877929688,88.0,488600,88.37000274658203,87.83999633789062,83.90139770507812
28-04-2015,87.66999816894531,87.98999786376953,415900,90.16999816894531,89.83999633789062,85.81170654296875
29-04-2015,88.2300033569336,89.63999938964844,302500,89.80999755859375,89.05999755859375,85.06668090820312
30-04-2015,85.83000183105469,88.45999908447266,314100,89.08000183105469,85.8499984741211,82.00062561035156
01-05-2015,84.58000183105469,85.86000061035156,192100,86.93000030517578,84.95999908447266,81.1505126953125
04-05-2015,84.56999969482422,84.98999786376953,143600,85.47000122070312,84.9800033569336,81.16961669921875
05-05-2015,83.05000305175781,84.58999633789062,241000,85.37000274658203,83.30000305175781,79.7526626586914
06-05-2015,82.6500015258789,83.2300033569336,223200,84.6500015258789,83.9000015258789,80.32710266113281
07-05-2015,83.08999633789062,83.94999694824219,157200,85.45999908447266,85.0199966430664,81.3994140625
08-05-2015,84.43000030517578,85.9800033569336,188400,86.48999786376953,84.66999816894531,81.06430053710938
11-05-2015,84.66999816894531,84.68000030517578,194700,86.38999938964844,86.06999969482422,82.40467834472656
12-05-2015,84.6500015258789,85.4800033569336,275700,86.31999969482422,86.0199966430664,82.3568115234375
13-05-2015,85.27999877929688,86.12000274658203,197500,86.9800033569336,86.06999969482422,82.40467834472656
14-05-2015,85.58999633789062,86.38999938964844,183100,87.3499984741211,87.2699966430664,83.55358123779297
15-05-2015,86.98999786376953,87.29000091552734,142200,88.38999938964844,87.48999786376953,83.76421356201172
18-05-2015,87.12000274658203,87.77999877929688,179700,89.1500015258789,89.0999984741211,85.3056640625
19-05-2015,87.87000274658203,89.25,183700,89.8499984741211,88.68000030517578,84.90355682373047
20-05-2015,87.93000030517578,89.01000213623047,165100,89.01000213623047,88.36000061035156,84.5971908569336
21-05-2015,87.66000366210938,88.16000366210938,184700,88.4000015258789,88.0,84.25248718261719
22-05-2015,87.33999633789062,88.08000183105469,157800,88.51000213623047,87.72000122070312,83.98442840576172
26-05-2015,85.72000122070312,87.27999877929688,232500,87.80999755859375,86.55999755859375,82.87380981445312
27-05-2015,86.54000091552734,86.54000091552734,278900,89.31999969482422,89.2300033569336,85.43012237548828
28-05-2015,88.3499984741211,89.25,134000,89.25,89.0199966430664,85.22905731201172
29-05-2015,87.12000274658203,88.7699966430664,199500,88.83000183105469,88.44999694824219,84.68334197998047
01-06-2015,87.33999633789062,88.80000305175781,164800,89.4800033569336,88.95999908447266,85.1716079711914
02-06-2015,88.06999969482422,88.45999908447266,131200,89.0,88.48999786376953,84.72163391113281
03-06-2015,87.80000305175781,89.0,295800,89.61000061035156,87.88999938964844,84.14717864990234
04-06-2015,86.41000366210938,87.0,142900,88.88999938964844,86.48999786376953,82.80681610107422
05-06-2015,86.2699966430664,86.56999969482422,254500,87.2699966430664,86.6500015258789,82.95999145507812
08-06-2015,86.05999755859375,86.19000244140625,139500,86.98999786376953,86.27999877929688,82.60576629638672
09-06-2015,85.08000183105469,86.0,141100,86.55999755859375,85.38999938964844,81.75364685058594
10-06-2015,85.80999755859375,85.9800033569336,204100,87.16000366210938,86.56999969482422,82.88339233398438
11-06-2015,86.41000366210938,86.6500015258789,157900,87.05999755859375,86.68000030517578,82.98872375488281
12-06-2015,85.12000274658203,86.52999877929688,130900,86.80000305175781,86.30999755859375,82.63445281982422
15-06-2015,83.88999938964844,85.4000015258789,162300,87.33999633789062,86.98999786376953,83.2855224609375
16-06-2015,86.5199966430664,86.56999969482422,148200,87.77999877929688,87.30000305175781,83.58234405517578
17-06-2015,87.2300033569336,87.7699966430664,165200,89.0,88.70999908447266,84.9322738647461
18-06-2015,88.38999938964844,89.0,238200,89.33000183105469,89.20999908447266,85.41098022460938
19-06-2015,88.63999938964844,89.41000366210938,326200,91.9800033569336,91.51000213623047,87.61302185058594
22-06-2015,92.05999755859375,92.33000183105469,271900,95.33999633789062,95.2699966430664,91.212890625
23-06-2015,95.29000091552734,95.41999816894531,264000,96.41000366210938,96.19999694824219,92.10330200195312
24-06-2015,96.12000274658203,96.18000030517578,372000,97.80999755859375,97.25,93.10858154296875
25-06-2015,96.5999984741211,97.72000122070312,293900,98.87999725341797,97.33999633789062,93.19474792480469
26-06-2015,96.48999786376953,97.69999694824219,452700,97.98999786376953,96.86000061035156,92.73518371582031
29-06-2015,92.30000305175781,94.75,243300,95.18000030517578,92.31999969482422,88.3885269165039
30-06-2015,92.19999694824219,92.68000030517578,214100,93.48999786376953,92.7699966430664,88.8193588256836
01-07-2015,93.6500015258789,93.6500015258789,276800,95.22000122070312,94.76000213623047,90.72463989257812
02-07-2015,94.16000366210938,94.77999877929688,166800,95.2699966430664,94.48999786376953,90.46610260009766
06-07-2015,93.75,94.19999694824219,232800,96.97000122070312,96.87000274658203,92.7447738647461
07-07-2015,94.38999938964844,97.20999908447266,282000,97.66000366210938,97.47000122070312,93.31922149658203
08-07-2015,95.83000183105469,96.87000274658203,295600,97.9800033569336,97.77999877929688,93.61602020263672
09-07-2015,97.88999938964844,98.8499984741211,367300,100.29000091552734,99.62000274658203,95.37765502929688
10-07-2015,99.7699966430664,100.41999816894531,291400,103.41000366210938,103.27999877929688,98.88179779052734
13-07-2015,101.37999725341797,104.02999877929688,303200,104.69000244140625,101.73999786376953,97.40735626220703
14-07-2015,100.19999694824219,101.73999786376953,240300,101.87999725341797,100.91000366210938,96.61272430419922
15-07-2015,99.47000122070312,101.16999816894531,259800,101.25,99.87999725341797,95.62657928466797
16-07-2015,99.73999786376953,100.3499984741211,273300,101.91000366210938,101.5,97.1775894165039
17-07-2015,100.86000061035156,101.80000305175781,206100,102.16999816894531,101.30999755859375,96.99568939208984
20-07-2015,100.62000274658203,101.69000244140625,201800,102.08999633789062,100.94000244140625,96.6414566040039
21-07-2015,99.45999908447266,101.05999755859375,195200,101.58000183105469,100.22000122070312,95.95211791992188
22-07-2015,95.11000061035156,99.19999694824219,361700,99.19999694824219,97.94999694824219,93.77875518798828
23-07-2015,95.97000122070312,98.30999755859375,223300,102.80999755859375,97.94999694824219,93.77875518798828
24-07-2015,96.37999725341797,97.66999816894531,176000,98.30000305175781,96.54000091552734,92.42880249023438
27-07-2015,95.0,96.08000183105469,201800,98.08000183105469,97.94999694824219,93.77875518798828
28-07-2015,96.0999984741211,98.33999633789062,189700,98.66999816894531,97.66000366210938,93.50113677978516
29-07-2015,97.20999908447266,97.44000244140625,245000,98.52999877929688,98.16000366210938,93.9798355102539
30-07-2015,96.63999938964844,97.41000366210938,250200,98.58000183105469,97.06999969482422,92.9362564086914
31-07-2015,97.06999969482422,97.56999969482422,170300,99.30000305175781,97.80000305175781,93.63516235351562
03-08-2015,97.0199966430664,98.01000213623047,130800,98.87999725341797,97.91999816894531,93.75003814697266
04-08-2015,96.3499984741211,97.66999816894531,144300,97.95999908447266,96.95999908447266,93.02092742919922
05-08-2015,97.01000213623047,97.04000091552734,132400,99.76000213623047,99.25,95.2178955078125
06-08-2015,97.20999908447266,99.12000274658203,155100,99.87000274658203,97.93000030517578,93.95152282714844
07-08-2015,95.47000122070312,97.4000015258789,233400,98.0999984741211,97.56999969482422,93.60614776611328
10-08-2015,96.83000183105469,97.76000213623047,178200,99.68000030517578,97.41000366210938,93.4526596069336
11-08-2015,94.58000183105469,96.83000183105469,130400,97.13999938964844,96.16000366210938,92.25343322753906
12-08-2015,93.47000122070312,95.44999694824219,118600,95.87999725341797,95.37000274658203,91.49551391601562
13-08-2015,94.30999755859375,95.44000244140625,135600,96.19999694824219,94.54000091552734,90.69924926757812
14-08-2015,93.37999725341797,94.05000305175781,98600,96.61000061035156,96.37999725341797,92.46449279785156
17-08-2015,95.4000015258789,96.08999633789062,125000,97.52999877929688,97.52999877929688,93.56776428222656
18-08-2015,96.83000183105469,97.30000305175781,102700,98.31999969482422,97.48999786376953,93.52938842773438
19-08-2015,96.62000274658203,97.08999633789062,160900,98.3499984741211,98.05999755859375,94.07623291015625
20-08-2015,95.97000122070312,97.30999755859375,231800,97.9800033569336,96.56999969482422,92.64678192138672
21-08-2015,93.83999633789062,95.66000366210938,217800,96.48999786376953,93.95999908447266,90.14280700683594
24-08-2015,88.01000213623047,89.43000030517578,269900,93.25,89.61000061035156,85.96953582763672
25-08-2015,88.68000030517578,92.45999908447266,205400,92.58999633789062,88.91000366210938,85.29798126220703
26-08-2015,87.80000305175781,90.88999938964844,208000,91.37999725341797,90.97000122070312,87.27428436279297
27-08-2015,90.41999816894531,91.44000244140625,204900,92.56999969482422,91.83000183105469,88.09934997558594
28-08-2015,89.7300033569336,91.25,244200,91.66999816894531,91.44999694824219,87.73478698730469
31-08-2015,89.87000274658203,90.55000305175781,225100,91.45999908447266,90.41999816894531,86.74662780761719
01-09-2015,87.56999969482422,88.80000305175781,272400,92.06999969482422,91.70999908447266,87.9842300415039
02-09-2015,92.45999908447266,92.77999877929688,438100,96.68000030517578,96.62999725341797,92.7043228149414
03-09-2015,95.80999755859375,96.94999694824219,391500,97.7699966430664,96.19999694824219,92.29180908203125
04-09-2015,94.12000274658203,94.87000274658203,159100,96.18000030517578,94.8499984741211,90.99665832519531
08-09-2015,94.66999816894531,96.44999694824219,215200,97.05999755859375,96.5,92.57963562011719
09-09-2015,96.4800033569336,97.66999816894531,163600,98.3499984741211,96.62000274658203,92.69474792480469
10-09-2015,96.2699966430664,96.2699966430664,116800,97.76000213623047,97.13999938964844,93.19361877441406
11-09-2015,96.54000091552734,96.54000091552734,175800,97.69999694824219,97.3499984741211,93.39506530761719
14-09-2015,96.37000274658203,97.38999938964844,115300,98.0,96.95999908447266,93.02092742919922
15-09-2015,96.66999816894531,97.4000015258789,232500,98.0,97.30000305175781,93.34711456298828
16-09-2015,96.31999969482422,97.5199966430664,190000,97.83999633789062,97.5,93.53897094726562
17-09-2015,96.05000305175781,97.31999969482422,199100,98.33999633789062,96.5,92.57963562011719
18-09-2015,94.8499984741211,95.2699966430664,359900,96.79000091552734,96.31999969482422,92.40692901611328
21-09-2015,95.9800033569336,97.27999877929688,221400,98.2699966430664,97.04000091552734,93.09765625
22-09-2015,95.05000305175781,96.0,108000,97.31999969482422,95.91999816894531,92.02317810058594
23-09-2015,95.55000305175781,95.9000015258789,205000,99.43000030517578,98.98999786376953,94.96845245361328
24-09-2015,96.7699966430664,98.5199966430664,273500,98.86000061035156,97.1500015258789,93.20320892333984
25-09-2015,97.87999725341797,98.1500015258789,321700,101.20999908447266,99.5199966430664,95.4769287109375
28-09-2015,94.55000305175781,98.94999694824219,236300,99.12999725341797,94.69999694824219,90.85273742675781
29-09-2015,89.79000091552734,94.69999694824219,260700,95.1500015258789,90.81999969482422,87.13037109375
30-09-2015,90.19000244140625,91.5199966430664,328800,93.1500015258789,92.87999725341797,89.10668182373047
01-10-2015,91.06999969482422,92.91999816894531,256600,94.1500015258789,94.0199966430664,90.20036315917969
02-10-2015,91.72000122070312,92.41000366210938,297900,95.3499984741211,95.01000213623047,91.1501693725586
05-10-2015,95.0199966430664,96.12999725341797,177000,97.20999908447266,96.93000030517578,92.99215698242188
06-10-2015,92.8499984741211,96.66000366210938,143800,96.66000366210938,93.33000183105469,89.53840637207031
07-10-2015,93.01000213623047,93.9800033569336,165700,94.88999938964844,94.83999633789062,90.98704528808594
08-10-2015,93.9000015258789,94.94000244140625,157800,95.58000183105469,95.5,91.62023162841797
09-10-2015,94.04000091552734,95.79000091552734,123000,96.83999633789062,94.69999694824219,90.85273742675781
12-10-2015,93.5199966430664,94.55000305175781,119200,96.9800033569336,96.95999908447266,93.02092742919922
13-10-2015,94.5199966430664,96.41000366210938,87500,97.01000213623047,94.55999755859375,90.71842193603516
14-10-2015,93.30999755859375,94.48999786376953,167300,95.44000244140625,94.23999786376953,90.41143798828125
15-10-2015,94.41999816894531,94.41999816894531,173400,96.72000122070312,96.5,92.57963562011719
16-10-2015,95.4000015258789,96.87999725341797,143200,97.30999755859375,96.7300033569336,92.80027770996094
19-10-2015,94.62000274658203,96.04000091552734,224900,96.45999908447266,95.94000244140625,92.04236602783203
20-10-2015,94.75,96.06999969482422,175300,98.0,96.0999984741211,92.19585418701172
21-10-2015,86.19000244140625,95.5199966430664,1235700,97.44000244140625,86.86000061035156,83.33123779296875
22-10-2015,87.41999816894531,87.86000061035156,468300,90.87999725341797,89.55000305175781,85.91195678710938
23-10-2015,88.83000183105469,90.58000183105469,213000,90.70999908447266,90.01000213623047,86.35327911376953
26-10-2015,90.9800033569336,91.1500015258789,282000,95.86000061035156,95.86000061035156,91.96561431884766
27-10-2015,94.80000305175781,95.38999938964844,171200,96.08000183105469,95.26000213623047,91.3899917602539
28-10-2015,95.97000122070312,96.23999786376953,409000,100.5999984741211,100.19999694824219,96.12931060791016
29-10-2015,99.05999755859375,99.37000274658203,420100,103.08000183105469,102.88999938964844,98.71000671386719
30-10-2015,100.08999633789062,102.80999755859375,4926500,104.55999755859375,101.30999755859375,97.19418334960938
02-11-2015,98.91999816894531,101.7699966430664,473900,102.41000366210938,99.0,95.16592407226562
03-11-2015,97.98999786376953,98.8499984741211,188600,101.47000122070312,98.87999725341797,95.0505599975586
04-11-2015,96.0,99.12000274658203,307900,100.12000274658203,98.55000305175781,94.73335266113281
05-11-2015,97.27999877929688,98.5,176000,99.11000061035156,98.9800033569336,95.14669799804688
06-11-2015,98.11000061035156,98.87000274658203,217900,99.8499984741211,99.81999969482422,95.95415496826172
09-11-2015,97.5,99.8499984741211,210300,99.87000274658203,99.16000366210938,95.31974029541016
10-11-2015,97.63999938964844,98.6500015258789,207100,100.69999694824219,99.97000122070312,96.09837341308594
11-11-2015,99.91000366210938,100.3499984741211,361100,101.62000274658203,101.18000030517578,97.2614974975586
12-11-2015,99.0999984741211,100.5,263700,101.08000183105469,100.01000213623047,96.13681030273438
13-11-2015,98.48999786376953,99.27999877929688,257500,99.91999816894531,98.58000183105469,94.76219940185547
16-11-2015,98.19999694824219,98.62999725341797,178900,100.91000366210938,100.75,96.84815216064453
17-11-2015,99.80999755859375,100.68000030517578,230100,102.55999755859375,101.7300033569336,97.7901840209961
18-11-2015,100.62999725341797,101.76000213623047,293400,103.63999938964844,103.61000061035156,99.59737396240234
19-11-2015,102.36000061035156,103.0999984741211,204100,104.54000091552734,103.48999786376953,99.48202514648438
20-11-2015,103.4000015258789,104.1500015258789,269800,106.77999877929688,106.68000030517578,102.54849243164062
23-11-2015,106.1500015258789,106.1500015258789,321500,107.95999908447266,107.3499984741211,103.19255828857422
24-11-2015,104.08999633789062,106.52999877929688,488100,106.80000305175781,105.19999694824219,101.12580871582031
25-11-2015,104.72000122070312,105.22000122070312,220500,106.11000061035156,106.0,101.89482116699219
27-11-2015,105.27999877929688,105.55999755859375,131800,108.12999725341797,107.66000366210938,103.49053955078125
30-11-2015,105.9800033569336,107.87000274658203,281900,108.25,106.77999877929688,102.64461517333984
01-12-2015,105.38999938964844,107.37999725341797,339900,107.5,106.69999694824219,102.56771850585938
02-12-2015,106.2300033569336,106.95999908447266,140600,108.08999633789062,106.44000244140625,102.31778717041016
03-12-2015,106.83999633789062,107.44000244140625,410100,109.62000274658203,109.5,105.25928497314453
04-12-2015,108.70999908447266,109.4800033569336,224300,113.94000244140625,113.87999725341797,109.46965026855469
07-12-2015,111.69000244140625,113.88999938964844,235500,114.55999755859375,113.55999755859375,109.16204071044922
08-12-2015,111.62000274658203,112.87000274658203,200700,113.54000091552734,112.91999816894531,108.54682159423828
09-12-2015,109.04000091552734,112.58000183105469,201900,112.58000183105469,109.51000213623047,105.26890563964844
10-12-2015,106.18000030517578,109.29000091552734,178900,110.22000122070312,109.18000030517578,104.95167541503906
11-12-2015,105.9800033569336,107.30000305175781,214600,110.0,106.6500015258789,102.51966857910156
14-12-2015,105.68000030517578,106.94000244140625,255200,109.93000030517578,108.2699966430664,104.076904296875
15-12-2015,107.19000244140625,109.22000122070312,345600,109.44999694824219,108.0,103.81737518310547
16-12-2015,107.4000015258789,108.56999969482422,210100,109.52999877929688,109.22000122070312,104.9901123046875
17-12-2015,107.58999633789062,109.66000366210938,250500,112.75,107.91999816894531,103.74047088623047
18-12-2015,104.75,107.26000213623047,747300,108.05999755859375,104.87999725341797,100.81819152832031
21-12-2015,104.12000274658203,105.87999725341797,347900,105.91999816894531,105.62000274658203,101.529541015625
22-12-2015,103.18000030517578,106.2300033569336,203700,106.2300033569336,104.80000305175781,100.7413101196289
23-12-2015,104.08000183105469,105.08000183105469,140600,105.79000091552734,104.76000213623047,100.7028579711914
24-12-2015,105.27999877929688,105.27999877929688,195900,111.95999908447266,111.12999725341797,106.82614135742188
28-12-2015,110.62999725341797,110.62999725341797,175700,112.9800033569336,112.69999694824219,108.3353500366211
29-12-2015,113.33000183105469,113.69999694824219,183200,115.54000091552734,114.23999786376953,109.8156967163086
30-12-2015,112.83000183105469,114.0199966430664,219300,115.88999938964844,112.95999908447266,108.58527374267578
31-12-2015,110.72000122070312,112.75,492300,113.52999877929688,111.58999633789062,107.26834106445312
04-01-2016,107.63999938964844,109.86000061035156,301400,110.72000122070312,109.27999877929688,105.04780578613281
05-01-2016,108.88999938964844,109.33000183105469,194000,111.0999984741211,110.08999633789062,105.82642364501953
06-01-2016,107.3499984741211,108.33000183105469,234800,109.5999984741211,108.76000213623047,104.54794311523438
07-01-2016,105.9800033569336,106.70999908447266,228600,107.79000091552734,107.05999755859375,102.91377258300781
08-01-2016,105.44000244140625,107.55999755859375,416700,108.08999633789062,105.7300033569336,101.63529205322266
11-01-2016,105.55999755859375,106.13999938964844,243000,107.37000274658203,106.5199966430664,102.39468383789062
12-01-2016,101.06999969482422,107.2699966430664,172900,107.72000122070312,106.27999877929688,102.16398620605469
13-01-2016,101.76000213623047,106.9800033569336,207100,107.68000030517578,102.9000015258789,98.9148941040039
14-01-2016,102.04000091552734,103.16999816894531,145700,105.44999694824219,104.44000244140625,100.39522552490234
15-01-2016,100.38999938964844,101.68000030517578,240300,103.69999694824219,101.7699966430664,97.82866668701172
19-01-2016,98.0,103.1500015258789,249600,104.51000213623047,102.37999725341797,98.4150390625
20-01-2016,99.5999984741211,100.87000274658203,290100,104.0999984741211,103.30999755859375,99.30900573730469
21-01-2016,101.66000366210938,103.5,236100,104.26000213623047,101.91000366210938,97.96322631835938
22-01-2016,101.75,103.19999694824219,281800,103.91000366210938,103.30000305175781,99.2994155883789
25-01-2016,101.79000091552734,102.54000091552734,163900,103.66000366210938,101.97000122070312,98.02088928222656
26-01-2016,102.0,102.27999877929688,267000,104.58000183105469,104.37999725341797,100.33757019042969
27-01-2016,102.0,104.87000274658203,372000,109.41999816894531,108.27999877929688,104.08651733398438
28-01-2016,108.83000183105469,109.19999694824219,332900,113.33000183105469,111.97000122070312,107.63362121582031
29-01-2016,112.5199966430664,112.5199966430664,416700,117.02999877929688,116.2300033569336,111.7286376953125
01-02-2016,114.62999725341797,115.33999633789062,383700,116.9000015258789,115.76000213623047,111.27684783935547
02-02-2016,113.5199966430664,114.76000213623047,203600,115.29000091552734,114.62999725341797,110.19059753417969
03-02-2016,112.91999816894531,115.77999877929688,241500,116.5999984741211,113.83999633789062,109.43119049072266
04-02-2016,110.2699966430664,114.0199966430664,205400,114.20999908447266,111.51000213623047,107.19143676757812
05-02-2016,106.55999755859375,111.41999816894531,289900,112.73999786376953,106.5999984741211,102.47156524658203
08-02-2016,102.31999969482422,105.55000305175781,333800,105.91000366210938,105.33999633789062,101.26038360595703
09-02-2016,103.23999786376953,103.69000244140625,151700,107.51000213623047,106.9800033569336,103.09131622314453
10-02-2016,104.69000244140625,107.41999816894531,266600,109.19000244140625,105.29000091552734,101.46276092529297
11-02-2016,102.70999908447266,103.7300033569336,210300,107.2699966430664,106.12000274658203,102.26258087158203
12-02-2016,106.27999877929688,107.51000213623047,175600,109.62999725341797,108.81999969482422,104.86443328857422
16-02-2016,109.0,110.26000213623047,194000,112.06999969482422,110.79000091552734,106.7628402709961
17-02-2016,111.79000091552734,111.79000091552734,363500,114.69000244140625,114.1500015258789,110.00067901611328
18-02-2016,111.83000183105469,114.4800033569336,215800,115.0,111.91000366210938,107.84213256835938
19-02-2016,110.06999969482422,111.66000366210938,197100,114.73999786376953,114.12999725341797,109.98141479492188
22-02-2016,111.06999969482422,114.58999633789062,207700,116.36000061035156,111.25,107.20609283447266
23-02-2016,111.0,111.0,367500,116.0,115.25,111.06070709228516
24-02-2016,113.26000213623047,113.91999816894531,242800,116.01000213623047,116.0,111.783447265625
25-02-2016,116.43000030517578,116.80000305175781,255200,119.72000122070312,119.25,114.9153060913086
26-02-2016,119.16999816894531,120.25,224500,120.94000244140625,119.9000015258789,115.54167938232422
29-02-2016,118.16000366210938,119.33000183105469,385700,119.95999908447266,118.45999908447266,114.15403747558594
01-03-2016,117.56999969482422,119.45999908447266,198700,120.30000305175781,118.30999755859375,114.00947570800781
02-03-2016,117.83000183105469,118.18000030517578,197200,120.91000366210938,119.95999908447266,115.5995101928711
03-03-2016,118.22000122070312,120.16999816894531,264100,120.93000030517578,120.76000213623047,116.37040710449219
04-03-2016,119.62999725341797,121.20999908447266,335400,126.36000061035156,126.29000091552734,121.69941711425781
07-03-2016,121.54000091552734,125.61000061035156,275200,125.80999755859375,122.02999877929688,117.59425354003906
08-03-2016,121.02999877929688,121.41000366210938,391400,127.30000305175781,123.79000091552734,119.290283203125
09-03-2016,121.08000183105469,124.38999938964844,432200,125.2300033569336,122.5999984741211,118.14352416992188
10-03-2016,122.44999694824219,122.51000213623047,460200,127.3499984741211,125.93000030517578,121.35250091552734
11-03-2016,123.45999908447266,126.9000015258789,235600,127.38999938964844,124.93000030517578,120.38883972167969
14-03-2016,123.81999969482422,124.6500015258789,149100,125.26000213623047,124.18000030517578,119.66613006591797
15-03-2016,122.5999984741211,123.83000183105469,174900,125.31999969482422,123.06999969482422,118.59645080566406
16-03-2016,121.73999786376953,122.30999755859375,197600,124.4000015258789,123.0999984741211,118.62533569335938
17-03-2016,122.36000061035156,122.94000244140625,159000,124.23999786376953,123.68000030517578,119.18427276611328
18-03-2016,123.31999969482422,124.20999908447266,350000,124.58999633789062,124.3499984741211,119.8299331665039
21-03-2016,122.01000213623047,124.0,161100,124.0,122.3499984741211,117.90262603759766
22-03-2016,121.48999786376953,122.0,247300,122.95999908447266,121.97000122070312,117.53643035888672
23-03-2016,121.12000274658203,121.45999908447266,215900,123.08000183105469,121.1500015258789,116.74624633789062
24-03-2016,119.37999725341797,120.91999816894531,163300,121.98999786376953,120.19999694824219,115.83078002929688
28-03-2016,119.94000244140625,120.93000030517578,192900,121.44000244140625,121.01000213623047,116.61133575439453
29-03-2016,119.18000030517578,120.48999786376953,246400,123.95999908447266,123.86000061035156,119.35773468017578
30-03-2016,122.18000030517578,124.22000122070312,221300,124.58999633789062,123.62000274658203,119.12648010253906
31-03-2016,122.04000091552734,123.33000183105469,276200,126.62000274658203,124.83000183105469,120.29248046875
01-04-2016,124.43000030517578,124.43000030517578,293400,129.57000732421875,128.5800018310547,123.90618133544922
04-04-2016,125.26000213623047,128.77999877929688,212600,129.42999267578125,126.51000213623047,121.9113998413086
05-04-2016,122.95999908447266,126.08000183105469,282900,128.50999450683594,123.11000061035156,118.6349868774414
06-04-2016,122.5999984741211,122.83999633789062,201700,125.87999725341797,125.38999938964844,120.83211517333984
07-04-2016,122.37999725341797,124.8499984741211,289700,126.55000305175781,124.0,119.49264526367188
08-04-2016,122.58999633789062,125.19999694824219,210700,126.33000183105469,123.01000213623047,118.53865051269531
11-04-2016,121.26000213623047,123.87999725341797,171300,123.87999725341797,121.55000305175781,117.1317138671875
12-04-2016,120.30999755859375,121.3499984741211,227000,123.13999938964844,121.87000274658203,117.44007873535156
13-04-2016,121.68000030517578,122.16000366210938,217700,125.41999816894531,125.0,120.45628356933594
14-04-2016,124.02999877929688,125.37999725341797,187800,126.80000305175781,125.69000244140625,121.12122344970703
15-04-2016,124.18000030517578,125.08000183105469,217700,125.94000244140625,124.68000030517578,120.14794921875
18-04-2016,123.68000030517578,123.68000030517578,145000,124.7300033569336,124.44999694824219,119.92630004882812
19-04-2016,124.37000274658203,125.2699966430664,222200,126.77999877929688,126.18000030517578,121.59341430664062
20-04-2016,124.98999786376953,126.63999938964844,223900,129.72000122070312,129.11000061035156,124.41690063476562
21-04-2016,127.37999725341797,128.97000122070312,260300,129.49000549316406,128.24000549316406,123.57852935791016
22-04-2016,128.02999877929688,128.02999877929688,296400,129.8300018310547,129.4600067138672,124.75420379638672
25-04-2016,127.9800033569336,129.58999633789062,236500,130.0,128.5800018310547,123.90618133544922
26-04-2016,127.80000305175781,129.27999877929688,199300,129.82000732421875,129.39999389648438,124.69635772705078
27-04-2016,124.44000244140625,126.76000213623047,210800,127.94999694824219,125.70999908447266,121.1405029296875
28-04-2016,123.13999938964844,125.05999755859375,206700,126.05000305175781,123.75,119.25174713134766
29-04-2016,121.55000305175781,123.83999633789062,260900,124.70999908447266,122.76000213623047,118.29774475097656
02-05-2016,122.11000061035156,122.76000213623047,339000,123.52999877929688,123.30999755859375,118.82772827148438
03-05-2016,119.6500015258789,122.66999816894531,256900,124.25,120.86000061035156,116.466796875
04-05-2016,119.16999816894531,120.0,264500,123.43000030517578,122.7300033569336,118.26881408691406
05-05-2016,117.5999984741211,122.83000183105469,273400,125.9800033569336,124.41000366210938,119.88774871826172
06-05-2016,122.45999908447266,124.11000061035156,229200,125.80000305175781,125.45999908447266,120.89960479736328
09-05-2016,125.47000122070312,125.86000061035156,275800,128.22000122070312,127.29000091552734,122.66304779052734
10-05-2016,126.26000213623047,127.80000305175781,240400,127.86000061035156,127.12000274658203,122.74998474121094
11-05-2016,125.88999938964844,126.51000213623047,331300,128.8300018310547,128.7100067138672,124.2853012084961
12-05-2016,128.2899932861328,129.39999389648438,360000,132.02000427246094,131.9199981689453,127.38493347167969
13-05-2016,130.3800048828125,131.4600067138672,257800,132.3699951171875,130.60000610351562,126.11035919189453
16-05-2016,130.8000030517578,131.10000610351562,213300,133.67999267578125,132.60000610351562,128.04159545898438
17-05-2016,130.2100067138672,132.11000061035156,321800,132.8000030517578,131.24000549316406,126.72831726074219
18-05-2016,130.0,131.0800018310547,266600,133.99000549316406,133.4199981689453,128.8333282470703
19-05-2016,131.66000366210938,132.52999877929688,268900,133.9499969482422,133.13999938964844,128.56301879882812
20-05-2016,132.89999389648438,132.89999389648438,253000,135.67999267578125,134.42999267578125,129.8086700439453
23-05-2016,132.8699951171875,134.75999450683594,202900,134.97999572753906,134.3699951171875,129.75071716308594
24-05-2016,133.74000549316406,134.6199951171875,338900,140.05999755859375,138.47000122070312,133.7097625732422
25-05-2016,137.25999450683594,139.24000549316406,356800,140.24000549316406,140.0,135.18719482421875
26-05-2016,138.52999877929688,140.39999389648438,361800,140.5399932861328,138.75999450683594,133.98980712890625
27-05-2016,137.72000122070312,138.35000610351562,406600,140.6300048828125,140.5800018310547,135.74722290039062
31-05-2016,139.63999938964844,141.35000610351562,257300,141.35000610351562,139.94000244140625,135.12924194335938
01-06-2016,138.82000732421875,139.1199951171875,278400,140.8300018310547,140.64999389648438,135.81484985351562
02-06-2016,139.8000030517578,140.00999450683594,391100,141.63999938964844,141.4499969482422,136.58734130859375
03-06-2016,139.64999389648438,141.5,212000,142.3800048828125,141.6999969482422,136.8287811279297
06-06-2016,142.07000732421875,142.67999267578125,331700,143.63999938964844,143.25,138.32546997070312
07-06-2016,140.9600067138672,142.9199981689453,324900,142.9199981689453,141.75,136.8770751953125
08-06-2016,140.9499969482422,141.4600067138672,250000,143.5500030517578,143.5500030517578,138.6151885986328
09-06-2016,141.3000030517578,142.99000549316406,240200,143.1300048828125,142.22999572753906,137.34051513671875
10-06-2016,140.47999572753906,140.9499969482422,245000,142.61000061035156,141.83999633789062,136.9639129638672
13-06-2016,139.50999450683594,140.83999633789062,552100,142.36000061035156,142.07000732421875,137.18603515625
14-06-2016,140.9499969482422,141.5500030517578,235200,142.5,141.49000549316406,136.62596130371094
15-06-2016,140.0500030517578,141.80999755859375,254100,142.4499969482422,141.60000610351562,136.73220825195312
16-06-2016,140.02000427246094,140.61000061035156,147800,142.5800018310547,142.52000427246094,137.6205596923828
17-06-2016,140.39999389648438,142.92999267578125,434100,143.3800048828125,140.47999572753906,135.6506805419922
20-06-2016,140.0800018310547,140.3699951171875,276700,142.1999969482422,140.9499969482422,136.1044921875
21-06-2016,137.52000427246094,141.42999267578125,361100,141.42999267578125,138.72999572753906,133.9608612060547
22-06-2016,138.3699951171875,138.3699951171875,356000,140.5,139.24000549316406,134.45333862304688
23-06-2016,140.36000061035156,140.36000061035156,422800,144.13999938964844,144.1300048828125,139.17523193359375
24-06-2016,137.8800048828125,138.92999267578125,3945600,142.25,139.17999267578125,134.39540100097656
27-06-2016,134.83999633789062,137.63999938964844,460400,137.8000030517578,135.8699951171875,131.19915771484375
28-06-2016,136.77000427246094,136.97000122070312,479000,141.86000061035156,141.25999450683594,136.40382385253906
29-06-2016,140.97999572753906,142.42999267578125,386000,144.08999633789062,142.02000427246094,137.13775634765625
30-06-2016,141.97000122070312,142.94000244140625,420400,145.58999633789062,145.39999389648438,140.4015350341797
01-07-2016,143.05999755859375,144.7899932861328,253400,145.72000122070312,143.58999633789062,138.65377807617188
05-07-2016,142.19000244140625,143.5399932861328,321600,144.77999877929688,144.58999633789062,139.61940002441406
06-07-2016,145.08999633789062,145.13999938964844,868600,151.39999389648438,150.02999877929688,144.8723907470703
07-07-2016,148.1300048828125,150.0,403600,150.58999633789062,149.27000427246094,144.13853454589844
08-07-2016,150.13999938964844,150.58999633789062,414200,152.6300048828125,151.72000122070312,146.5042724609375
11-07-2016,150.77999877929688,153.41000366210938,446600,153.6199951171875,150.80999755859375,145.62557983398438
12-07-2016,150.05999755859375,151.58999633789062,255100,151.74000549316406,151.0800018310547,145.8863067626953
13-07-2016,150.14999389648438,151.39999389648438,334100,152.22999572753906,150.6999969482422,145.51934814453125
14-07-2016,150.47000122070312,151.8699951171875,319200,152.1999969482422,151.50999450683594,146.30154418945312
15-07-2016,149.3699951171875,150.80999755859375,221200,152.10000610351562,151.41000366210938,146.2049560546875
18-07-2016,149.75999450683594,152.08999633789062,231400,152.08999633789062,149.97000122070312,144.814453125
19-07-2016,149.66000366210938,150.22999572753906,198800,152.08999633789062,152.02999877929688,146.8036346435547
20-07-2016,151.0,151.8800048828125,135800,152.89999389648438,152.0500030517578,146.82293701171875
21-07-2016,150.1199951171875,151.97999572753906,197600,151.97999572753906,151.3800048828125,146.1759796142578
22-07-2016,151.0,151.0,160300,153.3000030517578,152.74000549316406,147.4892120361328
25-07-2016,151.3699951171875,153.13999938964844,225000,153.97000122070312,153.47000122070312,148.19410705566406
26-07-2016,152.30999755859375,153.77999877929688,171000,153.99000549316406,153.7100067138672,148.42588806152344
27-07-2016,152.50999450683594,154.16000366210938,363300,154.9499969482422,153.8000030517578,148.5128173828125
28-07-2016,151.91000366210938,152.75999450683594,334200,159.85000610351562,159.75999450683594,154.2678985595703
29-07-2016,160.13999938964844,160.13999938964844,519500,163.38999938964844,161.66000366210938,156.10256958007812
01-08-2016,159.39999389648438,162.47000122070312,358700,162.49000549316406,161.47000122070312,155.91909790039062
02-08-2016,159.1300048828125,161.60000610351562,449700,162.72999572753906,161.8300018310547,156.26675415039062
03-08-2016,161.0500030517578,161.8300018310547,197000,162.47000122070312,161.74000549316406,156.1798095703125
04-08-2016,160.7100067138672,162.35000610351562,210100,162.92999267578125,162.41000366210938,156.8267822265625
05-08-2016,160.8800048828125,163.1699981689453,181800,163.19000244140625,162.8300018310547,157.23233032226562
08-08-2016,161.67999267578125,162.92999267578125,225800,163.64999389648438,161.77000427246094,156.20880126953125
09-08-2016,161.0800018310547,161.24000549316406,178600,162.25,161.44000244140625,156.14109802246094
10-08-2016,160.82000732421875,161.77999877929688,300200,163.25999450683594,162.11000061035156,156.78909301757812
11-08-2016,161.22999572753906,162.52000427246094,144700,162.72000122070312,161.99000549316406,156.67300415039062
12-08-2016,161.02999877929688,162.07000732421875,121300,162.80999755859375,162.22000122070312,156.89552307128906
15-08-2016,162.22000122070312,162.7899932861328,148500,165.05999755859375,164.49000549316406,159.0910186767578
16-08-2016,162.74000549316406,164.2899932861328,117800,164.4199981689453,163.05999755859375,157.70794677734375
17-08-2016,162.91000366210938,163.38999938964844,155100,165.1300048828125,164.6199951171875,159.2166748046875
18-08-2016,164.44000244140625,164.82000732421875,184500,167.4600067138672,166.88999938964844,161.4121856689453
19-08-2016,166.11000061035156,166.11000061035156,211000,167.9199981689453,166.7100067138672,161.2381134033203
22-08-2016,164.47999572753906,166.7100067138672,200400,166.92999267578125,165.25999450683594,159.835693359375
23-08-2016,164.27000427246094,165.9600067138672,214300,166.0500030517578,164.8300018310547,159.4198455810547
24-08-2016,162.0800018310547,164.60000610351562,254100,165.3699951171875,165.3699951171875,159.94207763671875
25-08-2016,164.3699951171875,164.7899932861328,120400,166.52999877929688,165.9499969482422,160.50303649902344
26-08-2016,165.07000732421875,165.77999877929688,106900,167.0399932861328,166.16000366210938,160.70614624023438
29-08-2016,166.36000061035156,166.94000244140625,239000,168.97000122070312,167.80999755859375,162.3019561767578
30-08-2016,164.99000549316406,167.97000122070312,297000,169.14999389648438,168.94000244140625,163.3948974609375
31-08-2016,166.4499969482422,169.10000610351562,312600,169.3000030517578,168.5399932861328,163.00807189941406
01-09-2016,168.2899932861328,169.25,199400,170.41000366210938,169.52999877929688,163.96556091308594
02-09-2016,168.89999389648438,170.36000061035156,301200,172.66000366210938,172.5399932861328,166.8767547607422
06-09-2016,168.4199981689453,172.60000610351562,393800,172.75999450683594,168.8800048828125,163.33688354492188
07-09-2016,166.8800048828125,167.99000549316406,272700,169.27999877929688,169.02000427246094,163.4722900390625
08-09-2016,167.8800048828125,168.9199981689453,174000,168.94000244140625,168.72000122070312,163.18214416503906
09-09-2016,167.05999755859375,167.77999877929688,344500,171.66000366210938,171.3800048828125,165.7548370361328
12-09-2016,169.39999389648438,171.25999450683594,295600,172.14999389648438,172.02000427246094,166.3738250732422
13-09-2016,167.64999389648438,171.02999877929688,234100,171.72999572753906,169.50999450683594,163.9462127685547
14-09-2016,168.8800048828125,169.91000366210938,185100,171.3300018310547,169.52000427246094,163.9558868408203
15-09-2016,168.05999755859375,170.10000610351562,188000,173.6199951171875,173.33999633789062,167.65049743652344
16-09-2016,172.2899932861328,173.6300048828125,816500,178.2100067138672,172.75999450683594,167.08949279785156
19-09-2016,169.3800048828125,172.77000427246094,414800,173.5800018310547,170.74000549316406,165.1358642578125
20-09-2016,169.38999938964844,171.74000549316406,201800,174.6199951171875,172.8300018310547,167.15725708007812
21-09-2016,171.47000122070312,173.61000061035156,215600,174.91000366210938,173.33999633789062,167.65049743652344
22-09-2016,172.67999267578125,174.27999877929688,232700,175.2100067138672,172.83999633789062,167.16693115234375
23-09-2016,170.7100067138672,171.80999755859375,254600,173.0,170.75,165.1455078125
26-09-2016,167.7100067138672,170.0800018310547,280300,170.14999389648438,167.8800048828125,162.3697509765625
27-09-2016,167.5399932861328,167.8800048828125,334700,170.4199981689453,170.27000427246094,164.6812744140625
28-09-2016,168.72999572753906,171.2899932861328,237300,171.30999755859375,171.00999450683594,165.39698791503906
29-09-2016,165.83999633789062,171.1699981689453,159700,171.1699981689453,166.13999938964844,160.68682861328125
30-09-2016,165.5500030517578,166.0800018310547,358000,167.4499969482422,165.58999633789062,160.15492248535156
03-10-2016,163.82000732421875,166.0,269800,166.63999938964844,164.16000366210938,158.7718048095703
04-10-2016,161.66000366210938,164.9499969482422,355800,164.99000549316406,162.1999969482422,156.8761444091797
05-10-2016,160.52999877929688,161.97000122070312,326800,162.7899932861328,161.2899932861328,155.99600219726562
06-10-2016,159.4499969482422,161.33999633789062,373700,161.91000366210938,160.33999633789062,155.07717895507812
07-10-2016,157.9600067138672,159.85000610351562,270000,160.4199981689453,159.19000244140625,153.9649658203125
10-10-2016,158.60000610351562,159.47999572753906,219800,160.86000061035156,158.82000732421875,153.6071014404297
11-10-2016,155.97000122070312,158.83999633789062,303300,159.41000366210938,156.88999938964844,151.74046325683594
12-10-2016,154.1300048828125,155.0800018310547,270400,157.63999938964844,157.22000122070312,152.0596160888672
13-10-2016,154.72999572753906,156.44000244140625,212500,157.6699981689453,154.9600067138672,149.8738250732422
14-10-2016,153.94000244140625,155.2100067138672,292300,155.75999450683594,154.22000122070312,149.1580810546875
17-10-2016,151.9199981689453,154.14999389648438,307500,154.47999572753906,152.2899932861328,147.29144287109375
18-10-2016,152.9199981689453,153.30999755859375,271200,155.47000122070312,154.75,149.67066955566406
19-10-2016,152.6699981689453,155.0,148300,156.1199951171875,153.33999633789062,148.3069610595703
20-10-2016,151.30999755859375,152.75999450683594,209500,153.97000122070312,151.39999389648438,146.4306182861328
21-10-2016,150.00999450683594,151.22999572753906,322200,152.3800048828125,152.22000122070312,147.22372436523438
24-10-2016,152.89999389648438,153.32000732421875,126400,153.75,153.25999450683594,148.2295684814453
25-10-2016,151.6300048828125,153.77999877929688,201000,153.77999877929688,152.22000122070312,147.22372436523438
26-10-2016,150.52000427246094,152.00999450683594,318700,153.83999633789062,153.14999389648438,148.1231689453125
27-10-2016,150.52000427246094,152.99000549316406,245500,153.0800018310547,150.63999938964844,145.69558715820312
28-10-2016,148.58999633789062,150.19000244140625,204900,150.9199981689453,150.1300048828125,145.20230102539062
31-10-2016,149.94000244140625,150.99000549316406,146800,151.42999267578125,150.75999450683594,145.81167602539062
01-11-2016,147.7100067138672,151.22000122070312,265800,151.33999633789062,148.30999755859375,143.4420623779297
02-11-2016,145.85000610351562,147.88999938964844,258200,149.0399932861328,147.69000244140625,142.84243774414062
03-11-2016,147.47999572753906,147.69000244140625,185300,149.74000549316406,147.8000030517578,142.94882202148438
04-11-2016,147.60000610351562,148.91000366210938,266300,151.5500030517578,150.47000122070312,145.53118896484375
07-11-2016,151.17999267578125,154.13999938964844,208200,154.3300018310547,153.1199951171875,148.3505096435547
08-11-2016,152.86000061035156,152.86000061035156,287400,156.25999450683594,155.2100067138672,150.3754119873047
09-11-2016,155.00999450683594,155.1999969482422,320400,161.91000366210938,161.25,156.22731018066406
10-11-2016,159.5800018310547,162.67999267578125,310100,165.4199981689453,159.91000366210938,154.9290313720703
11-11-2016,159.2899932861328,159.77000427246094,196700,162.24000549316406,161.9199981689453,156.87643432617188
14-11-2016,162.11000061035156,162.11000061035156,315100,167.0800018310547,165.61000061035156,160.45147705078125
15-11-2016,162.6699981689453,165.9600067138672,239800,166.5800018310547,163.61000061035156,158.51377868652344
16-11-2016,163.1300048828125,163.1300048828125,245900,166.1199951171875,165.8300018310547,160.6646270751953
17-11-2016,165.92999267578125,166.77999877929688,330600,171.74000549316406,171.02000427246094,165.6929931640625
18-11-2016,168.52999877929688,170.8000030517578,210700,172.19000244140625,169.4600067138672,164.18154907226562
21-11-2016,168.74000549316406,169.0800018310547,222100,170.24000549316406,170.08999633789062,164.7919464111328
22-11-2016,168.52000427246094,170.35000610351562,222100,172.42999267578125,169.3800048828125,164.10406494140625
23-11-2016,168.1699981689453,168.8699951171875,155200,169.97999572753906,168.4600067138672,163.2126922607422
25-11-2016,167.00999450683594,168.88999938964844,79300,170.3800048828125,169.6199951171875,164.33657836914062
28-11-2016,168.10000610351562,169.8000030517578,181700,169.9499969482422,169.14999389648438,163.88121032714844
29-11-2016,168.58999633789062,169.52999877929688,209600,169.99000549316406,168.9600067138672,163.69715881347656
30-11-2016,165.67999267578125,169.9499969482422,159500,170.02000427246094,165.77000427246094,160.60650634765625
01-12-2016,162.14999389648438,165.77000427246094,271700,167.10000610351562,162.89999389648438,157.82586669921875
02-12-2016,160.41000366210938,163.41000366210938,327700,163.41000366210938,161.89999389648438,156.85704040527344
05-12-2016,161.97000122070312,162.89999389648438,188200,165.10000610351562,164.05999755859375,158.94976806640625
06-12-2016,163.85000610351562,164.8300018310547,257500,167.4499969482422,166.3800048828125,161.197509765625
07-12-2016,162.24000549316406,166.74000549316406,314400,166.8000030517578,163.47000122070312,158.378173828125
08-12-2016,162.42999267578125,163.5,177500,165.0800018310547,164.94000244140625,159.8023223876953
09-12-2016,164.9600067138672,165.91000366210938,200100,167.1199951171875,166.97000122070312,161.76910400390625
12-12-2016,165.77000427246094,166.3000030517578,173600,168.25,168.19000244140625,162.95108032226562
13-12-2016,168.00999450683594,169.27999877929688,138300,170.1999969482422,168.92999267578125,163.6680450439453
14-12-2016,164.41000366210938,168.8300018310547,157700,168.92999267578125,164.52000427246094,159.3954315185547
15-12-2016,164.22000122070312,164.22000122070312,207300,168.47000122070312,167.1199951171875,161.91445922851562
16-12-2016,162.25999450683594,167.92999267578125,342300,167.92999267578125,162.38999938964844,157.331787109375
19-12-2016,159.75999450683594,162.02000427246094,188400,164.13999938964844,160.64999389648438,155.64598083496094
20-12-2016,156.25999450683594,161.05999755859375,339000,163.8000030517578,157.05999755859375,152.16778564453125
21-12-2016,153.0,157.36000061035156,348400,160.44000244140625,153.6699981689453,148.88340759277344
22-12-2016,150.0,153.7100067138672,206500,154.42999267578125,150.1999969482422,145.52146911621094
23-12-2016,148.74000549316406,150.3800048828125,246500,150.52000427246094,149.4199981689453,144.76577758789062
27-12-2016,147.88999938964844,149.27999877929688,216400,150.10000610351562,149.49000549316406,144.8335723876953
28-12-2016,147.89999389648438,149.6199951171875,149900,150.0800018310547,148.42999267578125,143.8065948486328
29-12-2016,145.10000610351562,148.36000061035156,197500,148.7899932861328,145.52999877929688,140.9969482421875
30-12-2016,145.27999877929688,145.27999877929688,278200,148.36000061035156,146.9199981689453,142.34364318847656
03-01-2017,147.7899932861328,149.7899932861328,320900,151.47999572753906,150.17999267578125,145.50210571289062
04-01-2017,150.6699981689453,150.67999267578125,322800,154.5500030517578,152.9199981689453,148.15673828125
05-01-2017,151.5,152.4499969482422,243400,153.60000610351562,152.7100067138672,147.95330810546875
06-01-2017,156.1699981689453,158.5399932861328,463200,159.0800018310547,157.14999389648438,152.25498962402344
09-01-2017,155.08999633789062,156.89999389648438,174000,157.6999969482422,156.7899932861328,151.9062042236328
10-01-2017,153.74000549316406,156.1300048828125,215500,156.97000122070312,156.05999755859375,151.19894409179688
11-01-2017,154.80999755859375,156.5,194200,157.4199981689453,156.99000549316406,152.09999084472656
12-01-2017,154.7100067138672,156.47000122070312,155700,156.72000122070312,156.35000610351562,151.47991943359375
13-01-2017,155.35000610351562,157.10000610351562,189600,159.94000244140625,156.85000610351562,151.96434020996094
17-01-2017,153.9499969482422,155.9199981689453,171900,157.7100067138672,155.50999450683594,150.6660614013672
18-01-2017,155.32000732421875,156.2899932861328,132900,157.3300018310547,156.50999450683594,151.63494873046875
19-01-2017,154.4600067138672,156.27000427246094,145000,156.6199951171875,155.22999572753906,150.394775390625
20-01-2017,155.32000732421875,155.32000732421875,178100,157.3000030517578,156.88999938964844,152.0030975341797
23-01-2017,154.99000549316406,156.64999389648438,167500,159.42999267578125,155.38999938964844,150.5498504638672
24-01-2017,154.02999877929688,155.9499969482422,218100,159.25,158.36000061035156,153.42733764648438
25-01-2017,166.0,170.66000366210938,616000,178.0,175.99000549316406,170.50811767578125
26-01-2017,176.5500030517578,176.99000549316406,456900,182.86000061035156,180.41000366210938,174.7904815673828
27-01-2017,178.10000610351562,181.0399932861328,274800,181.80999755859375,179.82000732421875,174.21888732910156
30-01-2017,178.07000732421875,179.99000549316406,209700,181.49000549316406,181.33999633789062,175.69149780273438
31-01-2017,183.47000122070312,183.47000122070312,503800,188.8699951171875,187.25,181.41741943359375
01-02-2017,186.5,190.2899932861328,357700,190.2899932861328,188.13999938964844,182.27972412109375
02-02-2017,185.88999938964844,187.77999877929688,270400,190.10000610351562,188.10000610351562,182.240966796875
03-02-2017,187.07000732421875,189.66000366210938,225100,191.30999755859375,191.27000427246094,185.31222534179688
06-02-2017,189.02000427246094,191.44000244140625,197100,191.44000244140625,190.27999877929688,184.3530731201172
07-02-2017,189.02999877929688,190.0399932861328,265600,194.1199951171875,189.33999633789062,183.76100158691406
08-02-2017,185.8300018310547,188.66000366210938,234300,189.6300048828125,187.47000122070312,181.9461212158203
09-02-2017,186.57000732421875,187.83999633789062,229100,189.47000122070312,188.3300018310547,182.7808074951172
10-02-2017,186.42999267578125,188.6699981689453,161300,188.9499969482422,186.82000732421875,181.31527709960938
13-02-2017,186.97999572753906,186.97999572753906,226900,190.3300018310547,189.8000030517578,184.20745849609375
14-02-2017,187.24000549316406,188.8800048828125,176400,190.22999572753906,190.07000732421875,184.46951293945312
15-02-2017,188.00999450683594,189.97999572753906,122000,191.99000549316406,191.69000244140625,186.041748046875
16-02-2017,190.05999755859375,191.5,83000,193.47000122070312,191.67999267578125,186.0320587158203
17-02-2017,190.14999389648438,191.4499969482422,126200,193.44000244140625,193.0800018310547,187.3908233642578
21-02-2017,191.83999633789062,193.6300048828125,195700,195.22999572753906,192.74000549316406,187.0608673095703
22-02-2017,192.27000427246094,192.3800048828125,146200,195.14999389648438,195.02000427246094,189.2736358642578
23-02-2017,192.85000610351562,194.74000549316406,176400,195.52999877929688,194.85000610351562,189.10867309570312
24-02-2017,193.24000549316406,193.8000030517578,172500,196.2899932861328,196.17999267578125,190.3994598388672
27-02-2017,191.13999938964844,196.89999389648438,286200,197.05999755859375,194.99000549316406,189.24452209472656
28-02-2017,192.5399932861328,195.3300018310547,234300,196.61000061035156,195.22999572753906,189.4774932861328
01-03-2017,193.8800048828125,196.4499969482422,235800,200.89999389648438,197.74000549316406,191.91354370117188
02-03-2017,191.77999877929688,196.9600067138672,167000,197.80999755859375,191.9499969482422,186.29409790039062
03-03-2017,190.41000366210938,192.66000366210938,276800,195.94000244140625,193.85000610351562,188.1381072998047
06-03-2017,191.82000732421875,192.85000610351562,145000,195.9199981689453,192.8000030517578,187.11907958984375
07-03-2017,191.25999450683594,192.91000366210938,126800,194.8300018310547,192.5399932861328,186.86676025390625
08-03-2017,190.8300018310547,192.22000122070312,118500,194.0,190.97000122070312,185.34298706054688
09-03-2017,190.44000244140625,190.9499969482422,108600,192.7899932861328,192.11000061035156,186.44940185546875
10-03-2017,191.02999877929688,193.07000732421875,106100,194.17999267578125,191.5,185.8573760986328
13-03-2017,190.69000244140625,191.47999572753906,110700,192.99000549316406,191.67999267578125,186.0320587158203
14-03-2017,189.83999633789062,190.69000244140625,108600,192.17999267578125,191.24000549316406,185.60504150390625
15-03-2017,190.14999389648438,191.8000030517578,121500,192.88999938964844,191.1199951171875,185.48854064941406
16-03-2017,190.47000122070312,191.7100067138672,138500,192.8699951171875,190.77999877929688,185.15859985351562
17-03-2017,189.58999633789062,190.6699981689453,263800,191.05999755859375,190.0500030517578,184.4500732421875
20-03-2017,189.1999969482422,189.80999755859375,94200,192.49000549316406,189.8300018310547,184.236572265625
21-03-2017,184.22000122070312,189.97999572753906,128200,190.00999450683594,184.42999267578125,178.99569702148438
22-03-2017,184.19000244140625,184.19000244140625,144500,191.4199981689453,187.9499969482422,182.41197204589844
23-03-2017,186.8000030517578,188.25,95000,191.74000549316406,187.0,181.4899444580078
24-03-2017,186.64999389648438,187.02000427246094,77300,189.27999877929688,187.6999969482422,182.1693572998047
27-03-2017,181.82000732421875,185.0399932861328,216800,186.13999938964844,184.99000549316406,179.53921508789062
28-03-2017,182.6699981689453,185.11000061035156,300500,188.3300018310547,185.91000366210938,180.4320526123047
29-03-2017,182.99000549316406,185.6300048828125,172400,186.13999938964844,185.11000061035156,179.65565490722656
30-03-2017,183.3000030517578,185.6300048828125,119300,186.66000366210938,185.94000244140625,180.46121215820312
31-03-2017,183.85000610351562,185.0,256400,188.7899932861328,187.49000549316406,181.96554565429688
03-04-2017,186.4199981689453,187.08999633789062,151000,190.69000244140625,187.14999389648438,181.63551330566406
04-04-2017,184.91000366210938,186.8699951171875,163400,187.99000549316406,185.8699951171875,180.39328002929688
05-04-2017,177.63999938964844,188.0,415300,190.72999572753906,180.10000610351562,174.79324340820312
06-04-2017,178.86000061035156,179.72999572753906,221200,182.60000610351562,181.5399932861328,176.1908416748047
07-04-2017,180.3000030517578,180.3000030517578,122900,183.72000122070312,182.72999572753906,177.34576416015625
10-04-2017,181.5399932861328,183.83999633789062,115300,184.38999938964844,183.25999450683594,177.8601531982422
11-04-2017,181.3300018310547,183.10000610351562,133600,183.63999938964844,182.94000244140625,177.54959106445312
12-04-2017,180.33999633789062,183.2899932861328,122600,183.75999450683594,180.82000732421875,175.49208068847656
13-04-2017,177.89999389648438,180.88999938964844,127900,182.99000549316406,178.07000732421875,172.8230743408203
17-04-2017,177.6199951171875,178.07000732421875,129100,182.97000122070312,182.6999969482422,177.31663513183594
18-04-2017,180.50999450683594,181.77999877929688,171200,183.88999938964844,183.05999755859375,177.66604614257812
19-04-2017,182.0800018310547,184.57000732421875,79200,184.5800018310547,182.99000549316406,177.59811401367188
20-04-2017,182.33999633789062,184.0500030517578,80000,185.47000122070312,185.3000030517578,179.84002685546875
21-04-2017,183.16000366210938,185.10000610351562,93000,185.24000549316406,184.60000610351562,179.1606903076172
24-04-2017,183.4199981689453,187.72000122070312,134000,187.72000122070312,185.61000061035156,180.1409149169922
25-04-2017,184.0800018310547,186.5500030517578,116100,187.55999755859375,184.6699981689453,179.2285919189453
26-04-2017,186.88999938964844,187.9499969482422,270400,197.7100067138672,194.5500030517578,188.8175048828125
27-04-2017,194.8699951171875,195.02999877929688,220000,197.74000549316406,195.8800048828125,190.10830688476562
28-04-2017,191.11000061035156,195.3000030517578,168100,196.13999938964844,192.52000427246094,186.84730529785156
01-05-2017,190.47999572753906,193.52000427246094,154600,194.0800018310547,192.1199951171875,186.45907592773438
02-05-2017,188.67999267578125,191.61000061035156,159700,191.64999389648438,189.3699951171875,183.79013061523438
03-05-2017,184.25999450683594,189.63999938964844,187400,190.1699981689453,186.83999633789062,181.3346710205078
04-05-2017,183.52000427246094,187.08999633789062,167700,188.24000549316406,186.5,181.00469970703125
05-05-2017,184.80999755859375,186.8000030517578,160300,188.1999969482422,187.83999633789062,182.30523681640625
08-05-2017,184.2100067138672,186.85000610351562,184500,187.69000244140625,186.00999450683594,180.5291290283203
09-05-2017,185.30999755859375,185.30999755859375,143400,187.7899932861328,186.5399932861328,181.365234375
10-05-2017,185.8000030517578,186.22999572753906,208300,189.14999389648438,188.16000366210938,182.94032287597656
11-05-2017,184.4199981689453,187.77999877929688,179300,188.9199981689453,188.3300018310547,183.10565185546875
12-05-2017,185.99000549316406,187.1300048828125,132900,188.07000732421875,186.38999938964844,181.2194366455078
15-05-2017,187.42999267578125,187.5,148800,190.10000610351562,188.38999938964844,183.16397094726562
16-05-2017,183.80999755859375,187.97000122070312,179600,189.99000549316406,184.72000122070312,179.5957794189453
17-05-2017,181.75,182.42999267578125,190700,185.8300018310547,182.33999633789062,177.2817840576172
18-05-2017,180.0,181.6699981689453,126100,183.39999389648438,182.0500030517578,176.99981689453125
19-05-2017,182.19000244140625,183.0500030517578,138700,186.58999633789062,186.39999389648438,181.2291717529297
22-05-2017,184.44000244140625,186.5399932861328,117700,188.00999450683594,185.39999389648438,180.25689697265625
23-05-2017,183.0,185.82000732421875,120300,188.25999450683594,188.0,182.78477478027344
24-05-2017,188.1999969482422,188.1999969482422,184300,192.32000732421875,191.67999267578125,186.36268615722656
25-05-2017,192.1300048828125,192.1300048828125,184700,196.60000610351562,195.55999755859375,190.1350555419922
26-05-2017,192.27000427246094,195.4199981689453,192300,196.66000366210938,194.1699981689453,188.78363037109375
30-05-2017,191.13999938964844,193.66000366210938,140300,194.88999938964844,191.2100067138672,185.90574645996094
31-05-2017,188.0800018310547,192.22000122070312,172100,192.50999450683594,190.5800018310547,185.29319763183594
01-06-2017,189.0800018310547,191.86000061035156,144700,192.5800018310547,191.97000122070312,186.64462280273438
02-06-2017,189.3000030517578,192.02000427246094,145000,192.97999572753906,191.60000610351562,186.284912109375
05-06-2017,189.33999633789062,190.89999389648438,115300,194.07000732421875,190.5,185.21539306640625
06-06-2017,186.5500030517578,188.52999877929688,233500,189.22000122070312,187.99000549316406,182.7750701904297
07-06-2017,187.0500030517578,188.3300018310547,175400,196.0500030517578,194.75,189.34750366210938
08-06-2017,193.86000061035156,195.7100067138672,297700,203.38999938964844,199.3300018310547,193.80044555664062
09-06-2017,198.3000030517578,200.36000061035156,198000,205.5,201.94000244140625,196.33807373046875
12-06-2017,198.9499969482422,202.1999969482422,200100,204.5500030517578,204.33999633789062,198.67149353027344
13-06-2017,203.80999755859375,204.8300018310547,229400,207.4199981689453,206.14999389648438,200.4312744140625
14-06-2017,205.00999450683594,205.36000061035156,207600,208.35000610351562,206.75999450683594,201.02435302734375
15-06-2017,203.38999938964844,205.1300048828125,89500,207.97999572753906,207.33999633789062,201.58827209472656
16-06-2017,203.63999938964844,206.8000030517578,250300,209.00999450683594,205.67999267578125,199.97430419921875
19-06-2017,205.67999267578125,206.1999969482422,189000,209.4600067138672,207.92999267578125,202.1619110107422
20-06-2017,206.92999267578125,208.10000610351562,180000,211.05999755859375,207.44000244140625,201.68548583984375
21-06-2017,202.11000061035156,207.3300018310547,224300,208.0,202.4499969482422,196.8339080810547
22-06-2017,200.6699981689453,201.5500030517578,141000,202.66000366210938,201.77000427246094,196.17276000976562
23-06-2017,200.77999877929688,201.8699951171875,173900,203.14999389648438,201.38999938964844,195.80335998535156
26-06-2017,199.86000061035156,201.9499969482422,93300,201.9499969482422,200.85000610351562,195.2782745361328
27-06-2017,197.24000549316406,200.6300048828125,165100,200.75,197.63999938964844,192.15737915039062
28-06-2017,197.80999755859375,199.0,162000,203.0,201.75999450683594,196.1630401611328
29-06-2017,200.0399932861328,202.55999755859375,198800,204.30999755859375,203.52000427246094,197.87423706054688
30-06-2017,200.02999877929688,204.52000427246094,164800,205.1699981689453,201.10000610351562,195.52137756347656
03-07-2017,201.27999877929688,201.6999969482422,64000,204.72000122070312,203.38999938964844,197.74781799316406
05-07-2017,202.7899932861328,203.13999938964844,131700,206.14999389648438,205.75,200.04238891601562
06-07-2017,193.1199951171875,204.14999389648438,354300,204.7899932861328,193.3800048828125,188.01553344726562
07-07-2017,191.41000366210938,194.1999969482422,175500,195.5399932861328,194.0399932861328,188.65724182128906
10-07-2017,190.5,193.52999877929688,234200,196.10000610351562,194.99000549316406,189.5808563232422
11-07-2017,192.32000732421875,194.97999572753906,164500,196.13999938964844,193.24000549316406,187.87940979003906
12-07-2017,192.72000122070312,194.17999267578125,157800,194.91000366210938,193.75,188.37525939941406
13-07-2017,191.47000122070312,194.30999755859375,176600,194.89999389648438,194.1699981689453,188.78363037109375
14-07-2017,190.11000061035156,193.64999389648438,196600,196.5,190.41000366210938,185.12789916992188
17-07-2017,186.9199981689453,190.02000427246094,341100,192.11000061035156,190.4499969482422,185.1668243408203
18-07-2017,189.11000061035156,190.4499969482422,196600,193.49000549316406,192.58999633789062,187.24746704101562
19-07-2017,190.5399932861328,193.8000030517578,219600,196.61000061035156,194.6199951171875,189.2211151123047
20-07-2017,192.33999633789062,195.14999389648438,277700,196.6699981689453,194.67999267578125,189.2794647216797
21-07-2017,193.3699951171875,193.3699951171875,165800,196.9600067138672,194.9199981689453,189.5128173828125
24-07-2017,194.75,195.02000427246094,166500,198.27000427246094,196.75,191.29202270507812
25-07-2017,196.2100067138672,197.6699981689453,292600,199.99000549316406,199.47999572753906,193.94627380371094
26-07-2017,199.97000122070312,200.0,403200,209.69000244140625,205.14999389648438,199.45901489257812
27-07-2017,201.11000061035156,206.75999450683594,189600,207.07000732421875,205.52000427246094,199.81878662109375
28-07-2017,204.6199951171875,204.6699981689453,209600,208.64999389648438,207.83999633789062,202.07440185546875
31-07-2017,202.6699981689453,207.42999267578125,214600,209.25,202.88999938964844,197.26170349121094
01-08-2017,200.75999450683594,203.8800048828125,201800,205.8800048828125,204.22000122070312,198.55482482910156
02-08-2017,202.00999450683594,204.30999755859375,168300,206.19000244140625,205.57000732421875,199.8673553466797
03-08-2017,202.7899932861328,205.94000244140625,99000,206.41000366210938,205.07000732421875,199.3812255859375
04-08-2017,204.08999633789062,206.02999877929688,80700,207.02000427246094,206.00999450683594,200.295166015625
07-08-2017,201.6699981689453,206.4199981689453,139500,206.4199981689453,201.88999938964844,196.2894287109375
08-08-2017,196.5399932861328,201.8300018310547,209600,205.99000549316406,197.42999267578125,192.26747131347656
09-08-2017,196.02999877929688,196.4600067138672,116000,199.25,199.0500030517578,193.84506225585938
10-08-2017,195.3000030517578,197.7100067138672,144700,197.86000061035156,195.41000366210938,190.30027770996094
11-08-2017,192.27999877929688,196.2899932861328,254400,197.47999572753906,192.4600067138672,187.4274139404297
14-08-2017,192.36000061035156,194.36000061035156,166700,195.82000732421875,193.25999450683594,188.2064971923828
15-08-2017,191.1999969482422,193.50999450683594,189000,194.6199951171875,192.49000549316406,187.45663452148438
16-08-2017,190.17999267578125,192.63999938964844,238900,194.47000122070312,192.97999572753906,187.9337921142578
17-08-2017,190.52999877929688,192.74000549316406,230200,193.32000732421875,192.02999877929688,187.00863647460938
18-08-2017,187.35000610351562,192.27000427246094,344000,192.6300048828125,188.7100067138672,183.7754669189453
21-08-2017,185.0399932861328,188.05999755859375,397000,192.0399932861328,191.58999633789062,186.58016967773438
22-08-2017,191.5,192.6699981689453,136000,193.85000610351562,193.33999633789062,188.28439331054688
23-08-2017,192.1300048828125,193.02999877929688,192800,195.16000366210938,194.08999633789062,189.0147705078125
24-08-2017,190.3800048828125,194.2100067138672,97500,194.64999389648438,190.61000061035156,185.62574768066406
25-08-2017,190.11000061035156,191.27000427246094,140400,192.22000122070312,190.60000610351562,185.6160125732422
28-08-2017,188.49000549316406,191.27000427246094,103900,191.5500030517578,189.9199981689453,184.953857421875
29-08-2017,186.8000030517578,188.55999755859375,79000,189.8000030517578,188.8699951171875,183.93130493164062
30-08-2017,188.6699981689453,189.4199981689453,72000,191.5800018310547,191.39999389648438,186.39511108398438
31-08-2017,191.19000244140625,191.8699951171875,144000,194.1199951171875,192.9499969482422,187.90457153320312
01-09-2017,188.35000610351562,193.27000427246094,154300,193.27000427246094,188.97999572753906,184.0383758544922
05-09-2017,186.1699981689453,187.55999755859375,189300,188.16000366210938,187.47000122070312,182.56788635253906
06-09-2017,176.44000244140625,187.0,505200,187.0,176.5800018310547,171.962646484375
07-09-2017,172.88999938964844,176.2100067138672,308500,176.5800018310547,176.22000122070312,171.612060546875
08-09-2017,173.57000732421875,176.50999450683594,269900,178.5800018310547,178.3800048828125,173.715576171875
11-09-2017,178.1699981689453,180.05999755859375,199100,180.97000122070312,179.80999755859375,175.10816955566406
12-09-2017,177.88999938964844,180.44000244140625,213100,181.60000610351562,180.0800018310547,175.37112426757812
13-09-2017,178.66000366210938,178.97000122070312,244300,181.14999389648438,180.77000427246094,176.04310607910156
14-09-2017,178.89999389648438,181.1300048828125,184100,182.02999877929688,181.2100067138672,176.4716033935547
15-09-2017,178.63999938964844,180.07000732421875,438200,181.57000732421875,179.17999267578125,174.49465942382812
18-09-2017,179.0399932861328,179.60000610351562,124000,180.8300018310547,180.42999267578125,175.71194458007812
19-09-2017,179.22000122070312,180.77000427246094,169600,181.47000122070312,179.97999572753906,175.27371215820312
20-09-2017,179.5800018310547,180.47000122070312,140400,182.25,181.3300018310547,176.5884246826172
21-09-2017,178.89999389648438,180.72000122070312,127000,181.27000427246094,179.50999450683594,174.81600952148438
22-09-2017,179.10000610351562,179.13999938964844,136200,182.99000549316406,182.5,177.7278594970703
25-09-2017,177.99000549316406,182.5,246400,183.13999938964844,178.5,173.83242797851562
26-09-2017,175.82000732421875,178.5,179200,179.3300018310547,176.1999969482422,171.59259033203125
27-09-2017,176.44000244140625,176.44000244140625,292000,179.55999755859375,178.85000610351562,174.17327880859375
28-09-2017,177.30999755859375,177.4600067138672,217600,183.47999572753906,182.91000366210938,178.1271209716797
29-09-2017,182.1199951171875,183.10000610351562,332600,188.4199981689453,184.50999450683594,179.68528747558594
02-10-2017,184.0,184.0,181200,186.6999969482422,185.7899932861328,180.93179321289062
03-10-2017,184.47999572753906,185.38999938964844,197100,186.6300048828125,185.07000732421875,180.2306671142578
04-10-2017,180.32000732421875,183.0,434000,184.6699981689453,184.0399932861328,179.22752380371094
05-10-2017,183.22000122070312,184.63999938964844,167000,186.72999572753906,186.63999938964844,181.7595977783203
06-10-2017,185.8699951171875,186.64999389648438,242000,187.91000366210938,187.4499969482422,182.54837036132812
09-10-2017,186.75,187.19000244140625,191300,190.0,189.3699951171875,184.418212890625
10-10-2017,186.67999267578125,190.0,329400,190.0399932861328,187.64999389648438,182.74317932128906
11-10-2017,186.6699981689453,186.75999450683594,225600,191.92999267578125,191.7100067138672,186.69700622558594
12-10-2017,189.6300048828125,191.9199981689453,178000,193.6300048828125,190.1699981689453,185.19728088378906
13-10-2017,190.2899932861328,190.2899932861328,147700,192.30999755859375,191.27999877929688,186.2782440185547
16-10-2017,189.72999572753906,192.3000030517578,161500,192.66000366210938,192.38999938964844,187.35923767089844
17-10-2017,191.08999633789062,193.0,168900,193.36000061035156,191.38999938964844,186.38536071777344
18-10-2017,190.16000366210938,191.9199981689453,268400,194.27999877929688,193.47999572753906,188.4207305908203
19-10-2017,188.33999633789062,192.8000030517578,178300,192.8000030517578,188.6699981689453,183.73651123046875
20-10-2017,188.00999450683594,189.64999389648438,153300,190.91000366210938,190.25999450683594,185.28494262695312
23-10-2017,189.5399932861328,190.41000366210938,145400,191.3000030517578,191.24000549316406,186.23931884765625
24-10-2017,189.3300018310547,191.64999389648438,304400,192.39999389648438,190.0800018310547,185.10964965820312
25-10-2017,174.60000610351562,182.5,829400,185.67999267578125,179.67999267578125,174.98158264160156
26-10-2017,176.8000030517578,180.0,445500,183.13999938964844,179.42999267578125,174.73809814453125
27-10-2017,171.4499969482422,178.6999969482422,397100,179.39999389648438,175.58999633789062,170.99851989746094
30-10-2017,172.60000610351562,174.27000427246094,216700,175.1699981689453,173.0500030517578,168.52493286132812
31-10-2017,172.69000244140625,173.05999755859375,410400,176.22999572753906,174.0,169.45010375976562
01-11-2017,174.66000366210938,175.75999450683594,328800,177.72000122070312,175.72999572753906,171.1348876953125
02-11-2017,175.52000427246094,175.72000122070312,306200,177.91000366210938,176.5,171.884765625
03-11-2017,175.57000732421875,176.4600067138672,242300,177.69000244140625,177.0,172.3716583251953
06-11-2017,177.52000427246094,182.66000366210938,309400,183.63999938964844,179.9499969482422,175.24452209472656
07-11-2017,177.4499969482422,180.24000549316406,305700,181.36000061035156,178.00999450683594,173.6737823486328
08-11-2017,176.0,179.0,344900,180.58999633789062,178.75,174.39573669433594
09-11-2017,174.4199981689453,178.3699951171875,257000,178.3800048828125,174.5,170.24923706054688
10-11-2017,171.82000732421875,173.82000732421875,245000,175.02000427246094,173.49000549316406,169.26388549804688
13-11-2017,171.60000610351562,173.39999389648438,195200,174.94000244140625,174.52000427246094,170.2687530517578
14-11-2017,173.6199951171875,174.50999450683594,148600,175.52000427246094,173.94000244140625,169.70289611816406
15-11-2017,171.52999877929688,172.9600067138672,250500,178.69000244140625,177.82000732421875,173.4884033203125
16-11-2017,176.0,178.9600067138672,221900,178.9600067138672,176.25,171.9566192626953
17-11-2017,175.92999267578125,176.0,222500,181.52000427246094,180.39999389648438,176.00555419921875
20-11-2017,180.0,180.97999572753906,183600,183.3699951171875,183.2899932861328,178.8251495361328
21-11-2017,184.0800018310547,184.0800018310547,362900,188.63999938964844,188.41000366210938,183.82041931152344
22-11-2017,186.6199951171875,189.08999633789062,396900,189.6300048828125,187.97999572753906,183.40087890625
24-11-2017,187.39999389648438,188.27999877929688,80400,188.8300018310547,188.47000122070312,183.87893676757812
27-11-2017,187.89999389648438,188.75,238300,190.74000549316406,188.55999755859375,183.96673583984375
28-11-2017,188.39999389648438,188.94000244140625,268400,193.52999877929688,193.42999267578125,188.71812438964844
29-11-2017,193.60000610351562,194.00999450683594,323800,196.66000366210938,196.0399932861328,191.2645263671875
30-11-2017,192.9199981689453,196.42999267578125,353900,197.52999877929688,195.27000427246094,190.51327514648438
01-12-2017,192.61000061035156,195.64999389648438,254700,195.64999389648438,195.35000610351562,190.59136962890625
04-12-2017,196.00999450683594,197.39999389648438,225100,199.89999389648438,197.19000244140625,192.38653564453125
05-12-2017,195.1999969482422,195.8800048828125,293700,198.97000122070312,196.08999633789062,191.31333923339844
06-12-2017,195.39999389648438,196.00999450683594,180400,198.27000427246094,197.02999877929688,192.23040771484375
07-12-2017,195.07000732421875,196.2100067138672,196000,198.66000366210938,195.60000610351562,190.83526611328125
08-12-2017,194.85000610351562,195.6999969482422,194200,197.8800048828125,196.0,191.22552490234375
11-12-2017,195.27000427246094,195.85000610351562,155600,197.41000366210938,196.82000732421875,192.02554321289062
12-12-2017,195.61000061035156,197.07000732421875,139800,199.60000610351562,197.2100067138672,192.40602111816406
13-12-2017,196.02999877929688,196.94000244140625,158900,198.49000549316406,196.25,191.46942138671875
14-12-2017,194.55999755859375,196.8300018310547,262000,196.8300018310547,195.07000732421875,190.31814575195312
15-12-2017,193.67999267578125,195.33999633789062,332800,197.42999267578125,193.85000610351562,189.1278839111328
18-12-2017,194.08999633789062,195.07000732421875,305200,200.50999450683594,199.36000061035156,194.50363159179688
19-12-2017,199.25,199.5500030517578,400800,205.86000061035156,202.10000610351562,197.1769256591797
20-12-2017,200.08999633789062,203.07000732421875,420700,205.32000732421875,202.91000366210938,197.9672088623047
21-12-2017,201.7100067138672,203.22000122070312,237500,204.86000061035156,201.72000122070312,196.80616760253906
22-12-2017,200.4499969482422,200.86000061035156,157000,202.66000366210938,201.75,196.83544921875
26-12-2017,199.0800018310547,200.74000549316406,232100,201.97999572753906,201.02000427246094,196.12322998046875
27-12-2017,200.35000610351562,201.38999938964844,227600,202.1999969482422,201.0,196.10369873046875
28-12-2017,200.3000030517578,201.8300018310547,162700,202.00999450683594,201.80999755859375,196.8939971923828
29-12-2017,200.9199981689453,202.07000732421875,362400,203.08999633789062,201.75,196.83544921875
02-01-2018,198.1999969482422,202.36000061035156,391600,203.97000122070312,203.6300048828125,198.6696319580078
03-01-2018,200.7899932861328,203.5,275800,204.60000610351562,200.94000244140625,196.04518127441406
04-01-2018,200.05999755859375,200.5,329300,206.77000427246094,206.5399932861328,201.50875854492188
05-01-2018,206.8300018310547,207.67999267578125,181600,210.6300048828125,207.22999572753906,202.18194580078125
08-01-2018,204.97000122070312,205.57000732421875,182000,208.97999572753906,207.41000366210938,202.3575439453125
09-01-2018,204.3699951171875,208.0500030517578,186400,209.2899932861328,204.55999755859375,199.57699584960938
10-01-2018,203.6699981689453,204.3800048828125,229700,208.25,206.3800048828125,201.3526611328125
11-01-2018,201.1699981689453,206.25999450683594,207500,207.6199951171875,201.52000427246094,196.61105346679688
12-01-2018,200.11000061035156,200.85000610351562,213700,203.9600067138672,203.72000122070312,198.7574920654297
16-01-2018,204.4600067138672,204.49000549316406,297600,207.75999450683594,206.4600067138672,201.4307098388672
17-01-2018,204.0,206.7100067138672,233900,208.72999572753906,207.3699951171875,202.31854248046875
18-01-2018,206.47999572753906,207.38999938964844,196300,208.74000549316406,207.86000061035156,202.796630859375
19-01-2018,206.92999267578125,208.44000244140625,182500,209.47999572753906,208.38999938964844,203.31369018554688
22-01-2018,199.77000427246094,200.0,430900,204.13999938964844,201.25999450683594,196.35739135742188
23-01-2018,195.94000244140625,201.35000610351562,274100,202.25,195.97999572753906,191.20602416992188
24-01-2018,193.02999877929688,196.10000610351562,510300,201.58999633789062,195.74000549316406,190.9718475341797
25-01-2018,193.47000122070312,197.00999450683594,258200,198.9199981689453,193.5800018310547,188.86444091796875
26-01-2018,191.0,194.22999572753906,289400,194.49000549316406,193.49000549316406,188.7766571044922
29-01-2018,190.1199951171875,193.27000427246094,264500,195.3300018310547,190.7899932861328,186.14242553710938
30-01-2018,189.9600067138672,190.0,347400,196.25999450683594,191.85000610351562,187.17657470703125
31-01-2018,190.47999572753906,195.83999633789062,462300,199.8000030517578,196.2100067138672,191.43040466308594
01-02-2018,189.4600067138672,194.33999633789062,384100,196.0,195.60000610351562,190.83526611328125
02-02-2018,192.5500030517578,194.50999450683594,283000,199.5399932861328,196.2899932861328,191.50845336914062
05-02-2018,194.39999389648438,195.27999877929688,597800,201.9600067138672,197.1300048828125,192.32797241210938
06-02-2018,191.77000427246094,194.9199981689453,545600,197.1699981689453,195.25999450683594,190.5035400390625
07-02-2018,193.55999755859375,195.27000427246094,162800,196.55999755859375,195.00999450683594,190.25961303710938
08-02-2018,188.47999572753906,195.1999969482422,379300,195.97000122070312,189.02000427246094,184.41554260253906
09-02-2018,185.25,190.25999450683594,307000,191.97000122070312,189.16000366210938,184.55215454101562
12-02-2018,189.32000732421875,189.99000549316406,156600,194.47000122070312,191.5,186.83514404296875
13-02-2018,187.08999633789062,190.4199981689453,206300,193.5399932861328,193.3000030517578,189.0057830810547
14-02-2018,192.30999755859375,192.30999755859375,188000,198.08999633789062,197.60000610351562,193.21026611328125
15-02-2018,196.16000366210938,198.2100067138672,128300,199.97000122070312,198.89999389648438,194.48138427734375
16-02-2018,197.94000244140625,198.77999877929688,122900,201.86000061035156,201.39999389648438,196.9258575439453
20-02-2018,198.00999450683594,201.13999938964844,242300,202.99000549316406,200.1199951171875,195.67430114746094
21-02-2018,199.75999450683594,200.10000610351562,253600,204.6199951171875,201.99000549316406,197.50277709960938
22-02-2018,198.47999572753906,203.0,215200,203.8699951171875,199.39999389648438,194.9702911376953
23-02-2018,197.52999877929688,199.42999267578125,150100,200.16000366210938,197.67999267578125,193.28851318359375
26-02-2018,196.89999389648438,198.22000122070312,115100,200.19000244140625,199.6699981689453,195.2342987060547
27-02-2018,199.77000427246094,199.77000427246094,130200,203.0800018310547,201.00999450683594,196.5445556640625
28-02-2018,200.6699981689453,201.44000244140625,212000,204.8300018310547,202.39999389648438,197.9036407470703
01-03-2018,200.24000549316406,202.57000732421875,298900,206.7100067138672,205.60000610351562,201.03257751464844
02-03-2018,200.6199951171875,203.99000549316406,483900,208.4600067138672,202.8800048828125,198.37301635742188
05-03-2018,200.60000610351562,201.63999938964844,337400,210.25,209.1999969482422,204.55259704589844
06-03-2018,208.25999450683594,209.25,285100,212.5500030517578,211.47000122070312,206.7721710205078
07-03-2018,208.11000061035156,210.0,296800,213.41000366210938,212.47999572753906,207.7597198486328
08-03-2018,212.1999969482422,212.99000549316406,224000,218.3300018310547,216.72999572753906,211.91531372070312
09-03-2018,216.4499969482422,218.0,192100,221.25,218.8800048828125,214.0175323486328
12-03-2018,218.1999969482422,219.42999267578125,225500,223.6199951171875,223.14999389648438,218.19268798828125
13-03-2018,223.77000427246094,223.77000427246094,472400,227.05999755859375,223.97000122070312,218.9945068359375
14-03-2018,219.92999267578125,224.17999267578125,159600,224.97000122070312,223.57000732421875,218.60336303710938
15-03-2018,221.94000244140625,223.77999877929688,203800,225.38999938964844,224.08999633789062,219.11180114746094
16-03-2018,223.4499969482422,224.4600067138672,265300,226.6699981689453,224.58999633789062,219.6007080078125
19-03-2018,220.41000366210938,224.4499969482422,165300,226.6300048828125,222.75,217.80157470703125
20-03-2018,223.30999755859375,223.30999755859375,267400,229.83999633789062,224.22000122070312,219.23895263671875
21-03-2018,220.97999572753906,223.77000427246094,214100,225.66000366210938,223.3699951171875,218.40780639648438
22-03-2018,221.1699981689453,222.5399932861328,198300,226.19000244140625,221.24000549316406,216.32510375976562
23-03-2018,218.1199951171875,221.3300018310547,322100,221.83999633789062,219.5399932861328,214.66287231445312
26-03-2018,218.6300048828125,221.55999755859375,187500,222.5399932861328,221.7100067138672,216.7847137451172
27-03-2018,216.77999877929688,222.32000732421875,257000,222.7100067138672,217.27999877929688,212.45310974121094
28-03-2018,211.75999450683594,217.27000427246094,290200,218.14999389648438,212.97999572753906,208.2486114501953
29-03-2018,213.44000244140625,213.77999877929688,153900,217.9600067138672,217.44000244140625,212.6095428466797
02-04-2018,210.30999755859375,217.5,171200,218.7100067138672,212.27000427246094,207.5543975830078
03-04-2018,210.00999450683594,213.38999938964844,262800,216.27000427246094,213.41000366210938,208.66909790039062
04-04-2018,206.6199951171875,210.3300018310547,290900,213.44000244140625,212.24000549316406,207.5250701904297
05-04-2018,208.2100067138672,212.61000061035156,280300,213.6300048828125,208.44000244140625,203.8094482421875
06-04-2018,202.83999633789062,208.05999755859375,305000,208.30999755859375,206.67999267578125,202.08859252929688
09-04-2018,207.5500030517578,208.52999877929688,155800,211.66000366210938,207.80999755859375,203.19346618652344
10-04-2018,205.99000549316406,209.99000549316406,177500,212.0399932861328,206.3800048828125,201.7952423095703
11-04-2018,202.89999389648438,204.88999938964844,308500,206.6699981689453,205.85000610351562,201.2770233154297
12-04-2018,201.75,205.2899932861328,299500,206.0,203.47999572753906,198.95965576171875
13-04-2018,200.0500030517578,203.49000549316406,233500,203.6699981689453,202.07000732421875,197.58099365234375
16-04-2018,202.55999755859375,202.55999755859375,155400,205.66000366210938,204.39999389648438,199.85923767089844
17-04-2018,205.02999877929688,205.02999877929688,234700,207.14999389648438,205.99000549316406,201.41392517089844
18-04-2018,200.92999267578125,207.32000732421875,219400,208.67999267578125,203.08999633789062,198.5783233642578
19-04-2018,202.35000610351562,203.1199951171875,160900,205.30999755859375,202.6699981689453,198.16766357421875
20-04-2018,201.97999572753906,203.02999877929688,295600,205.0800018310547,202.5,198.00143432617188
23-04-2018,198.77999877929688,202.9499969482422,182000,203.85000610351562,202.05999755859375,197.57122802734375
24-04-2018,199.8699951171875,202.52000427246094,170500,204.4499969482422,200.8800048828125,196.41744995117188
25-04-2018,195.3699951171875,201.4600067138672,276400,203.58999633789062,199.2899932861328,194.86273193359375
26-04-2018,196.49000549316406,199.08999633789062,167500,202.13999938964844,199.47999572753906,195.0485076904297
27-04-2018,196.77999877929688,199.49000549316406,148800,199.50999450683594,199.25999450683594,194.83343505859375
30-04-2018,198.1699981689453,199.4600067138672,221900,202.75999450683594,198.6300048828125,194.21739196777344
01-05-2018,196.27999877929688,198.0500030517578,190100,201.88999938964844,201.52000427246094,197.04322814941406
02-05-2018,200.19000244140625,201.17999267578125,132600,203.6199951171875,202.02000427246094,197.53211975097656
03-05-2018,197.42999267578125,201.5800018310547,205300,202.3800048828125,199.0,194.57916259765625
04-05-2018,196.4199981689453,198.1699981689453,203400,202.97000122070312,201.74000549316406,197.2583465576172
07-05-2018,201.83999633789062,201.83999633789062,85600,205.5,204.02000427246094,199.48768615722656
08-05-2018,201.44000244140625,203.55999755859375,124800,204.60000610351562,203.3000030517578,199.19374084472656
09-05-2018,201.7899932861328,203.32000732421875,221300,206.94000244140625,205.75,201.59426879882812
10-05-2018,203.77999877929688,205.6999969482422,107800,205.9199981689453,204.61000061035156,200.4772491455078
11-05-2018,203.5500030517578,204.5,79700,206.10000610351562,205.72999572753906,201.57464599609375
14-05-2018,199.3699951171875,205.72999572753906,167100,205.72999572753906,199.6300048828125,195.59786987304688
15-05-2018,198.61000061035156,199.8800048828125,177200,202.64999389648438,201.32000732421875,197.2537078857422
16-05-2018,199.25,201.52999877929688,129200,203.66000366210938,202.24000549316406,198.1551513671875
17-05-2018,200.3800048828125,201.91000366210938,97800,203.0,202.82000732421875,198.7234344482422
18-05-2018,201.69000244140625,203.30999755859375,163500,206.1999969482422,204.72000122070312,200.58502197265625
21-05-2018,205.24000549316406,205.24000549316406,167600,210.8699951171875,210.58999633789062,206.33648681640625
22-05-2018,208.94000244140625,210.5,139700,213.0800018310547,210.30999755859375,206.06211853027344
23-05-2018,207.89999389648438,209.3699951171875,148700,210.19000244140625,210.00999450683594,205.76820373535156
24-05-2018,208.64999389648438,210.33999633789062,138000,211.9600067138672,211.8300018310547,207.5514373779297
25-05-2018,209.7100067138672,211.75999450683594,147300,211.75999450683594,210.5500030517578,206.29730224609375
29-05-2018,208.41000366210938,209.64999389648438,156100,211.38999938964844,210.94000244140625,206.67941284179688
30-05-2018,211.22999572753906,211.22999572753906,204800,216.32000732421875,216.14999389648438,211.78419494628906
31-05-2018,213.2100067138672,214.94000244140625,161400,217.6999969482422,213.64999389648438,209.33465576171875
01-06-2018,214.72000122070312,215.94000244140625,183500,218.97000122070312,216.85000610351562,212.47003173828125
04-06-2018,214.6699981689453,216.88999938964844,136900,218.36000061035156,217.9499969482422,213.5478515625
05-06-2018,207.05999755859375,216.0,250400,218.25,208.6999969482422,204.4846649169922
06-06-2018,208.49000549316406,208.49000549316406,142700,211.63999938964844,211.27000427246094,207.00274658203125
07-06-2018,211.55999755859375,212.52000427246094,135700,215.72999572753906,212.4499969482422,208.15887451171875
08-06-2018,211.44000244140625,212.8300018310547,169800,215.86000061035156,214.88999938964844,210.54962158203125
11-06-2018,215.42999267578125,215.42999267578125,143500,218.6999969482422,218.13999938964844,213.73399353027344
12-06-2018,213.07000732421875,217.91000366210938,111800,219.97999572753906,215.47000122070312,211.117919921875
13-06-2018,213.7100067138672,216.58999633789062,124300,218.35000610351562,216.72000122070312,212.3426513671875
14-06-2018,215.35000610351562,217.69000244140625,159800,218.5500030517578,217.30999755859375,212.92079162597656
15-06-2018,212.19000244140625,216.66000366210938,276200,216.66000366210938,215.11000061035156,210.76516723632812
18-06-2018,212.49000549316406,214.4600067138672,176300,216.1199951171875,213.8699951171875,209.55020141601562
19-06-2018,211.47999572753906,212.10000610351562,184700,214.4600067138672,214.3300018310547,210.00096130371094
20-06-2018,210.83999633789062,214.3300018310547,179500,216.22000122070312,213.0399932861328,208.73699951171875
21-06-2018,210.1699981689453,212.50999450683594,150500,212.9199981689453,211.69000244140625,207.4142608642578
22-06-2018,210.25999450683594,213.47999572753906,176300,217.52999877929688,211.0,206.7382049560547
25-06-2018,204.4499969482422,210.0800018310547,152100,210.99000549316406,205.4199981689453,201.27090454101562
26-06-2018,201.16000366210938,204.80999755859375,315300,205.92999267578125,202.7100067138672,198.61566162109375
27-06-2018,199.91000366210938,202.1999969482422,188100,208.77000427246094,200.30999755859375,196.26414489746094
28-06-2018,199.55999755859375,200.7100067138672,187500,203.2100067138672,202.64999389648438,198.55685424804688
29-06-2018,196.80999755859375,202.8800048828125,200600,204.60000610351562,197.86000061035156,193.8636016845703
02-07-2018,195.13999938964844,196.2899932861328,215900,201.19000244140625,200.72000122070312,196.6658172607422
03-07-2018,198.94000244140625,202.00999450683594,165100,203.0399932861328,199.60000610351562,195.5684814453125
05-07-2018,196.5500030517578,199.5800018310547,188000,200.1999969482422,199.7899932861328,195.75462341308594
06-07-2018,197.7899932861328,199.67999267578125,144000,204.17999267578125,202.5500030517578,198.4589080810547
09-07-2018,202.49000549316406,203.38999938964844,173400,205.39999389648438,202.8000030517578,198.703857421875
10-07-2018,200.0,203.47999572753906,167300,204.27000427246094,201.6300048828125,197.55746459960938
11-07-2018,200.41000366210938,201.2100067138672,229000,204.89999389648438,204.11000061035156,199.9873809814453
12-07-2018,202.97000122070312,204.41000366210938,172600,207.27000427246094,206.58999633789062,202.41725158691406
13-07-2018,204.1199951171875,207.32000732421875,181800,208.9499969482422,205.86000061035156,201.70201110839844
16-07-2018,204.64999389648438,205.5800018310547,124900,207.27000427246094,205.97999572753906,201.81959533691406
17-07-2018,205.61000061035156,206.22999572753906,193300,209.27999877929688,207.58999633789062,203.39707946777344
18-07-2018,206.1300048828125,208.22999572753906,182200,210.91000366210938,209.75999450683594,205.5232391357422
19-07-2018,207.11000061035156,208.72999572753906,120400,210.89999389648438,208.91000366210938,204.69039916992188
20-07-2018,207.25999450683594,208.1999969482422,257400,210.5,210.22000122070312,205.9739532470703
23-07-2018,209.0,209.7899932861328,204400,211.69000244140625,210.50999450683594,206.2581024169922
24-07-2018,209.0,211.3000030517578,534700,211.94000244140625,209.60000610351562,205.36648559570312
25-07-2018,200.0500030517578,200.0500030517578,643500,210.52999877929688,202.91000366210938,198.81158447265625
26-07-2018,199.9499969482422,202.38999938964844,235000,204.94000244140625,200.3699951171875,196.32290649414062
27-07-2018,197.7899932861328,200.14999389648438,170700,201.47999572753906,198.60000610351562,194.5886993408203
30-07-2018,188.7100067138672,198.6999969482422,225800,199.33999633789062,192.2100067138672,188.3277130126953
31-07-2018,189.5,192.42999267578125,298700,194.27000427246094,193.77000427246094,189.85623168945312
01-08-2018,191.9499969482422,193.08999633789062,212100,197.97000122070312,193.52999877929688,189.6210479736328
02-08-2018,190.25999450683594,192.9600067138672,285900,195.39999389648438,190.80999755859375,186.95599365234375
03-08-2018,187.35000610351562,192.02000427246094,182700,192.02000427246094,189.63999938964844,185.80963134765625
06-08-2018,188.4600067138672,189.24000549316406,203500,190.5399932861328,189.67999267578125,185.84878540039062
07-08-2018,189.00999450683594,189.2100067138672,124200,190.3300018310547,189.44000244140625,185.61367797851562
08-08-2018,185.58999633789062,189.0399932861328,250600,189.2100067138672,186.22999572753906,182.87393188476562
09-08-2018,185.7899932861328,186.25,159300,189.42999267578125,185.97999572753906,182.62844848632812
10-08-2018,184.5500030517578,185.25999450683594,113700,187.5,186.47000122070312,183.1096649169922
13-08-2018,185.75999450683594,186.27000427246094,129200,187.72999572753906,185.9600067138672,182.6088104248047
14-08-2018,185.85000610351562,186.57000732421875,134900,187.32000732421875,186.44000244140625,183.08018493652344
15-08-2018,185.63999938964844,185.8800048828125,145800,187.94000244140625,187.24000549316406,183.86575317382812
16-08-2018,187.44000244140625,187.69000244140625,102700,189.13999938964844,187.97000122070312,184.5825958251953
17-08-2018,186.8800048828125,188.08999633789062,89900,189.36000061035156,189.0800018310547,185.67259216308594
20-08-2018,188.5399932861328,188.8300018310547,79600,190.5,190.02000427246094,186.5956573486328
21-08-2018,189.2100067138672,189.69000244140625,127600,191.99000549316406,190.6699981689453,187.23394775390625
22-08-2018,188.75,189.99000549316406,75100,191.47000122070312,190.74000549316406,187.30267333984375
23-08-2018,188.89999389648438,190.7899932861328,106200,191.3800048828125,189.17999267578125,185.770751953125
24-08-2018,186.9600067138672,189.72999572753906,232400,189.75999450683594,187.3800048828125,184.0032501220703
27-08-2018,186.11000061035156,188.14999389648438,254900,189.55999755859375,187.22000122070312,183.84609985351562
28-08-2018,187.5,187.74000549316406,103500,189.27999877929688,188.52000427246094,185.1226806640625
29-08-2018,187.97999572753906,188.3300018310547,146300,190.3300018310547,190.0399932861328,186.6152801513672
30-08-2018,188.8699951171875,189.77000427246094,120800,190.6300048828125,189.97999572753906,186.55636596679688
31-08-2018,188.4199981689453,189.5,146800,190.4600067138672,189.82000732421875,186.3992462158203
04-09-2018,188.9600067138672,189.7100067138672,179000,194.4600067138672,194.3800048828125,190.87709045410156
05-09-2018,190.11000061035156,194.35000610351562,193200,195.52999877929688,191.19000244140625,187.74456787109375
06-09-2018,182.7100067138672,190.47999572753906,413900,190.47999572753906,184.1699981689453,180.85107421875
07-09-2018,182.02999877929688,183.3300018310547,238500,187.52999877929688,186.9600067138672,183.5908203125
10-09-2018,182.38999938964844,187.3699951171875,140700,187.3699951171875,182.99000549316406,179.69235229492188
11-09-2018,181.47999572753906,182.47999572753906,138700,185.00999450683594,184.3699951171875,181.04747009277344
12-09-2018,180.02999877929688,182.69000244140625,157800,184.44000244140625,184.08999633789062,180.77249145507812
13-09-2018,181.8300018310547,184.08999633789062,91800,185.42999267578125,183.3000030517578,179.9967498779297
14-09-2018,183.2100067138672,183.6999969482422,153900,186.0399932861328,183.4499969482422,180.14404296875
17-09-2018,179.36000061035156,183.50999450683594,188200,184.75,179.7899932861328,176.55001831054688
18-09-2018,177.75999450683594,178.22000122070312,117900,182.02999877929688,181.63999938964844,178.36668395996094
19-09-2018,181.99000549316406,182.16000366210938,114800,184.0800018310547,182.6199951171875,179.32901000976562
20-09-2018,180.77000427246094,182.9499969482422,133800,184.22000122070312,183.24000549316406,179.93785095214844
21-09-2018,180.61000061035156,183.58999633789062,283800,184.49000549316406,181.86000061035156,178.5826873779297
24-09-2018,180.5800018310547,181.25,202300,184.72999572753906,184.17999267578125,180.86087036132812
25-09-2018,180.5399932861328,183.7899932861328,218800,185.17999267578125,181.6199951171875,178.3470458984375
26-09-2018,179.08999633789062,182.0,201200,182.97999572753906,179.19000244140625,175.9608154296875
27-09-2018,177.22000122070312,179.19000244140625,206000,180.82000732421875,178.1699981689453,174.95919799804688
28-09-2018,177.14999389648438,177.6699981689453,255700,179.8699951171875,178.49000549316406,175.2734375
01-10-2018,173.0,177.7899932861328,330600,177.94000244140625,173.88999938964844,170.75631713867188
02-10-2018,172.08999633789062,174.30999755859375,403700,179.69000244140625,178.10000610351562,174.89047241210938
03-10-2018,177.13999938964844,178.08999633789062,332600,183.92999267578125,183.13999938964844,179.83963012695312
04-10-2018,182.8800048828125,184.1199951171875,488700,191.74000549316406,191.52999877929688,188.07846069335938
05-10-2018,188.91000366210938,192.14999389648438,185900,193.0500030517578,189.5399932861328,186.12429809570312
08-10-2018,184.91000366210938,188.75999450683594,235000,189.13999938964844,186.05999755859375,182.70704650878906
09-10-2018,185.2100067138672,185.89999389648438,147300,189.9199981689453,188.69000244140625,185.28961181640625
10-10-2018,185.30999755859375,188.52000427246094,221900,189.22000122070312,186.80999755859375,183.44351196289062
11-10-2018,182.99000549316406,185.9600067138672,290400,188.94000244140625,185.1999969482422,181.8625030517578
12-10-2018,184.69000244140625,187.85000610351562,189000,188.3000030517578,187.5,184.12107849121094
15-10-2018,186.0500030517578,186.97999572753906,133400,191.75,189.72999572753906,186.31088256835938
16-10-2018,189.66000366210938,190.1199951171875,236400,193.89999389648438,193.60000610351562,190.11114501953125
17-10-2018,191.8300018310547,193.02000427246094,155000,197.49000549316406,196.07000732421875,192.53662109375
18-10-2018,193.66000366210938,196.1699981689453,160500,198.52000427246094,194.72000122070312,191.21095275878906
19-10-2018,194.49000549316406,194.49000549316406,193600,197.74000549316406,197.42999267578125,193.87213134765625
22-10-2018,196.22999572753906,197.86000061035156,187500,199.6199951171875,196.33999633789062,192.8017578125
23-10-2018,189.67999267578125,193.89999389648438,350700,195.57000732421875,192.8699951171875,189.394287109375
24-10-2018,193.3699951171875,199.75,745900,212.30999755859375,208.92999267578125,205.16488647460938
25-10-2018,207.0,212.0500030517578,281600,213.66000366210938,210.64999389648438,206.8538818359375
26-10-2018,205.07000732421875,208.83999633789062,281600,211.05999755859375,207.75999450683594,204.0159454345703
29-10-2018,206.52999877929688,210.05999755859375,291200,212.33999633789062,209.0399932861328,205.27291870117188
30-10-2018,209.99000549316406,209.99000549316406,349500,217.41000366210938,217.25999450683594,213.34475708007812
31-10-2018,209.08999633789062,217.72000122070312,301200,219.67999267578125,209.6699981689453,205.89154052734375
01-11-2018,208.00999450683594,210.63999938964844,224500,212.66000366210938,208.58999633789062,204.83099365234375
02-11-2018,207.9499969482422,209.60000610351562,277200,215.3300018310547,213.7899932861328,209.9373016357422
05-11-2018,206.38999938964844,208.0,257000,209.9499969482422,207.08999633789062,203.3580322265625
06-11-2018,203.32000732421875,206.3800048828125,244200,210.00999450683594,207.25999450683594,203.9385986328125
07-11-2018,205.72999572753906,208.14999389648438,279300,209.2100067138672,208.0800018310547,204.7454376220703
08-11-2018,203.57000732421875,207.80999755859375,218400,208.80999755859375,206.22000122070312,202.9152374267578
09-11-2018,205.17999267578125,206.1199951171875,146800,209.10000610351562,208.47999572753906,205.13902282714844
12-11-2018,205.97999572753906,208.2100067138672,195800,210.0,207.39999389648438,204.07635498046875
13-11-2018,206.05999755859375,208.0,206400,209.60000610351562,207.7899932861328,204.4600830078125
14-11-2018,209.2100067138672,209.2100067138672,185300,211.36000061035156,210.08999633789062,206.72320556640625
15-11-2018,205.75,209.58999633789062,153800,210.83999633789062,210.02999877929688,206.66419982910156
16-11-2018,208.27999877929688,208.27999877929688,96100,213.9600067138672,213.47000122070312,210.049072265625
19-11-2018,212.02000427246094,213.3000030517578,233800,217.6699981689453,214.64999389648438,211.21014404296875
20-11-2018,210.33999633789062,212.92999267578125,299400,219.94000244140625,217.02999877929688,213.552001953125
21-11-2018,214.24000549316406,216.85000610351562,170900,217.39999389648438,214.88999938964844,211.4463348388672
23-11-2018,212.97000122070312,213.2100067138672,51900,215.92999267578125,213.5,210.0785675048828
26-11-2018,213.6199951171875,214.9199981689453,99900,218.60000610351562,215.11000061035156,211.66278076171875
27-11-2018,213.77000427246094,213.97000122070312,158500,218.50999450683594,217.8300018310547,214.33920288085938
28-11-2018,214.86000061035156,218.77999877929688,146100,220.5800018310547,216.0,212.5385284423828
29-11-2018,211.1199951171875,215.0,206700,217.27000427246094,215.0500030517578,211.60372924804688
30-11-2018,215.0399932861328,215.52999877929688,335100,219.67999267578125,217.72999572753906,214.24078369140625
03-12-2018,212.5500030517578,212.8800048828125,294300,219.64999389648438,219.2899932861328,215.77578735351562
04-12-2018,219.67999267578125,219.97999572753906,450900,224.8699951171875,221.99000549316406,218.4325408935547
06-12-2018,217.11000061035156,221.3699951171875,504200,224.08999633789062,221.91000366210938,218.3538360595703
07-12-2018,220.5500030517578,221.17999267578125,369600,225.08999633789062,224.72999572753906,221.12863159179688
10-12-2018,222.5,223.58999633789062,303600,227.99000549316406,226.39999389648438,222.7718505859375
11-12-2018,227.10000610351562,227.10000610351562,326900,230.39999389648438,228.69000244140625,225.025146484375
12-12-2018,221.77000427246094,230.25999450683594,223600,230.94000244140625,228.27000427246094,224.6118927001953
13-12-2018,225.27999877929688,228.5399932861328,233700,231.3300018310547,229.33999633789062,225.6647491455078
14-12-2018,224.99000549316406,228.47000122070312,251300,229.38999938964844,226.5,222.87025451660156
17-12-2018,218.67999267578125,225.8800048828125,236100,226.13999938964844,219.36000061035156,215.8446807861328
18-12-2018,212.91000366210938,219.8699951171875,301200,220.36000061035156,213.3699951171875,209.95066833496094
19-12-2018,211.02999877929688,213.25,254400,220.67999267578125,213.0500030517578,209.63580322265625
20-12-2018,208.88999938964844,211.82000732421875,345800,214.69000244140625,209.3800048828125,206.0246124267578
21-12-2018,204.60000610351562,210.30999755859375,403100,213.16000366210938,204.85000610351562,201.5671844482422
24-12-2018,199.24000549316406,204.0800018310547,153900,204.6300048828125,199.3300018310547,196.1356658935547
26-12-2018,199.0399932861328,199.58999633789062,218100,204.72999572753906,204.47000122070312,201.19326782226562
27-12-2018,200.25,203.25,201000,206.66000366210938,205.85000610351562,202.5511932373047
28-12-2018,205.1999969482422,206.22000122070312,147400,211.6699981689453,207.5500030517578,204.22393798828125
31-12-2018,206.6199951171875,208.6300048828125,156700,211.32000732421875,211.30999755859375,207.92367553710938
02-01-2019,207.57000732421875,209.27000427246094,218600,212.27999877929688,209.2100067138672,205.8573455810547
03-01-2019,206.91000366210938,208.5800018310547,170600,210.7899932861328,207.75999450683594,204.43055725097656
04-01-2019,208.0800018310547,210.10000610351562,409000,214.86000061035156,214.3000030517578,210.86575317382812
07-01-2019,209.50999450683594,214.5,361100,219.38999938964844,216.86000061035156,213.3847198486328
08-01-2019,215.6999969482422,218.0800018310547,363500,219.72999572753906,216.69000244140625,213.2174530029297
09-01-2019,212.72000122070312,217.9499969482422,237100,218.8000030517578,213.13999938964844,209.724365234375
10-01-2019,210.05999755859375,212.3300018310547,374400,214.50999450683594,212.6699981689453,209.26190185546875
11-01-2019,210.75999450683594,212.00999450683594,242300,214.14999389648438,212.58999633789062,209.18316650390625
14-01-2019,206.7899932861328,211.17999267578125,250800,212.89999389648438,207.5800018310547,204.2534637451172
15-01-2019,207.1199951171875,208.39999389648438,395200,213.1699981689453,210.8800048828125,207.50057983398438
16-01-2019,211.82000732421875,211.82000732421875,244500,217.25999450683594,216.25,212.78448486328125
17-01-2019,215.24000549316406,216.00999450683594,349000,219.3300018310547,215.99000549316406,212.52865600585938
18-01-2019,214.44000244140625,216.86000061035156,155600,220.99000549316406,219.17999267578125,215.66754150390625
22-01-2019,216.52000427246094,218.67999267578125,251000,221.3000030517578,218.3000030517578,214.8016815185547
23-01-2019,218.0,219.22999572753906,138000,221.41000366210938,219.80999755859375,216.28744506835938
24-01-2019,218.3000030517578,219.75,210900,222.39999389648438,218.75,215.24444580078125
25-01-2019,218.4600067138672,219.47000122070312,186200,221.80999755859375,219.4499969482422,215.93324279785156
28-01-2019,217.32000732421875,218.69000244140625,159300,220.11000061035156,218.3000030517578,214.8016815185547
29-01-2019,213.13999938964844,218.35000610351562,289900,218.4600067138672,213.5,210.0785675048828
30-01-2019,207.16000366210938,212.02000427246094,430800,216.9600067138672,210.22000122070312,206.85113525390625
31-01-2019,209.61000061035156,209.61000061035156,245100,215.0800018310547,214.77000427246094,211.32821655273438
01-02-2019,212.30999755859375,218.38999938964844,270500,218.38999938964844,213.6199951171875,210.19664001464844
04-02-2019,209.16000366210938,212.5399932861328,193000,217.6699981689453,216.42999267578125,212.961669921875
05-02-2019,214.7899932861328,215.6199951171875,181300,218.67999267578125,218.63999938964844,215.13623046875
06-02-2019,217.35000610351562,218.08999633789062,159200,220.67999267578125,218.83999633789062,215.3330078125
07-02-2019,216.24000549316406,217.88999938964844,256800,221.0399932861328,220.50999450683594,216.9762420654297
08-02-2019,216.11000061035156,220.50999450683594,231700,222.58999633789062,220.6699981689453,217.13365173339844
11-02-2019,220.75,221.02000427246094,201000,224.5800018310547,223.55999755859375,219.97735595703125
12-02-2019,219.41000366210938,224.1300048828125,238400,226.05999755859375,225.41000366210938,222.30484008789062
13-02-2019,226.10000610351562,226.58999633789062,186000,228.75999450683594,228.22999572753906,225.0859832763672
14-02-2019,222.22999572753906,227.25999450683594,221600,228.0,226.75999450683594,223.63626098632812
15-02-2019,224.8699951171875,227.4199981689453,382900,229.89999389648438,229.50999450683594,226.34835815429688
19-02-2019,228.3000030517578,228.69000244140625,283900,234.36000061035156,232.5399932861328,229.33660888671875
20-02-2019,230.67999267578125,232.66000366210938,197200,234.4199981689453,233.57000732421875,230.35244750976562
21-02-2019,231.3699951171875,233.86000061035156,172900,235.49000549316406,235.16000366210938,231.92056274414062
22-02-2019,233.97999572753906,235.02999877929688,224600,239.50999450683594,238.97000122070312,235.6780548095703
25-02-2019,239.02999877929688,239.72000122070312,193400,242.19000244140625,241.38999938964844,238.06471252441406
26-02-2019,239.83999633789062,240.72000122070312,269400,242.49000549316406,240.4499969482422,237.13768005371094
27-02-2019,239.9499969482422,240.47000122070312,282500,246.02999877929688,244.5,241.13186645507812
28-02-2019,242.61000061035156,244.92999267578125,320000,246.13999938964844,243.8800048828125,240.52044677734375
01-03-2019,236.05999755859375,236.4499969482422,370500,244.5500030517578,243.08999633789062,239.7412872314453
04-03-2019,237.07000732421875,242.9600067138672,250500,242.9600067138672,237.55999755859375,234.2874755859375
05-03-2019,233.80999755859375,237.32000732421875,284900,238.6300048828125,233.9199981689453,230.69761657714844
06-03-2019,228.4199981689453,234.5,279500,235.00999450683594,230.52000427246094,227.34446716308594
07-03-2019,224.74000549316406,230.6300048828125,267800,234.75999450683594,225.44000244140625,222.33444213867188
08-03-2019,222.30999755859375,224.60000610351562,309500,226.4199981689453,225.6699981689453,222.56124877929688
11-03-2019,223.49000549316406,226.30999755859375,291100,229.11000061035156,227.16000366210938,224.03076171875
12-03-2019,225.75,227.1699981689453,257900,231.91000366210938,229.77999877929688,226.61465454101562
13-03-2019,229.22999572753906,230.72999572753906,355800,233.8300018310547,230.47000122070312,227.29515075683594
14-03-2019,229.24000549316406,230.63999938964844,195000,232.4600067138672,231.80999755859375,228.61669921875
15-03-2019,230.47000122070312,231.69000244140625,346200,234.6199951171875,233.44000244140625,230.22422790527344
18-03-2019,234.08999633789062,234.08999633789062,227100,237.89999389648438,237.63999938964844,234.36636352539062
19-03-2019,234.97999572753906,238.47000122070312,183900,238.47000122070312,235.6199951171875,232.3742218017578
20-03-2019,235.69000244140625,235.69000244140625,233600,239.57000732421875,237.22000122070312,233.9521484375
21-03-2019,236.50999450683594,236.57000732421875,270300,241.3300018310547,240.16000366210938,236.85166931152344
22-03-2019,237.17999267578125,238.97999572753906,180100,240.89999389648438,238.33999633789062,235.0566864013672
25-03-2019,237.11000061035156,238.8000030517578,188700,239.99000549316406,239.1199951171875,235.8259735107422
26-03-2019,239.17999267578125,240.77000427246094,189000,244.50999450683594,243.67999267578125,240.32315063476562
27-03-2019,242.89999389648438,244.00999450683594,150000,246.11000061035156,245.0800018310547,241.70388793945312
28-03-2019,244.25999450683594,245.52000427246094,166900,249.94000244140625,246.52000427246094,243.1240692138672
29-03-2019,245.7100067138672,248.0,188500,248.30999755859375,246.0800018310547,242.6901092529297
01-04-2019,244.5800018310547,248.1300048828125,196300,249.4499969482422,246.72000122070312,243.32127380371094
02-04-2019,245.82000732421875,247.47999572753906,246700,249.57000732421875,248.69000244140625,245.26416015625
03-04-2019,245.3800048828125,250.16000366210938,246000,258.239990234375,246.67999267578125,243.28182983398438
04-04-2019,241.1199951171875,247.1699981689453,303200,248.9499969482422,248.41000366210938,244.98800659179688
05-04-2019,248.27999877929688,248.41000366210938,192300,254.1199951171875,253.88999938964844,250.3925018310547
08-04-2019,251.69000244140625,253.88999938964844,220600,258.4100036621094,258.1400146484375,254.583984375
09-04-2019,256.9200134277344,257.1300048828125,191500,260.57000732421875,258.989990234375,255.4223175048828
10-04-2019,257.79998779296875,259.82000732421875,213400,259.9599914550781,258.4599914550781,254.8996124267578
11-04-2019,256.67999267578125,259.3800048828125,276800,260.19000244140625,257.2200012207031,253.67666625976562
12-04-2019,257.5,258.25,209400,260.20001220703125,259.8500061035156,256.2704162597656
15-04-2019,259.7900085449219,260.3299865722656,315900,262.17999267578125,261.739990234375,258.1343994140625
16-04-2019,260.8500061035156,262.42999267578125,625900,264.6499938964844,262.9200134277344,259.2981262207031
17-04-2019,261.239990234375,263.9100036621094,283700,264.9100036621094,262.2300109863281,258.61761474609375
18-04-2019,261.510009765625,261.9200134277344,468100,264.3299865722656,263.9200134277344,260.28436279296875
22-04-2019,261.5,263.6199951171875,339400,264.3900146484375,262.1300048828125,258.51898193359375
23-04-2019,260.6400146484375,262.9599914550781,564900,263.5199890136719,262.5,258.8839111328125
24-04-2019,256.6099853515625,263.3500061035156,403000,266.8999938964844,264.3800048828125,260.7380065917969
25-04-2019,260.82000732421875,263.010009765625,211400,266.8299865722656,265.4599914550781,261.8031311035156
26-04-2019,263.69000244140625,263.69000244140625,279400,270.7699890136719,269.67999267578125,265.9649658203125
29-04-2019,270.989990234375,272.44000244140625,359100,278.0899963378906,276.29998779296875,272.4938049316406
30-04-2019,274.55999755859375,276.7200012207031,248500,279.8999938964844,278.3299865722656,274.4958190917969
01-05-2019,277.5899963378906,279.25,279900,283.7099914550781,282.0400085449219,278.1547546386719
02-05-2019,280.3399963378906,282.4100036621094,265000,284.489990234375,282.9100036621094,279.01275634765625
03-05-2019,283.19000244140625,283.82000732421875,250000,288.4599914550781,286.04998779296875,282.1094970703125
06-05-2019,282.9200134277344,282.9200134277344,403600,293.9100036621094,290.44000244140625,286.43902587890625
07-05-2019,279.7699890136719,288.6099853515625,375600,291.80999755859375,279.8699951171875,276.5001525878906
08-05-2019,278.82000732421875,279.9700012207031,253200,282.7099914550781,280.82000732421875,277.4386901855469
09-05-2019,275.1199951171875,278.6400146484375,283200,280.3599853515625,278.0,274.6526184082031
10-05-2019,275.7699890136719,277.0799865722656,275200,281.8399963378906,280.95001220703125,277.567138671875
13-05-2019,275.9200134277344,277.19000244140625,271500,281.9800109863281,281.6499938964844,278.2586975097656
14-05-2019,282.19000244140625,282.19000244140625,437300,289.5299987792969,287.3900146484375,283.9295959472656
15-05-2019,285.3900146484375,286.1000061035156,309400,290.7900085449219,287.0,283.5443115234375
16-05-2019,287.94000244140625,288.489990234375,267700,290.7200012207031,289.42999267578125,285.94500732421875
17-05-2019,287.30999755859375,287.9100036621094,470200,293.0799865722656,292.1700134277344,288.652099609375
20-05-2019,290.57000732421875,290.57000732421875,242900,294.5400085449219,293.5899963378906,290.0549621582031
21-05-2019,290.2699890136719,293.8900146484375,341500,299.0,292.0400085449219,288.5236511230469
22-05-2019,290.5299987792969,292.6199951171875,295300,294.8900146484375,292.489990234375,288.96820068359375
23-05-2019,288.5,290.510009765625,319400,294.239990234375,291.6199951171875,288.1086730957031
24-05-2019,287.79998779296875,292.2900085449219,376000,294.92999267578125,288.32000732421875,284.848388671875
28-05-2019,280.3800048828125,288.32000732421875,2146300,291.2200012207031,281.07000732421875,277.6857604980469
29-05-2019,279.010009765625,280.0,355300,282.2799987792969,281.32000732421875,277.9327087402344
30-05-2019,280.92999267578125,282.1700134277344,213100,288.8699951171875,283.9599914550781,280.5409240722656
31-05-2019,282.9700012207031,282.9700012207031,530700,298.4800109863281,297.82000732421875,294.2340393066406
03-06-2019,291.5199890136719,297.6400146484375,425100,298.5899963378906,294.2200012207031,290.6773376464844
04-06-2019,287.739990234375,296.9100036621094,345000,299.4599914550781,299.1199951171875,295.5183410644531
05-06-2019,296.1400146484375,300.5199890136719,480600,316.9599914550781,316.79998779296875,312.9854431152344
06-06-2019,314.79998779296875,316.79998779296875,447800,327.3999938964844,326.8599853515625,322.92431640625
07-06-2019,327.1499938964844,327.1499938964844,631500,341.5899963378906,334.6099853515625,330.5810241699219
10-06-2019,333.2099914550781,333.2099914550781,420200,341.3699951171875,339.8999938964844,335.80731201171875
11-06-2019,330.9100036621094,341.2099914550781,371800,342.9800109863281,333.989990234375,329.968505859375
12-06-2019,322.1300048828125,327.2799987792969,641800,332.0,325.2799987792969,321.3633728027344
13-06-2019,314.6499938964844,326.6400146484375,523600,326.6400146484375,317.6700134277344,313.84503173828125
14-06-2019,316.67999267578125,317.7900085449219,313700,322.8900146484375,320.04998779296875,316.19635009765625
17-06-2019,318.1000061035156,320.3900146484375,200100,323.05999755859375,318.5,314.6650085449219
18-06-2019,317.92999267578125,320.25,329600,322.4700012207031,318.54998779296875,314.71441650390625
19-06-2019,318.2900085449219,319.2900085449219,433300,331.7200012207031,331.3900146484375,327.39984130859375
20-06-2019,328.1700134277344,333.2300109863281,388800,336.9800109863281,331.3599853515625,327.3701171875
21-06-2019,329.42999267578125,330.1499938964844,319600,337.3999938964844,333.0799865722656,329.0694885253906
24-06-2019,331.4800109863281,332.44000244140625,240700,335.55999755859375,333.0199890136719,329.0101623535156
25-06-2019,317.4100036621094,325.42999267578125,702100,329.0,319.0400085449219,315.1985168457031
26-06-2019,312.5199890136719,320.4200134277344,537300,322.1199951171875,312.6700134277344,308.9052429199219
27-06-2019,311.42999267578125,312.70001220703125,492100,320.760009765625,316.3399963378906,312.53106689453125
28-06-2019,315.44000244140625,318.2699890136719,7603200,324.3299865722656,321.4200134277344,317.5498962402344
01-07-2019,318.0299987792969,322.3699951171875,490100,324.8599853515625,322.5799865722656,318.6958923339844
02-07-2019,320.4200134277344,323.510009765625,355000,332.0299987792969,330.8900146484375,326.9057922363281
03-07-2019,331.17999267578125,332.8800048828125,271500,339.8500061035156,338.5,334.4242248535156
05-07-2019,335.0199890136719,339.2699890136719,222600,344.25,341.8999938964844,337.78326416015625
08-07-2019,338.3500061035156,341.9700012207031,330200,344.6099853515625,341.5,337.3880920410156
09-07-2019,336.5899963378906,340.9100036621094,323700,344.2200012207031,342.8999938964844,338.771240234375
10-07-2019,343.95001220703125,343.95001220703125,364000,352.07000732421875,349.3999938964844,345.1929626464844
11-07-2019,348.7699890136719,349.32000732421875,295500,356.2799987792969,354.5299987792969,350.2611999511719
12-07-2019,354.0799865722656,356.04998779296875,249500,359.32000732421875,358.2799987792969,353.96600341796875
15-07-2019,356.8900146484375,359.94000244140625,276000,361.7799987792969,360.7900085449219,356.4458923339844
16-07-2019,360.6499938964844,361.5899963378906,308000,364.32000732421875,363.1099853515625,358.7378234863281
17-07-2019,362.2799987792969,364.04998779296875,254300,368.95001220703125,368.0299987792969,363.5986633300781
18-07-2019,366.44000244140625,368.32000732421875,255700,373.3800048828125,372.79998779296875,368.31121826171875
19-07-2019,366.3500061035156,373.9800109863281,248600,373.9800109863281,367.0299987792969,362.6106872558594
22-07-2019,366.5,368.7699890136719,259000,372.42999267578125,370.4800109863281,366.0191650390625
23-07-2019,365.4700012207031,372.95001220703125,301600,372.95001220703125,367.80999755859375,363.3813171386719
24-07-2019,331.0,354.80999755859375,1103300,356.8800048828125,334.25,330.2253723144531
25-07-2019,333.04998779296875,334.3800048828125,575700,345.1600036621094,344.0,339.8580017089844
26-07-2019,344.0199890136719,345.92999267578125,483800,348.6600036621094,347.94000244140625,343.7505187988281
29-07-2019,336.6300048828125,346.7200012207031,453500,346.7200012207031,336.8999938964844,332.8434753417969
30-07-2019,334.3800048828125,335.95001220703125,260400,340.7200012207031,336.04998779296875,332.0036926269531
31-07-2019,336.0,336.0,210300,343.5199890136719,337.0400085449219,332.9818115234375
01-08-2019,335.95001220703125,339.29998779296875,318800,342.6499938964844,340.29998779296875,336.2024841308594
02-08-2019,338.4599914550781,341.0,436700,343.1600036621094,340.6300048828125,336.528564453125
05-08-2019,333.8699951171875,337.8399963378906,387600,348.0,341.4700012207031,337.35845947265625
06-08-2019,341.80999755859375,343.5,307700,346.7699890136719,344.8399963378906,341.19744873046875
07-08-2019,338.29998779296875,341.45001220703125,233300,351.9200134277344,348.9200134277344,345.234375
08-08-2019,344.3500061035156,349.5299987792969,340800,352.5199890136719,352.3599853515625,348.6379699707031
09-08-2019,352.54998779296875,352.8500061035156,142600,363.3999938964844,362.1499938964844,358.32464599609375
12-08-2019,357.739990234375,360.17999267578125,257400,368.239990234375,363.260009765625,359.4228820800781
13-08-2019,360.4700012207031,363.2900085449219,264400,367.8399963378906,367.0199890136719,363.1431579589844
14-08-2019,356.260009765625,363.7900085449219,276500,368.6300048828125,356.6600036621094,352.8926086425781
15-08-2019,357.760009765625,357.92999267578125,174100,366.5,365.1199951171875,361.2632751464844
16-08-2019,361.5799865722656,367.9800109863281,239000,368.8900146484375,366.2099914550781,362.34173583984375
19-08-2019,362.0,368.2799987792969,170100,370.04998779296875,368.9100036621094,365.01318359375
20-08-2019,365.1199951171875,368.510009765625,239600,376.5400085449219,375.3299865722656,371.3653869628906
21-08-2019,374.7699890136719,376.8299865722656,349400,389.510009765625,389.2300109863281,385.11859130859375
22-08-2019,386.3800048828125,388.20001220703125,246600,394.9200134277344,392.6099853515625,388.4627990722656
23-08-2019,386.44000244140625,392.55999755859375,301700,397.5,388.6199951171875,384.5149841308594
26-08-2019,389.0,389.0299987792969,225900,397.0899963378906,395.1099853515625,390.9364318847656
27-08-2019,397.510009765625,397.6099853515625,352100,406.45001220703125,405.67999267578125,401.3948059082031
28-08-2019,401.0,406.17999267578125,285300,408.3699951171875,404.4599914550781,400.1876525878906
29-08-2019,384.5899963378906,408.1700134277344,494900,408.1700134277344,392.25,388.106689453125
30-08-2019,392.1400146484375,395.79998779296875,269900,399.1600036621094,397.6199951171875,393.4199523925781
03-09-2019,398.2099914550781,398.8900146484375,284200,407.92999267578125,402.1099853515625,397.86248779296875
04-09-2019,401.1499938964844,404.4700012207031,214700,408.9800109863281,408.6099853515625,404.2938232421875
05-09-2019,408.0,411.4700012207031,256100,415.0,411.9599914550781,407.60845947265625
06-09-2019,409.95001220703125,413.82000732421875,278900,421.45001220703125,419.3999938964844,414.9698791503906
09-09-2019,368.4800109863281,419.2900085449219,784000,419.69000244140625,369.69000244140625,365.7850036621094
10-09-2019,337.6000061035156,367.8999938964844,1125400,367.8999938964844,342.05999755859375,338.44683837890625
11-09-2019,336.8500061035156,342.2300109863281,550100,353.9200134277344,341.42999267578125,337.82342529296875
12-09-2019,336.4700012207031,344.7099914550781,313700,351.82000732421875,345.1400146484375,341.4942932128906
13-09-2019,329.25,344.5799865722656,432000,348.4700012207031,330.2900085449219,326.8011474609375
16-09-2019,325.8599853515625,328.010009765625,323200,337.69000244140625,334.3500061035156,330.81829833984375
17-09-2019,336.5,336.5,469500,348.1499938964844,342.4800109863281,338.8623962402344
18-09-2019,339.4800109863281,343.82000732421875,457000,348.30999755859375,344.0,340.3663024902344
19-09-2019,340.8699951171875,344.0,437200,347.57000732421875,342.75,339.1294860839844
20-09-2019,336.05999755859375,343.5299987792969,1133900,347.69000244140625,338.17999267578125,334.6078186035156
23-09-2019,333.7099914550781,340.55999755859375,695300,341.2300109863281,335.54998779296875,332.0055236816406
24-09-2019,332.6600036621094,336.94000244140625,698700,339.4100036621094,336.1000061035156,332.5497741699219
25-09-2019,327.5199890136719,336.19000244140625,320300,338.1700134277344,333.510009765625,329.9871520996094
26-09-2019,330.3299865722656,333.8900146484375,267800,336.80999755859375,332.0,328.4930725097656
27-09-2019,321.3699951171875,334.25,302900,337.010009765625,324.7099914550781,321.28009033203125
30-09-2019,323.8699951171875,326.4200134277344,440300,329.6600036621094,327.5,324.0406188964844
01-10-2019,319.2300109863281,325.57000732421875,447900,327.7699890136719,325.010009765625,321.576904296875
02-10-2019,317.94000244140625,319.7300109863281,282200,325.8599853515625,318.7300109863281,315.3632507324219
03-10-2019,319.760009765625,321.2799987792969,436600,337.760009765625,336.8599853515625,333.3017272949219
04-10-2019,336.1000061035156,336.1000061035156,304800,347.8800048828125,346.95001220703125,343.28515625
07-10-2019,341.6199951171875,346.8500061035156,233100,349.6600036621094,347.7900085449219,344.11627197265625
08-10-2019,340.7200012207031,346.4800109863281,199000,349.05999755859375,346.6700134277344,343.00811767578125
09-10-2019,347.3599853515625,347.3599853515625,235700,356.05999755859375,355.2699890136719,351.5173034667969
10-10-2019,353.0400085449219,354.05999755859375,264400,360.42999267578125,359.0899963378906,355.2969055175781
11-10-2019,347.94000244140625,361.4100036621094,386300,363.3699951171875,348.19000244140625,344.5120849609375
14-10-2019,347.9100036621094,349.82000732421875,215700,352.9100036621094,349.42999267578125,345.73895263671875
15-10-2019,346.0,352.4800109863281,289600,354.2200012207031,349.32000732421875,345.6301574707031
16-10-2019,337.3900146484375,344.67999267578125,442800,346.75,340.4200134277344,336.82415771484375
17-10-2019,341.260009765625,344.0799865722656,440600,350.44000244140625,349.70001220703125,346.00616455078125
18-10-2019,349.20001220703125,350.7699890136719,366700,355.55999755859375,352.8800048828125,349.1524963378906
21-10-2019,345.739990234375,352.8399963378906,199900,353.95001220703125,353.3999938964844,349.6670227050781
22-10-2019,340.0899963378906,354.3699951171875,274600,364.5299987792969,340.6499938964844,337.0516662597656
23-10-2019,337.5199890136719,344.05999755859375,311700,356.19000244140625,342.17999267578125,338.5655517578125
24-10-2019,340.2099914550781,342.54998779296875,245300,350.94000244140625,349.4599914550781,345.7686767578125
25-10-2019,340.0799865722656,350.8800048828125,216500,351.44000244140625,344.07000732421875,340.4355773925781
28-10-2019,341.4800109863281,346.5299987792969,175600,349.29998779296875,348.8699951171875,345.18487548828125
29-10-2019,349.3800048828125,349.3800048828125,168300,355.69000244140625,351.489990234375,347.7772216796875
30-10-2019,350.05999755859375,352.44000244140625,205700,359.989990234375,359.1499938964844,355.35626220703125
31-10-2019,358.04998779296875,359.2300109863281,332400,368.9599914550781,368.5899963378906,364.69659423828125
01-11-2019,362.5400085449219,371.92999267578125,255300,372.8900146484375,366.1400146484375,362.2724609375
04-11-2019,357.510009765625,368.5299987792969,220200,368.5799865722656,358.3999938964844,354.6142272949219
05-11-2019,337.7099914550781,357.1600036621094,268300,357.6700134277344,343.7300109863281,340.5838317871094
06-11-2019,343.5199890136719,343.5199890136719,175200,349.42999267578125,347.80999755859375,344.62652587890625
07-11-2019,340.07000732421875,349.4800109863281,252400,350.2099914550781,349.6000061035156,346.4001159667969
08-11-2019,345.57000732421875,348.3599853515625,230700,350.25,347.1499938964844,343.9725341796875
11-11-2019,346.6400146484375,346.6700134277344,178600,363.7799987792969,359.739990234375,356.4472961425781
12-11-2019,358.3800048828125,359.80999755859375,228800,367.92999267578125,365.92999267578125,362.5805969238281
13-11-2019,365.4700012207031,365.489990234375,170000,376.0199890136719,374.3599853515625,370.9334716796875
14-11-2019,372.42999267578125,374.0,185200,380.55999755859375,379.2200012207031,375.7489929199219
15-11-2019,376.6099853515625,380.1600036621094,203900,381.07000732421875,381.05999755859375,377.5721740722656
18-11-2019,377.2300109863281,377.2300109863281,171700,389.989990234375,389.5199890136719,385.9547424316406
19-11-2019,387.2900085449219,389.1400146484375,371000,401.4599914550781,400.1700134277344,396.5072326660156
20-11-2019,401.9800109863281,402.3599853515625,432400,411.8699951171875,404.489990234375,400.78765869140625
21-11-2019,393.7799987792969,406.0400085449219,250300,406.1700134277344,393.8900146484375,390.28472900390625
22-11-2019,388.989990234375,397.5299987792969,213000,397.8900146484375,392.3299865722656,388.7389831542969
25-11-2019,393.0,393.1000061035156,221000,399.5199890136719,397.17999267578125,393.5445556640625
26-11-2019,399.0299987792969,399.4100036621094,264600,406.6099853515625,401.8999938964844,398.22137451171875
27-11-2019,398.30999755859375,403.32000732421875,179400,407.1099853515625,406.42999267578125,402.7099609375
29-11-2019,402.4599914550781,403.07000732421875,85000,407.29998779296875,403.82000732421875,400.1238098144531
02-12-2019,397.04998779296875,402.54998779296875,313900,406.3500061035156,398.9700012207031,395.3182373046875
03-12-2019,394.45001220703125,397.2300109863281,292900,401.0,397.6700134277344,394.0301208496094
04-12-2019,392.4200134277344,396.70001220703125,300900,398.92999267578125,393.989990234375,390.3837585449219
05-12-2019,380.6099853515625,394.80999755859375,365700,394.80999755859375,381.17999267578125,377.6910705566406
06-12-2019,373.3999938964844,381.010009765625,303700,382.92999267578125,375.8999938964844,372.4593811035156
09-12-2019,366.05999755859375,376.989990234375,329200,382.7300109863281,367.0199890136719,363.66064453125
10-12-2019,366.6499938964844,368.1199951171875,247300,371.0,370.0,366.6134033203125
11-12-2019,368.2099914550781,372.239990234375,239800,376.8599853515625,376.80999755859375,373.3610534667969
12-12-2019,365.69000244140625,374.3500061035156,296200,378.2200012207031,369.4599914550781,366.0782775878906
13-12-2019,366.1300048828125,367.760009765625,229600,375.0199890136719,373.8900146484375,370.4677734375
16-12-2019,372.19000244140625,374.6400146484375,586600,381.2900085449219,374.69000244140625,371.2604675292969
17-12-2019,371.0899963378906,375.0,463900,375.0899963378906,373.5400085449219,370.12103271484375
18-12-2019,369.6099853515625,372.6099853515625,377200,374.8999938964844,369.8999938964844,366.51434326171875
19-12-2019,372.5,372.6499938964844,484300,379.6400146484375,377.57000732421875,374.11407470703125
20-12-2019,375.3800048828125,378.5,659500,379.42999267578125,376.32000732421875,372.8755187988281
23-12-2019,371.1099853515625,376.32000732421875,171000,378.3900146484375,371.3599853515625,367.9609069824219
24-12-2019,367.20001220703125,371.92999267578125,68700,375.5,374.0799865722656,370.656005859375
26-12-2019,373.80999755859375,373.82000732421875,119500,377.5299987792969,376.1000061035156,372.65753173828125
27-12-2019,374.29998779296875,378.5400085449219,336800,379.1000061035156,375.0,371.567626953125
30-12-2019,371.80999755859375,375.1099853515625,148900,376.239990234375,374.5,371.07220458984375
31-12-2019,371.9700012207031,374.4800109863281,179100,379.94000244140625,379.1099853515625,375.6400451660156
02-01-2020,376.9599914550781,380.260009765625,226200,381.0400085449219,380.25,376.76953125
03-01-2020,377.4599914550781,377.94000244140625,192900,381.260009765625,380.04998779296875,376.5713806152344
06-01-2020,366.8599853515625,379.70001220703125,329000,379.70001220703125,374.0799865722656,370.656005859375
07-01-2020,370.489990234375,372.5400085449219,178600,378.82000732421875,375.25,371.8153381347656
08-01-2020,363.67999267578125,375.05999755859375,383100,376.3800048828125,364.29998779296875,360.9655456542969
09-01-2020,366.42999267578125,366.42999267578125,414100,377.239990234375,371.70001220703125,368.2978515625
10-01-2020,362.45001220703125,371.70001220703125,238500,372.4200134277344,363.07000732421875,359.746826171875
13-01-2020,361.42999267578125,361.7900085449219,256400,370.54998779296875,368.6000061035156,365.2261962890625
14-01-2020,364.6099853515625,369.69000244140625,203500,370.6499938964844,366.6099853515625,363.25439453125
15-01-2020,363.7699890136719,365.75,208200,371.4800109863281,368.1000061035156,364.7308044433594
16-01-2020,368.2300109863281,368.9100036621094,259100,374.6499938964844,370.010009765625,366.623291015625
17-01-2020,368.25,370.45001220703125,270000,376.7799987792969,369.05999755859375,365.68194580078125
21-01-2020,368.2799987792969,368.2799987792969,278500,373.6099853515625,370.69000244140625,367.29705810546875
22-01-2020,369.510009765625,373.04998779296875,173800,374.7900085449219,370.4200134277344,367.029541015625
23-01-2020,364.8800048828125,369.57000732421875,274500,370.42999267578125,367.2799987792969,363.9183044433594
24-01-2020,357.1600036621094,366.8399963378906,245800,369.44000244140625,359.2699890136719,355.98162841796875
27-01-2020,350.6499938964844,355.0799865722656,212700,363.0899963378906,357.8599853515625,354.5845031738281
28-01-2020,356.3500061035156,360.239990234375,284800,362.69000244140625,359.8699951171875,356.5760803222656
29-01-2020,346.6099853515625,362.1700134277344,516900,364.0199890136719,352.0400085449219,348.8177490234375
30-01-2020,350.0,350.0299987792969,245900,360.5299987792969,358.1600036621094,354.8818054199219
31-01-2020,353.2300109863281,356.42999267578125,257000,359.8299865722656,354.17999267578125,350.9382019042969
03-02-2020,352.92999267578125,359.8500061035156,212700,359.8500061035156,355.5,352.2460632324219
04-02-2020,354.2799987792969,357.9599914550781,323800,366.1000061035156,355.0,351.7507019042969
05-02-2020,335.9100036621094,355.8999938964844,415300,362.0,341.8500061035156,338.7210388183594
06-02-2020,339.6300048828125,342.7099914550781,271600,345.8699951171875,345.6700134277344,342.5060729980469
07-02-2020,342.75,345.3399963378906,210900,349.0899963378906,344.2900085449219,341.1387023925781
10-02-2020,334.5799865722656,342.010009765625,270000,342.5,341.25,338.12652587890625
11-02-2020,340.0,340.7699890136719,170100,346.2699890136719,342.2799987792969,339.7444152832031
12-02-2020,333.1300048828125,342.55999755859375,277900,344.2300109863281,335.5,333.0146484375
13-02-2020,332.4599914550781,332.6199951171875,264000,340.69000244140625,338.1499938964844,335.6449890136719
14-02-2020,338.739990234375,339.0,288600,346.260009765625,345.69000244140625,343.1291809082031
18-02-2020,343.19000244140625,346.07000732421875,289500,350.9100036621094,347.17999267578125,344.60809326171875
19-02-2020,341.42999267578125,348.1600036621094,265700,349.0799865722656,341.67999267578125,339.1488952636719
20-02-2020,336.1099853515625,341.45001220703125,336500,347.8699951171875,344.6000061035156,342.0472412109375
21-02-2020,337.3999938964844,342.8299865722656,342300,346.489990234375,340.0899963378906,337.5706481933594
24-02-2020,332.2200012207031,333.42999267578125,286100,346.0199890136719,341.9100036621094,339.3772277832031
25-02-2020,328.6300048828125,342.739990234375,283700,345.8599853515625,331.20001220703125,328.74652099609375
26-02-2020,330.6600036621094,332.07000732421875,307900,342.1199951171875,338.2799987792969,335.7740783691406
27-02-2020,332.19000244140625,332.6600036621094,408400,341.5199890136719,333.3399963378906,330.87066650390625
28-02-2020,314.010009765625,329.6700134277344,532900,336.6700134277344,324.3299865722656,321.92742919921875
02-03-2020,321.29998779296875,324.9200134277344,386200,349.92999267578125,348.6199951171875,346.0374450683594
03-03-2020,337.9700012207031,346.8999938964844,478800,365.82000732421875,351.5799865722656,348.97552490234375
04-03-2020,351.1600036621094,356.1700134277344,430900,375.42999267578125,373.55999755859375,370.792724609375
05-03-2020,366.6199951171875,367.3999938964844,489100,388.7300109863281,377.5299987792969,374.7333068847656
06-03-2020,348.5199890136719,368.9100036621094,401800,372.8900146484375,362.3599853515625,359.6756896972656
09-03-2020,342.8500061035156,342.8500061035156,407600,366.1499938964844,352.30999755859375,349.70013427734375
10-03-2020,345.69000244140625,356.30999755859375,399900,367.29998779296875,357.1600036621094,354.5142517089844
11-03-2020,329.3399963378906,356.1700134277344,333500,357.8699951171875,333.6499938964844,331.1783752441406
12-03-2020,307.32000732421875,318.6700134277344,498300,334.1499938964844,314.7300109863281,312.39849853515625
13-03-2020,318.0,320.5899963378906,560700,346.6099853515625,343.07000732421875,340.528564453125
16-03-2020,286.9700012207031,317.3500061035156,446700,333.0199890136719,311.2900085449219,308.98406982421875
17-03-2020,317.9100036621094,318.0400085449219,482300,352.7099914550781,333.0,330.533203125
18-03-2020,290.1300048828125,300.0,493200,321.8699951171875,305.3599853515625,303.0979309082031
19-03-2020,288.010009765625,303.55999755859375,334700,323.2900085449219,316.1300048828125,313.78814697265625
20-03-2020,298.7300109863281,310.6099853515625,441800,326.1099853515625,310.6300048828125,308.32891845703125
23-03-2020,275.5,309.9100036621094,535200,310.0,281.30999755859375,279.2261047363281
24-03-2020,283.010009765625,293.7900085449219,543300,334.5199890136719,326.7200012207031,324.29974365234375
25-03-2020,323.57000732421875,323.57000732421875,366800,349.95001220703125,330.30999755859375,327.86309814453125
26-03-2020,331.5899963378906,339.1400146484375,328800,354.9599914550781,352.7900085449219,350.17657470703125
27-03-2020,332.2699890136719,342.70001220703125,291100,354.55999755859375,342.7799987792969,340.24072265625
30-03-2020,335.57000732421875,353.6199951171875,245800,354.55999755859375,351.32000732421875,348.7174987792969
31-03-2020,328.0299987792969,347.1400146484375,526400,349.6000061035156,332.57000732421875,330.10638427734375
01-04-2020,316.1499938964844,320.4100036621094,270800,338.6600036621094,333.989990234375,331.5158386230469
02-04-2020,324.0899963378906,325.0400085449219,283000,348.05999755859375,347.2900085449219,344.7173156738281
03-04-2020,343.3500061035156,343.3500061035156,452400,389.1400146484375,387.2699890136719,384.4011535644531
06-04-2020,382.19000244140625,394.17999267578125,399600,402.9700012207031,399.0299987792969,396.0740051269531
07-04-2020,376.7799987792969,400.54998779296875,365700,404.2699890136719,381.5,378.6739196777344
08-04-2020,378.0199890136719,388.0400085449219,262200,397.29998779296875,395.6199951171875,392.6893005371094
09-04-2020,397.489990234375,399.29998779296875,221100,405.2900085449219,403.3500061035156,400.3620300292969
13-04-2020,380.2799987792969,400.0,234800,402.010009765625,385.7900085449219,382.93212890625
14-04-2020,391.739990234375,397.739990234375,323300,404.42999267578125,397.7099914550781,394.7638244628906
15-04-2020,393.989990234375,396.29998779296875,328000,417.2900085449219,413.20001220703125,410.1390686035156
16-04-2020,417.0400085449219,419.510009765625,387200,439.2200012207031,436.5,433.2664794921875
17-04-2020,427.6199951171875,447.510009765625,271800,449.94000244140625,429.7799987792969,426.59625244140625
20-04-2020,425.0199890136719,428.7300109863281,257000,435.2900085449219,430.57000732421875,427.38043212890625
21-04-2020,407.9700012207031,430.760009765625,230600,431.8999938964844,410.489990234375,407.44915771484375
22-04-2020,410.760009765625,417.2099914550781,208600,431.260009765625,424.239990234375,421.0972900390625
23-04-2020,415.55999755859375,424.1199951171875,186600,426.30999755859375,417.7799987792969,414.6851806640625
24-04-2020,416.0400085449219,421.2799987792969,241900,424.69000244140625,421.0199890136719,417.9011535644531
27-04-2020,425.0199890136719,431.2099914550781,187700,443.510009765625,441.5899963378906,438.3187561035156
28-04-2020,433.0,443.2300109863281,268300,452.7799987792969,441.42999267578125,438.1599426269531
29-04-2020,436.8699951171875,441.1199951171875,357200,463.57000732421875,456.7099914550781,453.3267517089844
30-04-2020,450.3900146484375,450.3900146484375,404100,465.8999938964844,455.010009765625,451.6393737792969
01-05-2020,446.45001220703125,451.2300109863281,271700,460.0,449.7900085449219,446.4580383300781
04-05-2020,447.010009765625,450.2099914550781,238600,459.8800048828125,457.07000732421875,453.68408203125
05-05-2020,450.0,450.0199890136719,284900,488.2200012207031,483.260009765625,479.6800842285156
06-05-2020,470.6600036621094,491.9200134277344,291100,491.9200134277344,471.3500061035156,467.85833740234375
07-05-2020,477.70001220703125,483.5299987792969,304600,491.25,480.75,477.18865966796875
08-05-2020,475.8399963378906,482.0,298500,490.80999755859375,484.32000732421875,480.73223876953125
11-05-2020,486.45001220703125,486.45001220703125,336600,517.9299926757812,505.04998779296875,501.3086242675781
12-05-2020,497.3699951171875,514.1300048828125,301500,516.9600219726562,497.7300109863281,494.6305236816406
13-05-2020,493.1600036621094,496.44000244140625,334000,512.4299926757812,504.739990234375,501.59686279296875
14-05-2020,483.57000732421875,499.95001220703125,382600,505.7300109863281,493.6000061035156,490.5262451171875
15-05-2020,486.6099853515625,497.5400085449219,735700,503.1600036621094,488.04998779296875,485.0107727050781
18-05-2020,490.32000732421875,500.989990234375,317700,500.989990234375,492.6600036621094,489.592041015625
19-05-2020,475.0199890136719,491.0,265700,497.75,478.55999755859375,475.5798645019531
20-05-2020,473.5899963378906,480.5199890136719,296100,486.8999938964844,477.92999267578125,474.95379638671875
21-05-2020,469.1199951171875,475.70001220703125,404300,476.510009765625,472.92999267578125,469.9848937988281
22-05-2020,466.8599853515625,472.5400085449219,196500,484.989990234375,482.32000732421875,479.31646728515625
26-05-2020,467.54998779296875,480.29998779296875,312700,487.6700134277344,470.510009765625,467.58001708984375
27-05-2020,453.05999755859375,467.1499938964844,335200,478.05999755859375,468.260009765625,465.34405517578125
28-05-2020,474.4800109863281,475.57000732421875,307500,494.5199890136719,483.510009765625,480.4991149902344
29-05-2020,485.5,489.0,577300,511.95001220703125,508.5899963378906,505.4228820800781
01-06-2020,504.0899963378906,508.5799865722656,418900,526.97998046875,519.780029296875,516.543212890625
02-06-2020,510.2200012207031,521.9600219726562,248800,525.260009765625,515.9600219726562,512.7470092773438
03-06-2020,509.8500061035156,518.489990234375,193900,521.1099853515625,521.1099853515625,517.8649291992188
04-06-2020,490.1099853515625,511.79998779296875,236800,520.8800048828125,499.0400085449219,495.932373046875
05-06-2020,487.8500061035156,494.739990234375,307900,503.92999267578125,493.8999938964844,490.8243713378906
08-06-2020,478.0299987792969,487.0799865722656,266300,491.3800048828125,488.3699951171875,485.3288269042969
09-06-2020,488.2300109863281,497.4200134277344,240100,506.8599853515625,499.92999267578125,496.8168029785156
10-06-2020,494.45001220703125,497.739990234375,235600,510.7300109863281,506.989990234375,503.8328552246094
11-06-2020,481.5,509.07000732421875,243700,509.07000732421875,482.05999755859375,479.05810546875
12-06-2020,482.5799865722656,486.55999755859375,187700,496.7200012207031,492.7900085449219,489.7212829589844
15-06-2020,485.8999938964844,488.3299865722656,165800,502.2799987792969,501.1300048828125,498.0093078613281
16-06-2020,490.55999755859375,504.6000061035156,145900,506.57000732421875,498.989990234375,495.8826599121094
17-06-2020,501.8399963378906,503.0,190700,515.8400268554688,508.989990234375,505.8204040527344
18-06-2020,497.5,503.9700012207031,183200,506.82000732421875,500.8599853515625,497.74102783203125
19-06-2020,501.3900146484375,511.30999755859375,461100,523.0900268554688,520.280029296875,517.0401611328125
22-06-2020,512.8499755859375,521.7100219726562,225000,524.97998046875,519.0700073242188,515.837646484375
23-06-2020,517.1799926757812,522.22998046875,176400,527.1300048828125,519.52001953125,516.2848510742188
24-06-2020,503.4200134277344,519.1500244140625,215700,522.469970703125,505.19000244140625,502.0440673828125
25-06-2020,497.1499938964844,505.510009765625,233200,513.52001953125,507.3599853515625,504.2005310058594
26-06-2020,485.0400085449219,505.6000061035156,534400,510.0,489.8299865722656,486.7796630859375
29-06-2020,486.0899963378906,493.4200134277344,186000,500.9599914550781,498.6099853515625,495.5050048828125
30-06-2020,493.7699890136719,506.7200012207031,321500,506.7200012207031,500.9200134277344,497.8006286621094
01-07-2020,493.6000061035156,500.1600036621094,295100,509.9800109863281,506.010009765625,502.8589782714844
02-07-2020,500.4700012207031,512.8800048828125,196000,512.8800048828125,501.8800048828125,498.7546691894531
06-07-2020,509.19000244140625,509.3599853515625,235700,531.4299926757812,520.7899780273438,517.546875
07-07-2020,516.7000122070312,517.469970703125,211900,537.8800048828125,533.1599731445312,529.83984375
08-07-2020,537.0499877929688,539.3499755859375,216000,546.030029296875,544.4199829101562,541.02978515625
09-07-2020,544.0,547.0399780273438,132800,561.6799926757812,548.6099853515625,545.193603515625
10-07-2020,535.7100219726562,547.5,170600,549.989990234375,537.22998046875,533.884521484375
13-07-2020,515.1799926757812,541.3200073242188,230600,542.8499755859375,517.5700073242188,514.3469848632812
14-07-2020,506.3599853515625,517.5999755859375,241000,522.510009765625,522.219970703125,518.9679565429688
15-07-2020,520.030029296875,525.8400268554688,190600,535.2999877929688,531.8599853515625,528.5479125976562
16-07-2020,525.719970703125,528.3499755859375,161900,539.9400024414062,530.760009765625,527.454833984375
17-07-2020,529.9500122070312,535.260009765625,163700,536.260009765625,532.5399780273438,529.2237548828125
20-07-2020,532.6699829101562,534.6599731445312,440600,540.3300170898438,534.0499877929688,530.724365234375
21-07-2020,531.3900146484375,534.0800170898438,287200,536.0499877929688,533.4500122070312,530.1279907226562
22-07-2020,510.0,510.0,334200,536.8200073242188,527.1099853515625,523.8275146484375
23-07-2020,506.8299865722656,531.1099853515625,243800,532.0499877929688,509.17999267578125,506.0091857910156
24-07-2020,501.0199890136719,508.75,202900,512.0,505.80999755859375,502.6601867675781
27-07-2020,509.2300109863281,509.3399963378906,168200,522.0399780273438,521.0,517.7555541992188
28-07-2020,502.67999267578125,517.8599853515625,147400,518.02001953125,509.6000061035156,506.42657470703125
29-07-2020,510.82000732421875,510.82000732421875,99500,518.97998046875,517.3900146484375,514.1680908203125
30-07-2020,505.32000732421875,510.17999267578125,141200,517.77001953125,516.5499877929688,513.333251953125
31-07-2020,505.55999755859375,518.0800170898438,119100,519.0,516.7000122070312,513.4823608398438
03-08-2020,510.5799865722656,520.5900268554688,153000,525.9600219726562,511.69000244140625,508.5035705566406
04-08-2020,502.6099853515625,507.4100036621094,209300,512.5999755859375,508.6700134277344,506.0958557128906
05-08-2020,502.3500061035156,504.8399963378906,120600,511.0199890136719,510.0899963378906,507.5086364746094
06-08-2020,501.17999267578125,505.4800109863281,108700,508.9200134277344,503.6499938964844,501.1012268066406
07-08-2020,500.70001220703125,500.70001220703125,205400,510.6000061035156,508.20001220703125,505.62823486328125
10-08-2020,480.57000732421875,508.8800048828125,276500,508.8800048828125,482.6700134277344,480.2274475097656
11-08-2020,471.0899963378906,483.3800048828125,198800,488.6300048828125,482.7900085449219,480.3468017578125
12-08-2020,482.0199890136719,482.0199890136719,166100,495.55999755859375,492.5400085449219,490.0474853515625
13-08-2020,483.70001220703125,491.7799987792969,126200,498.05999755859375,496.760009765625,494.24615478515625
14-08-2020,494.57000732421875,501.760009765625,106600,502.8500061035156,496.5,493.9873962402344
17-08-2020,494.7300109863281,495.20001220703125,212600,502.5799865722656,500.5899963378906,498.0567321777344
18-08-2020,497.79998779296875,500.5199890136719,108500,502.0,499.0299987792969,496.5046081542969
19-08-2020,491.1700134277344,505.7799987792969,156000,506.9100036621094,491.8800048828125,489.3908386230469
20-08-2020,493.0199890136719,493.8599853515625,180000,504.5,501.3699951171875,498.832763671875
21-08-2020,498.94000244140625,504.04998779296875,155200,504.70001220703125,499.8399963378906,497.3105163574219
24-08-2020,486.75,499.8599853515625,113100,501.1199951171875,489.4800109863281,487.0029602050781
25-08-2020,479.5,486.45001220703125,132600,487.0299987792969,484.489990234375,482.0382080078125
26-08-2020,484.4200134277344,487.2799987792969,182500,505.0,499.4100036621094,496.8827209472656
27-08-2020,494.3800048828125,495.29998779296875,132800,506.7699890136719,496.20001220703125,493.6889343261719
28-08-2020,482.989990234375,501.6000061035156,158500,501.6000061035156,484.3699951171875,481.9188232421875
31-08-2020,484.3800048828125,484.6400146484375,278300,492.0199890136719,485.94000244140625,483.4808654785156
01-09-2020,486.45001220703125,489.510009765625,144500,491.07000732421875,490.4200134277344,487.93817138671875
02-09-2020,487.5299987792969,489.44000244140625,234300,499.20001220703125,494.0899963378906,491.589599609375
03-09-2020,467.6000061035156,489.2300109863281,211200,489.6099853515625,471.2300109863281,468.8453369140625
04-09-2020,451.0199890136719,469.0899963378906,247900,470.1099853515625,454.45001220703125,452.1502380371094
08-09-2020,441.1199951171875,449.3399963378906,357800,455.0,449.6199951171875,447.3446350097656
09-09-2020,450.4100036621094,457.17999267578125,209900,463.75,458.6700134277344,456.348876953125
10-09-2020,450.67999267578125,462.0799865722656,191700,467.6400146484375,451.5299987792969,449.2450256347656
11-09-2020,448.57000732421875,455.0799865722656,166800,459.79998779296875,453.07000732421875,450.7771911621094
14-09-2020,457.8900146484375,457.92999267578125,267900,465.4100036621094,461.8500061035156,459.5127868652344
15-09-2020,461.6400146484375,463.9100036621094,188500,465.5299987792969,464.05999755859375,461.7115783691406
16-09-2020,461.3599853515625,468.8500061035156,175800,472.7099914550781,461.9200134277344,459.5824279785156
17-09-2020,444.2200012207031,458.0299987792969,260900,458.0299987792969,447.489990234375,445.2254638671875
18-09-2020,437.8900146484375,446.8399963378906,381900,449.3999938964844,438.6600036621094,436.4400939941406
21-09-2020,434.3299865722656,434.3299865722656,296500,443.7099914550781,443.0,440.7581787109375
22-09-2020,437.07000732421875,442.7699890136719,248900,447.0799865722656,446.95001220703125,444.68817138671875
23-09-2020,447.29998779296875,449.8399963378906,209000,458.3900146484375,449.4599914550781,447.1854553222656
24-09-2020,447.8399963378906,448.2300109863281,202300,463.5899963378906,452.1199951171875,449.8320007324219
25-09-2020,450.69000244140625,450.69000244140625,152700,465.6600036621094,465.1000061035156,462.746337890625
28-09-2020,464.760009765625,467.17999267578125,242300,478.1300048828125,476.04998779296875,473.6408996582031
29-09-2020,473.07000732421875,473.70001220703125,328300,491.17999267578125,485.42999267578125,482.97344970703125
30-09-2020,477.9100036621094,487.5199890136719,270400,492.5899963378906,481.5899963378906,479.1528625488281
01-10-2020,480.4100036621094,483.9100036621094,171900,487.7799987792969,482.9700012207031,480.52587890625
02-10-2020,472.6000061035156,477.9700012207031,168700,489.989990234375,482.5199890136719,480.078125
05-10-2020,486.7200012207031,488.8699951171875,198700,498.07000732421875,497.2799987792969,494.7634582519531
06-10-2020,492.4200134277344,499.57000732421875,195800,501.4100036621094,498.5799865722656,496.056884765625
07-10-2020,504.8599853515625,505.0,248900,512.9299926757812,510.2300109863281,507.64794921875
08-10-2020,511.6700134277344,513.010009765625,124300,519.4099731445312,518.4199829101562,515.7965087890625
09-10-2020,519.3800048828125,519.8599853515625,110800,524.25,522.0499877929688,519.4081420898438
12-10-2020,523.1500244140625,525.27001953125,195700,536.3499755859375,532.22998046875,529.5365600585938
13-10-2020,534.0700073242188,534.0700073242188,204500,542.3599853515625,540.0900268554688,537.35693359375
14-10-2020,534.27001953125,541.0,143500,546.25,535.4299926757812,532.720458984375
15-10-2020,528.6300048828125,530.969970703125,174800,544.1099853515625,540.47998046875,537.7448120117188
16-10-2020,535.4500122070312,543.3599853515625,188300,547.6500244140625,538.0700073242188,535.3470458984375
19-10-2020,537.3200073242188,541.510009765625,157300,549.5,539.260009765625,536.531005859375
20-10-2020,541.1699829101562,543.010009765625,231200,558.3200073242188,549.989990234375,547.2067260742188
21-10-2020,553.5700073242188,555.7899780273438,176400,570.1699829101562,558.0800170898438,555.2557983398438
22-10-2020,558.6099853515625,562.6699829101562,221700,572.4500122070312,567.3699951171875,564.4987182617188
23-10-2020,553.3800048828125,567.0,173800,568.469970703125,558.9099731445312,556.0816040039062
26-10-2020,541.6699829101562,558.25,196700,559.010009765625,547.3099975585938,544.540283203125
27-10-2020,539.8699951171875,544.969970703125,294600,575.5999755859375,573.0,570.1002197265625
28-10-2020,548.9400024414062,567.760009765625,298200,567.760009765625,557.02001953125,554.201171875
29-10-2020,550.27001953125,556.760009765625,208100,564.3900146484375,555.8599853515625,553.0469970703125
30-10-2020,532.5999755859375,550.3400268554688,309600,556.3099975585938,538.8499755859375,536.1231079101562
02-11-2020,533.5700073242188,544.4099731445312,306700,552.77001953125,538.7899780273438,536.0634155273438
03-11-2020,535.4099731445312,542.9500122070312,230200,545.7999877929688,539.6900024414062,536.9588623046875
04-11-2020,545.0900268554688,549.27001953125,243000,585.1799926757812,579.9199829101562,576.9852294921875
05-11-2020,580.6599731445312,586.9099731445312,276600,602.77001953125,581.1699829101562,578.2289428710938
06-11-2020,567.2999877929688,580.9199829101562,145000,592.4400024414062,579.1799926757812,576.2489624023438
09-11-2020,534.0499877929688,604.6099853515625,353800,606.4500122070312,534.8400268554688,532.6852416992188
10-11-2020,506.4599914550781,526.0999755859375,324200,529.9199829101562,525.0399780273438,522.9246826171875
11-11-2020,525.0499877929688,536.3200073242188,243300,547.1199951171875,544.9099731445312,542.7146606445312
12-11-2020,531.8200073242188,550.260009765625,163500,550.4299926757812,534.8099975585938,532.6553344726562
13-11-2020,519.7100219726562,539.7000122070312,225700,541.4299926757812,522.9299926757812,520.8231811523438
16-11-2020,502.6499938964844,528.3900146484375,259400,528.3900146484375,521.989990234375,519.886962890625
17-11-2020,509.0299987792969,522.97998046875,250000,522.97998046875,514.0900268554688,512.0188598632812
18-11-2020,506.1199951171875,515.260009765625,251700,520.8099975585938,512.260009765625,510.1961975097656
19-11-2020,511.75,517.77001953125,413200,539.0399780273438,534.219970703125,532.0676879882812
20-11-2020,525.0700073242188,528.1500244140625,347700,548.27001953125,546.1400146484375,543.939697265625
23-11-2020,518.02001953125,551.1699829101562,194700,551.3300170898438,519.9099731445312,517.8153076171875
24-11-2020,515.5700073242188,522.1599731445312,311000,534.989990234375,518.4600219726562,516.3712158203125
25-11-2020,507.1000061035156,518.4600219726562,280000,523.4299926757812,514.3499755859375,512.2777709960938
27-11-2020,515.0399780273438,515.0399780273438,136600,534.969970703125,533.8900146484375,531.739013671875
30-11-2020,526.0399780273438,530.8400268554688,330500,541.5399780273438,539.1799926757812,537.0076904296875
01-12-2020,538.4600219726562,547.7899780273438,268800,549.3499755859375,546.6099853515625,544.4077758789062
02-12-2020,535.9199829101562,545.5700073242188,370600,548.5,540.780029296875,538.601318359375
03-12-2020,541.3200073242188,545.3499755859375,489700,562.8699951171875,555.6300048828125,553.3914794921875
04-12-2020,535.97998046875,558.5,480400,573.8400268554688,539.1699829101562,536.9977416992188
07-12-2020,539.3300170898438,539.3300170898438,543900,571.0499877929688,569.9400024414062,567.643798828125
08-12-2020,560.6699829101562,566.1300048828125,610100,569.280029296875,566.010009765625,563.7296752929688
09-12-2020,557.25,562.3499755859375,290800,569.1300048828125,564.6699829101562,562.39501953125
10-12-2020,545.5800170898438,562.489990234375,247100,566.72998046875,551.5800170898438,549.3577880859375
11-12-2020,538.0499877929688,551.25,273500,561.6500244140625,547.6699829101562,545.4635009765625
14-12-2020,549.780029296875,553.6099853515625,412900,574.7999877929688,551.1500244140625,548.9295654296875
15-12-2020,545.260009765625,552.8499755859375,287200,556.8300170898438,553.7899780273438,551.558837890625
16-12-2020,551.2100219726562,557.030029296875,314800,563.2000122070312,560.5,558.2418212890625
17-12-2020,562.9299926757812,563.52001953125,253200,578.9400024414062,577.3499755859375,575.02392578125
18-12-2020,571.5900268554688,579.6199951171875,463000,580.6599731445312,578.8800048828125,576.5478515625
21-12-2020,560.25,575.6400146484375,400800,579.4000244140625,578.4400024414062,576.1095581054688
22-12-2020,578.1199951171875,580.1500244140625,318200,590.780029296875,590.3200073242188,587.9417114257812
23-12-2020,571.8200073242188,594.489990234375,179200,601.4199829101562,572.969970703125,570.66162109375
24-12-2020,567.8599853515625,576.47998046875,148100,582.6799926757812,573.0800170898438,570.7711791992188
28-12-2020,559.1699829101562,579.8900146484375,217400,579.8900146484375,565.77001953125,563.4906005859375
29-12-2020,560.3200073242188,570.0,144100,571.52001953125,564.7899780273438,562.5145263671875
30-12-2020,560.3599853515625,568.0,197300,573.1300048828125,562.27001953125,560.0047607421875
31-12-2020,558.8300170898438,563.4099731445312,215100,572.1099853515625,570.5599975585938,568.2612915039062
04-01-2021,559.0700073242188,575.3900146484375,281000,583.7999877929688,562.780029296875,560.5126953125
05-01-2021,545.2999877929688,562.8400268554688,232300,565.1500244140625,554.25,552.01708984375
06-01-2021,535.9299926757812,545.6699829101562,370000,553.8800048828125,545.0800170898438,542.8839721679688
07-01-2021,540.4600219726562,543.739990234375,249700,557.989990234375,549.2100219726562,546.997314453125
08-01-2021,546.75,549.8599853515625,174700,560.5800170898438,552.0900268554688,549.86572265625
11-01-2021,541.4000244140625,548.77001953125,166500,549.8099975585938,543.719970703125,541.5294189453125
12-01-2021,524.77001953125,540.5999755859375,385200,545.5900268554688,528.6799926757812,526.550048828125
13-01-2021,520.9600219726562,528.1799926757812,244100,537.9299926757812,536.3200073242188,534.1592407226562
14-01-2021,510.4200134277344,536.0999755859375,270500,536.0999755859375,512.0800170898438,510.0169372558594
15-01-2021,510.010009765625,512.530029296875,422800,529.8200073242188,523.0,520.8929443359375
19-01-2021,509.17999267578125,533.510009765625,419700,533.510009765625,515.8900146484375,513.8115844726562
20-01-2021,507.989990234375,515.9600219726562,287400,518.5,517.3699951171875,515.28564453125
21-01-2021,509.1099853515625,519.3400268554688,220500,519.3400268554688,514.1300048828125,512.0587158203125
22-01-2021,509.0299987792969,516.97998046875,323400,519.469970703125,509.70001220703125,507.64654541015625
25-01-2021,502.17999267578125,510.54998779296875,286800,516.1400146484375,509.3500061035156,507.29791259765625
26-01-2021,503.25,509.8999938964844,352100,513.0,509.80999755859375,507.7560729980469
27-01-2021,501.0,509.55999755859375,702900,537.9199829101562,534.4299926757812,532.27685546875
28-01-2021,530.0,530.0,422500,545.97998046875,536.5499877929688,534.3883056640625
29-01-2021,527.3400268554688,532.719970703125,306700,542.6900024414062,540.760009765625,538.5814208984375
01-02-2021,544.969970703125,549.5499877929688,368500,575.3800048828125,568.72998046875,566.4386596679688
02-02-2021,568.0,568.0,292500,589.25,580.1099853515625,577.7727661132812
03-02-2021,562.2100219726562,580.5700073242188,265400,587.8900146484375,563.8099975585938,561.5384521484375
04-02-2021,558.7999877929688,563.989990234375,173800,572.8400268554688,566.2000122070312,563.9188842773438
05-02-2021,564.8900146484375,570.9500122070312,176700,574.989990234375,571.6599731445312,569.3568725585938
08-02-2021,563.3300170898438,572.3200073242188,175700,576.1300048828125,569.719970703125,567.4246215820312
09-02-2021,552.0499877929688,567.0700073242188,201900,572.1799926757812,557.760009765625,556.1572265625
10-02-2021,549.9299926757812,561.3499755859375,172100,561.3499755859375,553.989990234375,552.3980102539062
11-02-2021,541.3499755859375,557.969970703125,197700,560.5999755859375,545.719970703125,544.1517333984375
12-02-2021,544.4600219726562,547.52001953125,164000,553.4400024414062,552.5499877929688,550.962158203125
16-02-2021,532.2100219726562,556.5800170898438,271100,556.5800170898438,537.52001953125,535.9754028320312
17-02-2021,527.530029296875,531.5399780273438,244600,541.8900146484375,535.7100219726562,534.1705322265625
18-02-2021,531.3300170898438,532.75,167900,543.8300170898438,543.6900024414062,542.1276245117188
19-02-2021,545.72998046875,548.4099731445312,243700,557.989990234375,550.2100219726562,548.62890625
22-02-2021,529.239990234375,547.1300048828125,241000,547.1300048828125,541.0700073242188,539.5151977539062
23-02-2021,530.0900268554688,537.8599853515625,403600,552.9099731445312,549.1400146484375,547.5619506835938
24-02-2021,536.0,544.1400146484375,225900,548.72998046875,545.4600219726562,543.892578125
25-02-2021,544.0900268554688,545.719970703125,224100,557.0599975585938,551.77001953125,550.1844482421875
26-02-2021,543.1300048828125,551.6699829101562,282800,561.2100219726562,555.9400024414062,554.3424072265625
01-03-2021,563.8200073242188,564.9299926757812,241900,580.989990234375,579.0700073242188,577.4059448242188
02-03-2021,574.219970703125,582.0,245400,587.0499877929688,578.8800048828125,577.2164916992188
03-03-2021,508.6300048828125,573.8900146484375,534300,575.0999755859375,509.3500061035156,507.88629150390625
04-03-2021,478.7799987792969,505.2799987792969,461300,510.6000061035156,484.92999267578125,483.5364685058594
05-03-2021,471.0400085449219,488.1000061035156,612900,506.82000732421875,504.3699951171875,502.92059326171875
08-03-2021,496.8800048828125,504.989990234375,349100,522.530029296875,512.969970703125,511.4958801269531
09-03-2021,518.27001953125,518.3400268554688,350500,540.4000244140625,524.0900268554688,522.5839233398438
10-03-2021,512.47998046875,530.1099853515625,211100,530.1099853515625,516.7899780273438,515.304931640625
11-03-2021,515.530029296875,517.1199951171875,200400,526.72998046875,523.8200073242188,522.314697265625
12-03-2021,507.5799865722656,522.7999877929688,225800,523.9099731445312,518.969970703125,517.4785766601562
15-03-2021,513.219970703125,523.739990234375,246700,534.1699829101562,525.4099731445312,523.9000854492188
16-03-2021,511.489990234375,529.77001953125,198400,533.4000244140625,516.9099731445312,515.424560546875
17-03-2021,505.92999267578125,515.5999755859375,306300,518.7899780273438,513.0,511.52581787109375
18-03-2021,500.0,507.5,291400,517.510009765625,501.4200134277344,499.9790954589844
19-03-2021,500.2099914550781,504.739990234375,667300,513.9000244140625,510.1199951171875,508.6540832519531
22-03-2021,507.4700012207031,507.4700012207031,202100,523.0700073242188,521.280029296875,519.781982421875
23-03-2021,514.52001953125,518.2899780273438,283500,530.1699829101562,526.1199951171875,524.6080932617188
24-03-2021,496.3399963378906,523.75,271800,523.75,500.92999267578125,499.490478515625
25-03-2021,488.79998779296875,500.04998779296875,293000,500.6199951171875,497.7099914550781,496.27972412109375
26-03-2021,495.3800048828125,497.1600036621094,263600,519.2899780273438,517.7999877929688,516.31201171875
29-03-2021,507.8399963378906,516.1099853515625,192300,524.1799926757812,516.6799926757812,515.1951904296875
30-03-2021,495.0299987792969,515.4600219726562,218900,518.6300048828125,495.75,494.32537841796875
31-03-2021,497.4800109863281,499.44000244140625,346300,510.57000732421875,497.9200134277344,496.4891357421875
01-04-2021,502.7699890136719,504.05999755859375,245300,526.5999755859375,520.280029296875,518.784912109375
05-04-2021,508.0,522.8300170898438,227700,523.0,520.0,518.5056762695312
06-04-2021,508.25,508.25,288700,535.5499877929688,533.0599975585938,531.5281372070312
07-04-2021,511.44000244140625,534.6199951171875,214400,537.0,521.010009765625,519.5128173828125
08-04-2021,523.02001953125,527.6400146484375,203900,535.530029296875,531.47998046875,529.9526977539062
09-04-2021,521.4299926757812,529.1300048828125,192900,536.8699951171875,534.5599975585938,533.0238037109375
12-04-2021,523.0,532.4000244140625,180800,536.010009765625,535.4500122070312,533.9113159179688
13-04-2021,535.0999755859375,536.0,257300,546.1599731445312,539.6799926757812,538.129150390625
14-04-2021,532.030029296875,541.3699951171875,181600,544.47998046875,534.8400268554688,533.3030395507812
15-04-2021,535.47998046875,538.489990234375,151900,545.77001953125,539.1500244140625,537.6007080078125
16-04-2021,528.4299926757812,544.3800048828125,256700,544.3800048828125,534.9500122070312,533.4127197265625
19-04-2021,526.1300048828125,536.010009765625,172300,540.4600219726562,533.6199951171875,532.0864868164062
20-04-2021,528.5999755859375,536.0,137000,539.0599975585938,529.1199951171875,527.5994873046875
21-04-2021,519.5399780273438,529.8200073242188,178900,533.3599853515625,523.25,521.746337890625
22-04-2021,494.7099914550781,500.0,509100,509.95001220703125,502.8800048828125,501.43487548828125
23-04-2021,492.3500061035156,501.5,303200,510.7099914550781,507.4599914550781,506.0017395019531
26-04-2021,501.7799987792969,509.55999755859375,202800,514.6099853515625,505.2099914550781,503.7581787109375
27-04-2021,494.1300048828125,503.79998779296875,210400,505.9200134277344,495.6499938964844,494.2256774902344
28-04-2021,486.4100036621094,498.0799865722656,225600,498.0799865722656,489.3699951171875,487.9637145996094
29-04-2021,487.0,487.0,231500,497.75,495.7699890136719,494.3453063964844
30-04-2021,486.0400085449219,492.239990234375,272900,492.80999755859375,488.4599914550781,487.05633544921875
03-05-2021,487.5899963378906,490.3699951171875,199200,492.3399963378906,488.67999267578125,487.27569580078125
04-05-2021,473.2799987792969,487.3500061035156,265500,487.3500061035156,474.0,472.63787841796875
05-05-2021,455.94000244140625,475.8399963378906,362700,476.4599914550781,456.6199951171875,455.30780029296875
06-05-2021,434.2200012207031,451.3399963378906,605900,456.2699890136719,438.6099853515625,437.3495788574219
07-05-2021,432.95001220703125,444.6600036621094,598800,456.6600036621094,437.1700134277344,435.9137268066406
10-05-2021,433.32000732421875,438.0,353300,446.0799865722656,439.7900085449219,438.5262145996094
11-05-2021,431.19000244140625,434.44000244140625,432000,448.9599914550781,448.0400085449219,447.4239501953125
12-05-2021,442.1000061035156,445.0299987792969,398300,448.6700134277344,444.82000732421875,444.2083740234375
13-05-2021,442.5899963378906,446.9100036621094,429700,455.04998779296875,452.2200012207031,451.5981750488281
14-05-2021,443.57000732421875,453.1199951171875,294200,459.17999267578125,456.29998779296875,455.6725769042969
17-05-2021,451.32000732421875,455.3699951171875,403400,461.0,455.0899963378906,454.4642333984375
18-05-2021,444.6700134277344,455.4599914550781,318300,456.95001220703125,446.70001220703125,446.0857849121094
19-05-2021,435.2300109863281,440.80999755859375,281300,446.7200012207031,443.1400146484375,442.53070068359375
20-05-2021,443.2699890136719,445.010009765625,205400,453.54998779296875,450.94000244140625,450.3199462890625
21-05-2021,450.3500061035156,452.4100036621094,234400,458.1600036621094,455.989990234375,455.3630065917969
24-05-2021,454.8900146484375,459.1099853515625,247300,460.75,456.3999938964844,455.7724304199219
25-05-2021,454.70001220703125,456.30999755859375,255600,462.67999267578125,458.5199890136719,457.8895263671875
26-05-2021,458.760009765625,461.0299987792969,329500,466.55999755859375,462.760009765625,462.12371826171875
27-05-2021,455.010009765625,460.6199951171875,548700,464.6000061035156,462.0299987792969,461.3946838378906
28-05-2021,460.0,461.3999938964844,292500,469.95001220703125,466.5400085449219,465.89849853515625
01-06-2021,454.1000061035156,468.20001220703125,241600,471.010009765625,454.3299865722656,453.70526123046875
02-06-2021,450.5299987792969,452.6700134277344,204800,460.7099914550781,460.4599914550781,459.82684326171875
03-06-2021,440.3599853515625,449.67999267578125,392800,455.8599853515625,444.2099914550781,443.59918212890625
04-06-2021,443.1199951171875,446.7300109863281,345700,450.760009765625,450.2300109863281,449.6109313964844
07-06-2021,441.6400146484375,448.4700012207031,222300,449.0299987792969,448.5899963378906,447.9731750488281
08-06-2021,440.44000244140625,450.17999267578125,184000,452.1400146484375,440.760009765625,440.1539611816406
09-06-2021,433.260009765625,440.760009765625,201900,443.6099853515625,433.6199951171875,433.0237731933594
10-06-2021,431.5899963378906,434.79998779296875,439100,436.1600036621094,432.8900146484375,432.2947692871094
11-06-2021,434.1300048828125,435.8599853515625,182800,442.989990234375,440.8599853515625,440.2537841796875
14-06-2021,441.2900085449219,443.5199890136719,244400,455.1000061035156,454.7099914550781,454.0847473144531
15-06-2021,451.5400085449219,454.7099914550781,269800,457.5400085449219,452.5199890136719,451.89776611328125
16-06-2021,445.8299865722656,453.8399963378906,226300,457.760009765625,449.3599853515625,448.7420959472656
17-06-2021,448.6600036621094,448.6600036621094,308200,466.3299865722656,461.0899963378906,460.45599365234375
18-06-2021,446.3299865722656,458.5,647200,461.3599853515625,449.5400085449219,448.921875
21-06-2021,442.82000732421875,449.8500061035156,235400,459.3999938964844,455.20001220703125,454.5740966796875
22-06-2021,450.8999938964844,454.3399963378906,216300,460.0199890136719,457.80999755859375,457.1805114746094
23-06-2021,456.2200012207031,458.2200012207031,133600,460.80999755859375,457.82000732421875,457.19049072265625
24-06-2021,457.2200012207031,460.32000732421875,207200,465.0899963378906,461.05999755859375,460.426025390625
25-06-2021,460.489990234375,462.3599853515625,346700,468.95001220703125,467.9599914550781,467.3165283203125
28-06-2021,465.9599914550781,470.239990234375,260900,471.2799987792969,469.6199951171875,468.9742736816406
29-06-2021,466.8699951171875,469.0,194000,473.80999755859375,472.1400146484375,471.4908142089844
30-06-2021,461.3500061035156,473.3599853515625,276600,473.3599853515625,463.5899963378906,462.9525451660156
01-07-2021,462.489990234375,463.6000061035156,194900,471.6099853515625,464.2099914550781,463.5716857910156
02-07-2021,460.1400146484375,465.9800109863281,148200,468.1600036621094,463.8699951171875,463.232177734375
06-07-2021,460.6099853515625,462.6600036621094,288600,473.6400146484375,471.79998779296875,471.1512451171875
07-07-2021,441.0299987792969,471.6400146484375,385900,473.0899963378906,450.0799865722656,449.46112060546875
08-07-2021,446.6000061035156,448.8500061035156,296100,462.3699951171875,459.0199890136719,458.3888244628906
09-07-2021,452.4599914550781,461.9800109863281,247900,465.1499938964844,460.7699890136719,460.13641357421875
12-07-2021,457.4100036621094,460.2200012207031,190000,462.989990234375,461.82000732421875,461.18499755859375
13-07-2021,457.04998779296875,459.45001220703125,110300,462.4800109863281,459.0,458.3688659667969
14-07-2021,453.75,459.30999755859375,141600,462.2200012207031,459.4599914550781,458.8282165527344
15-07-2021,453.6300048828125,458.0,171700,460.6300048828125,454.6700134277344,454.0448303222656
16-07-2021,453.010009765625,455.5400085449219,179300,461.9200134277344,459.0899963378906,458.458740234375
19-07-2021,456.760009765625,457.1499938964844,327200,466.3699951171875,462.67999267578125,462.0437927246094
20-07-2021,459.0799865722656,462.2200012207031,415200,465.5299987792969,460.5,459.8667907714844
21-07-2021,453.9700012207031,467.989990234375,280900,478.760009765625,455.8500061035156,455.22320556640625
22-07-2021,451.80999755859375,453.0799865722656,153800,468.4800109863281,464.4200134277344,463.78143310546875
23-07-2021,464.9700012207031,467.92999267578125,182100,476.30999755859375,475.19000244140625,474.53662109375
26-07-2021,463.30999755859375,471.3699951171875,178800,473.5199890136719,466.95001220703125,466.3079528808594
27-07-2021,461.489990234375,466.5199890136719,190300,468.7200012207031,466.7200012207031,466.0782470703125
28-07-2021,465.07000732421875,466.6300048828125,165100,474.7300109863281,470.94000244140625,470.2924499511719
29-07-2021,465.8399963378906,471.1499938964844,188700,479.3599853515625,475.7799987792969,475.12579345703125
30-07-2021,473.2300109863281,475.25,238700,479.8900146484375,475.1700134277344,474.5166320800781
02-08-2021,475.4700012207031,478.510009765625,230600,488.57000732421875,480.0,479.3399963378906
03-08-2021,471.6199951171875,478.5899963378906,151700,480.1600036621094,479.94000244140625,479.94000244140625
04-08-2021,480.69000244140625,480.69000244140625,184500,493.3999938964844,492.1300048828125,492.1300048828125
05-08-2021,486.1099853515625,494.5199890136719,193200,498.9700012207031,490.7300109863281,490.7300109863281
06-08-2021,481.2799987792969,492.4200134277344,117500,492.4200134277344,485.70001220703125,485.70001220703125
09-08-2021,482.6400146484375,487.04998779296875,117200,490.010009765625,484.6400146484375,484.6400146484375
10-08-2021,465.1099853515625,485.0,165800,485.0400085449219,467.54998779296875,467.54998779296875
11-08-2021,459.5799865722656,471.05999755859375,141400,473.0799865722656,462.5,462.5
12-08-2021,453.3500061035156,460.5400085449219,129900,465.1300048828125,463.30999755859375,463.30999755859375
13-08-2021,461.95001220703125,465.4800109863281,128900,467.29998779296875,463.4200134277344,463.4200134277344
16-08-2021,460.5799865722656,464.8299865722656,113200,470.92999267578125,470.04998779296875,470.04998779296875
17-08-2021,465.010009765625,468.5299987792969,105900,476.989990234375,474.5299987792969,474.5299987792969
18-08-2021,461.5199890136719,475.2699890136719,133200,475.3999938964844,461.8399963378906,461.8399963378906
19-08-2021,459.29998779296875,459.9700012207031,128900,475.3699951171875,472.2699890136719,472.2699890136719
20-08-2021,469.260009765625,473.20001220703125,114800,481.0199890136719,475.5,475.5
23-08-2021,475.7200012207031,478.2799987792969,90600,486.0400085449219,476.7799987792969,476.7799987792969
24-08-2021,473.2200012207031,477.7099914550781,103100,481.3399963378906,480.75,480.75
25-08-2021,466.5,480.0400085449219,155700,482.2799987792969,472.3299865722656,472.3299865722656
26-08-2021,469.92999267578125,470.2300109863281,116200,479.4700012207031,476.5299987792969,476.5299987792969
27-08-2021,476.7699890136719,477.989990234375,233300,487.7900085449219,484.7699890136719,484.7699890136719
30-08-2021,476.1400146484375,485.7099914550781,165800,487.0799865722656,477.5199890136719,477.5199890136719
31-08-2021,474.95001220703125,478.4200134277344,219300,482.92999267578125,475.9200134277344,475.9200134277344
01-09-2021,471.2699890136719,474.739990234375,155300,481.57000732421875,479.5400085449219,479.5400085449219
02-09-2021,474.6499938964844,482.82000732421875,108600,482.82000732421875,479.4700012207031,479.4700012207031
03-09-2021,474.6199951171875,479.0299987792969,134300,485.42999267578125,475.2200012207031,475.2200012207031
07-09-2021,449.5199890136719,473.3999938964844,474200,473.3999938964844,451.29998779296875,451.29998779296875
08-09-2021,444.0,450.0799865722656,248900,456.1300048828125,451.8500061035156,451.8500061035156
09-09-2021,442.82000732421875,450.5,169100,454.44000244140625,443.6300048828125,443.6300048828125
10-09-2021,435.6499938964844,441.3900146484375,169000,443.95001220703125,438.489990234375,438.489990234375
13-09-2021,429.1499938964844,440.25,172300,446.55999755859375,432.0799865722656,432.0799865722656
14-09-2021,420.7900085449219,435.3599853515625,275400,438.04998779296875,426.239990234375,426.239990234375
15-09-2021,421.44000244140625,425.55999755859375,203100,435.0199890136719,425.7900085449219,425.7900085449219
16-09-2021,422.9200134277344,424.95001220703125,132600,429.3900146484375,427.6199951171875,427.6199951171875
17-09-2021,423.2099914550781,427.239990234375,316300,429.8900146484375,426.0,426.0
20-09-2021,421.0299987792969,425.5,198200,430.20001220703125,425.4800109863281,425.4800109863281
21-09-2021,421.6700134277344,429.1700134277344,180200,430.1300048828125,421.80999755859375,421.80999755859375
22-09-2021,420.010009765625,423.1300048828125,213300,426.25,425.6499938964844,425.6499938964844
23-09-2021,422.05999755859375,425.0,217000,427.3599853515625,425.1000061035156,425.1000061035156
24-09-2021,417.70001220703125,424.1700134277344,289100,424.3999938964844,424.0,424.0
27-09-2021,415.4100036621094,419.2099914550781,320100,424.8900146484375,417.2200012207031,417.2200012207031
28-09-2021,408.79998779296875,414.04998779296875,345400,419.1000061035156,418.8599853515625,418.8599853515625
29-09-2021,419.489990234375,419.489990234375,232300,427.30999755859375,423.6600036621094,423.6600036621094
30-09-2021,418.4100036621094,425.8699951171875,297600,429.239990234375,420.69000244140625,420.69000244140625
01-10-2021,408.010009765625,421.3299865722656,213700,421.6199951171875,417.82000732421875,417.82000732421875
04-10-2021,409.29998779296875,417.0,244400,420.9100036621094,417.82000732421875,417.82000732421875
05-10-2021,419.0799865722656,419.760009765625,327800,434.1400146484375,431.5299987792969,431.5299987792969
06-10-2021,403.70001220703125,415.5,553600,418.3299865722656,412.42999267578125,412.42999267578125
07-10-2021,414.67999267578125,414.67999267578125,232300,425.55999755859375,419.8399963378906,419.8399963378906
08-10-2021,410.1400146484375,418.19000244140625,113400,418.6000061035156,410.1499938964844,410.1499938964844
11-10-2021,402.70001220703125,408.739990234375,119200,415.739990234375,402.9599914550781,402.9599914550781
12-10-2021,397.510009765625,403.82000732421875,208300,407.0400085449219,397.79998779296875,397.79998779296875
13-10-2021,396.1700134277344,398.0299987792969,304600,403.8500061035156,400.0799865722656,400.0799865722656
14-10-2021,398.69000244140625,399.3399963378906,224400,404.4200134277344,403.1700134277344,403.1700134277344
15-10-2021,404.510009765625,405.9200134277344,155800,410.7200012207031,405.7699890136719,405.7699890136719
18-10-2021,400.7699890136719,402.17999267578125,202600,405.989990234375,405.0,405.0
19-10-2021,405.4599914550781,407.8900146484375,279100,411.19000244140625,411.19000244140625,411.19000244140625
20-10-2021,399.7099914550781,421.3299865722656,272500,424.0400085449219,405.69000244140625,405.69000244140625
21-10-2021,403.07000732421875,403.32000732421875,353900,417.6400146484375,410.7300109863281,410.7300109863281
22-10-2021,408.5400085449219,409.7099914550781,156900,416.67999267578125,415.42999267578125,415.42999267578125
25-10-2021,406.8800048828125,417.4800109863281,109300,417.4800109863281,407.25,407.25
26-10-2021,404.0799865722656,410.20001220703125,155600,412.0,404.5400085449219,404.5400085449219
27-10-2021,398.9599914550781,403.3599853515625,270800,406.55999755859375,403.4700012207031,403.4700012207031
28-10-2021,401.3599853515625,404.3599853515625,129900,410.9200134277344,405.05999755859375,405.05999755859375
29-10-2021,403.7099914550781,406.7099914550781,259400,409.2900085449219,408.6700134277344,408.6700134277344
01-11-2021,404.3500061035156,408.7900085449219,161600,410.70001220703125,408.6099853515625,408.6099853515625
02-11-2021,405.010009765625,409.010009765625,159100,412.2200012207031,407.1099853515625,407.1099853515625
03-11-2021,401.80999755859375,409.42999267578125,197200,409.42999267578125,404.5400085449219,404.5400085449219
04-11-2021,387.05999755859375,407.0,407700,408.07000732421875,388.5299987792969,388.5299987792969
05-11-2021,385.0400085449219,391.6300048828125,291900,391.8800048828125,388.30999755859375,388.30999755859375
08-11-2021,384.55999755859375,390.95001220703125,203200,391.70001220703125,390.05999755859375,390.05999755859375
09-11-2021,385.6000061035156,389.4700012207031,210000,393.6400146484375,387.19000244140625,387.19000244140625
10-11-2021,382.8800048828125,387.19000244140625,168400,392.2200012207031,388.739990234375,388.739990234375
11-11-2021,381.6099853515625,387.94000244140625,161100,387.94000244140625,382.7200012207031,382.7200012207031
12-11-2021,383.6700134277344,383.6700134277344,231400,393.1300048828125,388.82000732421875,388.82000732421875
15-11-2021,386.9700012207031,389.260009765625,216700,391.9800109863281,389.2699890136719,389.2699890136719
16-11-2021,388.3800048828125,392.4100036621094,281600,393.67999267578125,392.5799865722656,392.5799865722656
17-11-2021,382.3599853515625,393.3800048828125,221200,393.3800048828125,382.8299865722656,382.8299865722656
18-11-2021,365.0,382.2099914550781,374200,382.5299987792969,366.8299865722656,366.8299865722656
19-11-2021,359.5799865722656,367.42999267578125,277200,368.55999755859375,359.7900085449219,359.7900085449219
22-11-2021,355.010009765625,359.17999267578125,298000,368.9200134277344,367.25,367.25
23-11-2021,357.2799987792969,367.42999267578125,206600,367.42999267578125,362.75,362.75
24-11-2021,359.20001220703125,362.7099914550781,170500,365.3299865722656,361.4200134277344,361.4200134277344
26-11-2021,358.6300048828125,359.2099914550781,203800,365.2300109863281,360.5199890136719,360.5199890136719
29-11-2021,352.6199951171875,361.8299865722656,230900,363.1700134277344,352.9599914550781,352.9599914550781
30-11-2021,341.5,350.95001220703125,718300,358.7900085449219,352.69000244140625,352.69000244140625
01-12-2021,343.6400146484375,355.05999755859375,261400,357.05999755859375,343.7300109863281,343.7300109863281
02-12-2021,345.2900085449219,345.2900085449219,351400,353.54998779296875,351.07000732421875,351.07000732421875
03-12-2021,346.010009765625,349.32000732421875,331700,353.3900146484375,349.0799865722656,349.0799865722656
06-12-2021,343.739990234375,348.8599853515625,347200,364.7900085449219,362.0,362.0
07-12-2021,364.2799987792969,364.2799987792969,429300,384.8299865722656,380.67999267578125,380.67999267578125
08-12-2021,375.67999267578125,381.19000244140625,365100,387.2200012207031,384.8699951171875,384.8699951171875
09-12-2021,378.0199890136719,384.7200012207031,218000,387.92999267578125,379.7799987792969,379.7799987792969
10-12-2021,377.7699890136719,381.54998779296875,244800,387.1400146484375,385.8399963378906,385.8399963378906
13-12-2021,384.5199890136719,385.6000061035156,445600,403.989990234375,401.8699951171875,401.8699951171875
14-12-2021,390.7699890136719,401.44000244140625,285200,402.5,395.4200134277344,395.4200134277344
15-12-2021,395.489990234375,399.57000732421875,384800,415.3399963378906,414.2099914550781,414.2099914550781
16-12-2021,402.54998779296875,414.57000732421875,409200,422.6000061035156,408.3800048828125,408.3800048828125
17-12-2021,403.0799865722656,407.5,651000,418.989990234375,410.4200134277344,410.4200134277344
20-12-2021,399.55999755859375,404.7900085449219,191700,410.17999267578125,403.4599914550781,403.4599914550781
21-12-2021,405.3800048828125,408.9800109863281,210100,413.75,411.55999755859375,411.55999755859375
22-12-2021,403.989990234375,412.0400085449219,154100,412.0400085449219,409.0199890136719,409.0199890136719
23-12-2021,409.6300048828125,412.1700134277344,163900,420.19000244140625,410.6700134277344,410.6700134277344
27-12-2021,407.9100036621094,411.2900085449219,139200,416.80999755859375,413.6099853515625,413.6099853515625
28-12-2021,413.4599914550781,415.25,95200,419.3299865722656,414.17999267578125,414.17999267578125
29-12-2021,409.1099853515625,414.9100036621094,107000,417.0799865722656,411.3399963378906,411.3399963378906
30-12-2021,411.8500061035156,412.7099914550781,76900,415.57000732421875,412.6600036621094,412.6600036621094
31-12-2021,409.6600036621094,412.510009765625,100900,414.9800109863281,411.2699890136719,411.2699890136719
03-01-2022,395.1400146484375,411.0899963378906,178600,412.7900085449219,396.8299865722656,396.8299865722656
04-01-2022,385.20001220703125,396.0299987792969,292700,400.3399963378906,394.3699951171875,394.3699951171875
05-01-2022,378.6499938964844,391.8800048828125,204500,395.6700134277344,379.0299987792969,379.0299987792969
06-01-2022,367.6499938964844,373.0799865722656,231400,377.0,373.3500061035156,373.3500061035156
07-01-2022,371.57000732421875,372.2099914550781,199500,380.04998779296875,378.739990234375,378.739990234375
10-01-2022,368.2099914550781,375.8900146484375,214100,381.0899963378906,380.80999755859375,380.80999755859375
11-01-2022,373.0,380.6600036621094,180700,383.9700012207031,380.5400085449219,380.5400085449219
12-01-2022,368.3500061035156,378.6600036621094,233700,379.9700012207031,371.3699951171875,371.3699951171875
13-01-2022,362.8900146484375,370.8299865722656,174800,375.3599853515625,363.9200134277344,363.9200134277344
14-01-2022,357.80999755859375,360.25,287000,372.1000061035156,371.5400085449219,371.5400085449219
18-01-2022,359.2900085449219,366.2799987792969,252700,367.32000732421875,364.9100036621094,364.9100036621094
19-01-2022,360.5,360.5,287300,373.7200012207031,373.4200134277344,373.4200134277344
20-01-2022,368.489990234375,377.5,267700,378.6300048828125,369.2900085449219,369.2900085449219
21-01-2022,362.3599853515625,370.25,292600,372.510009765625,364.5799865722656,364.5799865722656
24-01-2022,352.55999755859375,360.1400146484375,335400,366.4800109863281,365.2200012207031,365.2200012207031
25-01-2022,346.9599914550781,360.6400146484375,380700,360.6400146484375,352.010009765625,352.010009765625
26-01-2022,330.54998779296875,372.989990234375,634800,372.989990234375,332.6499938964844,332.6499938964844
27-01-2022,323.75,329.6499938964844,465700,338.5400085449219,330.1199951171875,330.1199951171875
28-01-2022,321.1700134277344,331.42999267578125,398700,336.3999938964844,335.30999755859375,335.30999755859375
31-01-2022,336.1000061035156,337.6000061035156,362000,344.7300109863281,344.4800109863281,344.4800109863281
01-02-2022,340.5199890136719,344.6300048828125,264300,353.239990234375,350.7200012207031,350.7200012207031
02-02-2022,342.6499938964844,379.44000244140625,320500,379.44000244140625,344.260009765625,344.260009765625
03-02-2022,336.0400085449219,341.04998779296875,240900,352.30999755859375,349.9200134277344,349.9200134277344
04-02-2022,346.4100036621094,346.9100036621094,447300,372.3699951171875,366.7099914550781,366.7099914550781
07-02-2022,366.8900146484375,366.8900146484375,311800,378.5799865722656,370.3500061035156,370.3500061035156
08-02-2022,355.44000244140625,365.1700134277344,351700,368.8800048828125,368.0899963378906,368.0899963378906
09-02-2022,365.3399963378906,371.6199951171875,320700,375.9599914550781,370.9800109863281,370.9800109863281
10-02-2022,364.0899963378906,364.79998779296875,259400,372.8999938964844,369.8299865722656,369.8299865722656
11-02-2022,366.739990234375,371.2200012207031,370300,378.9700012207031,378.0,378.0
14-02-2022,368.1499938964844,377.8399963378906,314900,381.3399963378906,370.3299865722656,370.3299865722656
15-02-2022,371.79998779296875,371.79998779296875,237900,382.1300048828125,381.8399963378906,381.8399963378906
16-02-2022,370.82000732421875,381.20001220703125,207500,382.5,374.7799987792969,374.7799987792969
17-02-2022,368.7699890136719,371.7900085449219,146600,378.9100036621094,374.8800048828125,374.8800048828125
18-02-2022,366.75,375.2300109863281,225400,381.1099853515625,372.010009765625,372.010009765625
22-02-2022,366.4800109863281,370.19000244140625,225300,378.44000244140625,373.1499938964844,373.1499938964844
23-02-2022,367.92999267578125,374.6700134277344,182200,377.5899963378906,368.4200134277344,368.4200134277344
24-02-2022,355.5400085449219,358.70001220703125,248500,378.05999755859375,377.0,377.0
25-02-2022,371.489990234375,377.3299865722656,182200,380.7300109863281,379.32000732421875,379.32000732421875
28-02-2022,376.2200012207031,376.2200012207031,281700,385.7900085449219,381.42999267578125,381.42999267578125
01-03-2022,376.67999267578125,380.0,285300,390.1300048828125,379.8900146484375,379.8900146484375
02-03-2022,370.7900085449219,380.0799865722656,193000,380.1000061035156,378.55999755859375,378.55999755859375
03-03-2022,356.5,378.9700012207031,377100,379.010009765625,360.67999267578125,360.67999267578125
04-03-2022,355.6300048828125,361.1600036621094,285100,369.6600036621094,368.3299865722656,368.3299865722656
07-03-2022,353.70001220703125,369.55999755859375,356200,371.6099853515625,353.989990234375,353.989990234375
08-03-2022,340.1600036621094,351.75,293800,352.54998779296875,340.9599914550781,340.9599914550781
09-03-2022,339.92999267578125,345.80999755859375,298800,350.2099914550781,348.44000244140625,348.44000244140625
10-03-2022,333.1099853515625,350.42999267578125,318600,382.6700134277344,342.79998779296875,342.79998779296875
11-03-2022,340.739990234375,345.7200012207031,235400,346.0400085449219,342.5899963378906,342.5899963378906
14-03-2022,341.010009765625,346.2699890136719,203300,350.6400146484375,343.8399963378906,343.8399963378906
15-03-2022,343.0,346.29998779296875,185400,350.9100036621094,347.510009765625,347.510009765625
16-03-2022,345.45001220703125,352.2099914550781,293300,360.1000061035156,354.4100036621094,354.4100036621094
17-03-2022,350.69000244140625,352.69000244140625,273000,357.510009765625,354.3399963378906,354.3399963378906
18-03-2022,350.739990234375,354.760009765625,519100,357.1300048828125,353.8399963378906,353.8399963378906
21-03-2022,345.32000732421875,353.29998779296875,294700,355.8500061035156,348.67999267578125,348.67999267578125
22-03-2022,342.7200012207031,348.7300109863281,369800,355.25,352.45001220703125,352.45001220703125
23-03-2022,341.75,350.44000244140625,303400,356.8800048828125,346.6099853515625,346.6099853515625
24-03-2022,344.5400085449219,346.79998779296875,219300,355.9700012207031,353.6000061035156,353.6000061035156
25-03-2022,351.6499938964844,358.70001220703125,267400,358.70001220703125,351.8900146484375,351.8900146484375
28-03-2022,351.30999755859375,353.4700012207031,254300,359.760009765625,359.739990234375,359.739990234375
29-03-2022,353.760009765625,362.8999938964844,311000,368.0799865722656,357.30999755859375,357.30999755859375
30-03-2022,345.45001220703125,356.010009765625,343200,356.5,346.9100036621094,346.9100036621094
31-03-2022,339.1199951171875,346.6300048828125,431500,352.510009765625,340.20001220703125,340.20001220703125
01-04-2022,332.6700134277344,341.2099914550781,338800,345.67999267578125,339.44000244140625,339.44000244140625
04-04-2022,341.0400085449219,341.45001220703125,406700,350.42999267578125,345.510009765625,345.510009765625
05-04-2022,305.92999267578125,330.42999267578125,929800,332.3299865722656,307.6000061035156,307.6000061035156
06-04-2022,283.7799987792969,301.4599914550781,1001800,307.0899963378906,287.8299865722656,287.8299865722656
07-04-2022,279.42999267578125,286.5,602300,294.69000244140625,287.239990234375,287.239990234375
08-04-2022,280.70001220703125,285.19000244140625,337600,290.8399963378906,281.05999755859375,281.05999755859375
11-04-2022,277.92999267578125,278.1000061035156,516000,285.6199951171875,280.8399963378906,280.8399963378906
12-04-2022,273.5199890136719,281.6700134277344,418700,285.67999267578125,273.95001220703125,273.95001220703125
13-04-2022,269.6700134277344,273.0199890136719,688400,276.0899963378906,271.5799865722656,271.5799865722656
14-04-2022,265.29998779296875,274.510009765625,330900,276.9200134277344,265.45001220703125,265.45001220703125
18-04-2022,256.260009765625,264.2099914550781,438100,265.42999267578125,257.1199951171875,257.1199951171875
19-04-2022,256.7799987792969,258.07000732421875,1289900,263.8399963378906,263.7099914550781,263.7099914550781
20-04-2022,261.04998779296875,261.04998779296875,908900,279.1199951171875,273.92999267578125,273.92999267578125
21-04-2022,271.29998779296875,278.7200012207031,559100,280.0799865722656,272.8800048828125,272.8800048828125
22-04-2022,265.3999938964844,272.95001220703125,492000,276.79998779296875,265.92999267578125,265.92999267578125
25-04-2022,261.05999755859375,263.8599853515625,448300,270.3299865722656,267.95001220703125,267.95001220703125
26-04-2022,260.3299865722656,269.67999267578125,413200,270.0,260.80999755859375,260.80999755859375
27-04-2022,260.7300109863281,260.7300109863281,363000,264.9200134277344,261.2699890136719,261.2699890136719
28-04-2022,259.1000061035156,262.4800109863281,423800,273.32000732421875,271.5299987792969,271.5299987792969
29-04-2022,263.3599853515625,269.20001220703125,431300,273.7099914550781,263.6099853515625,263.6099853515625
02-05-2022,257.70001220703125,265.1300048828125,421500,269.4599914550781,261.45001220703125,261.45001220703125
03-05-2022,258.010009765625,260.8500061035156,373400,267.94000244140625,265.0799865722656,265.0799865722656
04-05-2022,264.8900146484375,266.3800048828125,711900,283.4599914550781,280.739990234375,280.739990234375
05-05-2022,270.9700012207031,276.8399963378906,498200,282.1600036621094,275.9700012207031,275.9700012207031
06-05-2022,262.5,274.0,354100,274.0,265.0400085449219,265.0400085449219
09-05-2022,255.8699951171875,260.7300109863281,599900,264.3800048828125,257.010009765625,257.010009765625
10-05-2022,249.88999938964844,260.0,315800,260.9100036621094,255.52000427246094,255.52000427246094
11-05-2022,250.41000366210938,254.10000610351562,231900,258.8699951171875,252.97000122070312,252.97000122070312
12-05-2022,250.10000610351562,251.47000122070312,238600,259.79998779296875,257.260009765625,257.260009765625
13-05-2022,259.1300048828125,260.2099914550781,290000,265.75,263.3800048828125,263.3800048828125
16-05-2022,256.7099914550781,261.4599914550781,328700,264.3900146484375,257.8999938964844,257.8999938964844
17-05-2022,256.1000061035156,259.8800048828125,199800,262.04998779296875,260.30999755859375,260.30999755859375
18-05-2022,249.00999450683594,257.0799865722656,297800,258.989990234375,250.17999267578125,250.17999267578125
19-05-2022,249.97000122070312,250.17999267578125,425800,270.8900146484375,267.94000244140625,267.94000244140625
20-05-2022,268.79998779296875,269.0400085449219,396100,279.67999267578125,279.30999755859375,279.30999755859375
23-05-2022,273.54998779296875,280.25,503000,286.45001220703125,282.8500061035156,282.8500061035156
24-05-2022,272.5899963378906,280.2799987792969,340400,281.1499938964844,279.0199890136719,279.0199890136719
25-05-2022,273.3800048828125,276.2799987792969,312600,279.80999755859375,276.5400085449219,276.5400085449219
26-05-2022,276.70001220703125,278.75,216000,283.04998779296875,282.1199951171875,282.1199951171875
27-05-2022,284.5400085449219,284.54998779296875,203500,290.5899963378906,287.8900146484375,287.8900146484375
31-05-2022,275.29998779296875,284.3399963378906,607200,286.17999267578125,281.67999267578125,281.67999267578125
01-06-2022,275.29998779296875,279.67999267578125,317900,285.7699890136719,276.9100036621094,276.9100036621094
02-06-2022,275.0400085449219,278.2900085449219,227400,287.6400146484375,287.3900146484375,287.3900146484375
03-06-2022,277.3599853515625,285.4800109863281,253500,285.4800109863281,278.4800109863281,278.4800109863281
06-06-2022,280.8599853515625,283.8999938964844,164500,288.7900085449219,281.42999267578125,281.42999267578125
07-06-2022,277.6600036621094,278.94000244140625,140800,285.2300109863281,284.489990234375,284.489990234375
08-06-2022,278.510009765625,282.7200012207031,251200,283.6300048828125,281.010009765625,281.010009765625
09-06-2022,273.92999267578125,281.6499938964844,183100,281.6499938964844,274.010009765625,274.010009765625
10-06-2022,265.8900146484375,269.6499938964844,219600,274.82000732421875,273.8900146484375,273.8900146484375
13-06-2022,265.0299987792969,266.1000061035156,236500,270.9700012207031,267.7799987792969,267.7799987792969
14-06-2022,267.20001220703125,268.1600036621094,169200,271.3999938964844,268.4800109863281,268.4800109863281
15-06-2022,266.3800048828125,270.2200012207031,181100,273.9100036621094,270.0400085449219,270.0400085449219
16-06-2022,259.9599914550781,264.1499938964844,219100,270.2099914550781,269.1199951171875,269.1199951171875
17-06-2022,263.3399963378906,269.0,510900,273.260009765625,264.2099914550781,264.2099914550781
21-06-2022,263.07000732421875,267.19000244140625,205600,269.239990234375,265.739990234375,265.739990234375
22-06-2022,262.0400085449219,265.1600036621094,195700,271.80999755859375,269.0400085449219,269.0400085449219
23-06-2022,269.25,270.6099853515625,224200,274.6000061035156,272.7300109863281,272.7300109863281
24-06-2022,272.3699951171875,275.44000244140625,999500,280.2699890136719,277.6400146484375,277.6400146484375
27-06-2022,270.1499938964844,278.07000732421875,271300,278.07000732421875,272.0,272.0
28-06-2022,260.6000061035156,272.5299987792969,403400,273.92999267578125,265.6300048828125,265.6300048828125
29-06-2022,259.5,266.8699951171875,312200,268.3299865722656,260.489990234375,260.489990234375
30-06-2022,254.77000427246094,259.8800048828125,385100,263.1400146484375,256.010009765625,256.010009765625
01-07-2022,249.6999969482422,257.5,383800,258.7900085449219,257.7699890136719,257.7699890136719
05-07-2022,254.27000427246094,257.95001220703125,384400,264.7900085449219,264.7699890136719,264.7699890136719
06-07-2022,258.3599853515625,266.42999267578125,386200,267.1199951171875,259.6300048828125,259.6300048828125
07-07-2022,258.2799987792969,258.2799987792969,296500,268.0400085449219,267.5799865722656,267.5799865722656
08-07-2022,263.7200012207031,266.5199890136719,203600,271.5400085449219,266.1099853515625,266.1099853515625
11-07-2022,260.6499938964844,263.510009765625,175000,265.510009765625,261.8599853515625,261.8599853515625
12-07-2022,256.07000732421875,263.6199951171875,238300,267.3699951171875,256.6700134277344,256.6700134277344
13-07-2022,252.1999969482422,253.47000122070312,239500,262.69000244140625,259.4599914550781,259.4599914550781
14-07-2022,254.72000122070312,257.7900085449219,311800,261.04998779296875,260.29998779296875,260.29998779296875
15-07-2022,260.2200012207031,261.9100036621094,256500,267.3900146484375,266.57000732421875,266.57000732421875
18-07-2022,265.30999755859375,267.5899963378906,271300,273.0899963378906,266.9200134277344,266.9200134277344
19-07-2022,264.2799987792969,268.4700012207031,509800,275.1400146484375,274.739990234375,274.739990234375
20-07-2022,261.3999938964844,266.510009765625,532600,273.92999267578125,267.4100036621094,267.4100036621094
21-07-2022,262.3500061035156,268.94000244140625,560000,272.45001220703125,270.6700134277344,270.6700134277344
22-07-2022,268.94000244140625,272.80999755859375,394700,277.8299865722656,270.8399963378906,270.8399963378906
25-07-2022,261.95001220703125,270.7799987792969,465400,271.17999267578125,264.7099914550781,264.7099914550781
26-07-2022,256.0799865722656,262.20001220703125,277100,263.6199951171875,256.3699951171875,256.3699951171875
27-07-2022,255.6199951171875,258.1000061035156,306000,260.5899963378906,258.2300109863281,258.2300109863281
28-07-2022,256.7300109863281,259.3299865722656,405000,268.7799987792969,267.3900146484375,267.3900146484375
29-07-2022,264.94000244140625,266.7300109863281,308100,271.0400085449219,270.7799987792969,270.7799987792969
01-08-2022,266.67999267578125,269.8800048828125,302100,274.1499938964844,269.3999938964844,269.3999938964844
02-08-2022,267.3900146484375,268.989990234375,224100,277.489990234375,271.7900085449219,271.7900085449219
03-08-2022,259.010009765625,270.04998779296875,387300,270.1499938964844,266.3900146484375,266.3900146484375
04-08-2022,264.3999938964844,266.4100036621094,349700,273.2699890136719,269.42999267578125,269.42999267578125
05-08-2022,262.8399963378906,268.3699951171875,198900,269.760009765625,264.2300109863281,264.2300109863281
08-08-2022,264.8399963378906,266.0,351700,270.2200012207031,268.9100036621094,268.9100036621094
09-08-2022,261.489990234375,268.9100036621094,401300,270.6300048828125,265.2300109863281,265.2300109863281
10-08-2022,267.30999755859375,269.95001220703125,308700,272.8500061035156,269.7300109863281,269.7300109863281
11-08-2022,265.739990234375,271.7900085449219,165300,273.0,265.989990234375,265.989990234375
12-08-2022,266.4599914550781,268.1300048828125,162000,271.1700134277344,270.8599853515625,270.8599853515625
15-08-2022,271.1300048828125,272.19000244140625,247800,279.75,276.5799865722656,276.5799865722656
16-08-2022,271.6600036621094,274.2900085449219,132800,278.8699951171875,277.5199890136719,277.5199890136719
17-08-2022,266.54998779296875,273.7900085449219,209100,274.7300109863281,274.25,274.25
18-08-2022,270.7799987792969,274.57000732421875,131600,275.3299865722656,272.5299987792969,272.5299987792969
19-08-2022,261.239990234375,269.82000732421875,169400,269.82000732421875,262.30999755859375,262.30999755859375
22-08-2022,256.4599914550781,260.0,251500,260.32000732421875,258.07000732421875,258.07000732421875
23-08-2022,251.33999633789062,257.2900085449219,270500,257.2900085449219,251.75,251.75
24-08-2022,250.0,251.91000366210938,410300,255.69000244140625,254.02999877929688,254.02999877929688
25-08-2022,252.64999389648438,255.1300048828125,316700,256.3399963378906,255.99000549316406,255.99000549316406
26-08-2022,244.88999938964844,256.7900085449219,273800,257.260009765625,244.9499969482422,244.9499969482422
29-08-2022,241.7100067138672,244.2100067138672,513000,246.27000427246094,242.47999572753906,242.47999572753906
30-08-2022,239.50999450683594,244.97999572753906,857600,246.3800048828125,244.0,244.0
31-08-2022,244.05999755859375,246.64999389648438,416400,249.8699951171875,248.58999633789062,248.58999633789062
01-09-2022,240.32000732421875,247.22000122070312,355200,251.5399932861328,251.32000732421875,251.32000732421875
02-09-2022,249.24000549316406,253.83999633789062,346300,257.0799865722656,249.91000366210938,249.91000366210938
06-09-2022,241.85000610351562,250.8300018310547,453300,252.27000427246094,242.5800018310547,242.5800018310547
07-09-2022,235.4199981689453,241.41000366210938,449100,248.39999389648438,247.72000122070312,247.72000122070312
08-09-2022,243.41000366210938,246.00999450683594,328000,257.1000061035156,256.94000244140625,256.94000244140625
09-09-2022,256.260009765625,257.8999938964844,363400,266.1300048828125,265.92999267578125,265.92999267578125
12-09-2022,263.5,267.5400085449219,405400,273.1600036621094,264.0299987792969,264.0299987792969
13-09-2022,255.08999633789062,258.44000244140625,382900,265.739990234375,261.5400085449219,261.5400085449219
14-09-2022,258.44000244140625,261.5,391900,265.5899963378906,262.92999267578125,262.92999267578125
15-09-2022,254.13999938964844,262.1600036621094,352500,265.95001220703125,256.80999755859375,256.80999755859375
16-09-2022,251.4199981689453,256.0,1155700,260.8900146484375,252.10000610351562,252.10000610351562
19-09-2022,236.33999633789062,248.24000549316406,536900,248.97999572753906,238.52999877929688,238.52999877929688
20-09-2022,231.25999450683594,236.57000732421875,430300,238.25,235.8000030517578,235.8000030517578
21-09-2022,233.25999450683594,238.60000610351562,338800,242.89999389648438,234.38999938964844,234.38999938964844
22-09-2022,227.6300048828125,233.3699951171875,343500,233.3699951171875,227.89999389648438,227.89999389648438
23-09-2022,225.02000427246094,227.33999633789062,312700,229.4499969482422,227.47999572753906,227.47999572753906
26-09-2022,223.7899932861328,226.74000549316406,236600,229.3699951171875,225.38999938964844,225.38999938964844
27-09-2022,218.36000061035156,227.02000427246094,211900,228.19000244140625,219.05999755859375,219.05999755859375
28-09-2022,217.44000244140625,221.1300048828125,277900,225.2899932861328,223.16000366210938,223.16000366210938
29-09-2022,219.41000366210938,221.94000244140625,367600,226.9199981689453,224.60000610351562,224.60000610351562
30-09-2022,221.27999877929688,223.66000366210938,414100,229.0800018310547,222.49000549316406,222.49000549316406
03-10-2022,220.5,223.27000427246094,411300,231.72999572753906,231.58999633789062,231.58999633789062
04-10-2022,233.85000610351562,234.3699951171875,287300,236.47999572753906,236.13999938964844,236.13999938964844
05-10-2022,233.36000061035156,234.24000549316406,337800,241.00999450683594,239.5399932861328,239.5399932861328
06-10-2022,236.97000122070312,239.69000244140625,230100,241.4199981689453,238.25,238.25
07-10-2022,233.35000610351562,235.3000030517578,278300,236.14999389648438,235.6199951171875,235.6199951171875
10-10-2022,231.17999267578125,236.8000030517578,260300,236.8000030517578,232.80999755859375,232.80999755859375
11-10-2022,228.64999389648438,231.94000244140625,333300,234.97000122070312,231.60000610351562,231.60000610351562
12-10-2022,230.60000610351562,233.16000366210938,273800,239.80999755859375,237.14999389648438,237.14999389648438
13-10-2022,228.72999572753906,230.77999877929688,273300,239.9199981689453,238.89999389648438,238.89999389648438
14-10-2022,229.32000732421875,242.11000061035156,276900,243.72999572753906,229.77000427246094,229.77000427246094
17-10-2022,233.47000122070312,233.47000122070312,270000,237.9600067138672,235.86000061035156,235.86000061035156
18-10-2022,238.5,241.97000122070312,387000,243.5800018310547,241.16000366210938,241.16000366210938
19-10-2022,231.0399932861328,239.0,442200,244.9199981689453,233.47000122070312,233.47000122070312
20-10-2022,230.47999572753906,234.69000244140625,336300,238.97999572753906,231.47999572753906,231.47999572753906
21-10-2022,230.69000244140625,231.39999389648438,374000,243.5,243.02000427246094,243.02000427246094
24-10-2022,238.83999633789062,242.75,288400,244.69000244140625,241.8699951171875,241.8699951171875
25-10-2022,242.4199981689453,242.6199951171875,767300,247.97999572753906,246.77000427246094,246.77000427246094
26-10-2022,238.0399932861328,247.58999633789062,488100,247.61000061035156,238.3000030517578,238.3000030517578
27-10-2022,234.7899932861328,238.86000061035156,368500,242.67999267578125,237.8000030517578,237.8000030517578
28-10-2022,233.52000427246094,236.5,474400,245.94000244140625,244.57000732421875,244.57000732421875
31-10-2022,241.72000122070312,244.13999938964844,276400,246.6300048828125,244.0399932861328,244.0399932861328
01-11-2022,238.5399932861328,244.88999938964844,310800,246.16000366210938,238.57000732421875,238.57000732421875
02-11-2022,228.38999938964844,238.57000732421875,441500,238.9199981689453,232.08999633789062,232.08999633789062
03-11-2022,227.99000549316406,230.1699981689453,269100,232.50999450683594,228.8699951171875,228.8699951171875
04-11-2022,227.3800048828125,230.47000122070312,616000,235.50999450683594,233.99000549316406,233.99000549316406
07-11-2022,233.52999877929688,235.33999633789062,220600,238.44000244140625,238.19000244140625,238.19000244140625
08-11-2022,238.0399932861328,238.8300018310547,515900,250.35000610351562,246.88999938964844,246.88999938964844
09-11-2022,244.6199951171875,245.9600067138672,592000,254.17999267578125,251.9199981689453,251.9199981689453
10-11-2022,261.54998779296875,261.54998779296875,678800,277.55999755859375,277.4700012207031,277.4700012207031
11-11-2022,270.6099853515625,276.989990234375,508200,284.489990234375,283.29998779296875,283.29998779296875
14-11-2022,266.45001220703125,283.1499938964844,552700,283.3599853515625,266.5899963378906,266.5899963378906
15-11-2022,260.3999938964844,270.75,262000,270.75,264.70001220703125,264.70001220703125
16-11-2022,261.5899963378906,265.1000061035156,256900,265.1000061035156,262.239990234375,262.239990234375
17-11-2022,253.14999389648438,258.3500061035156,221200,259.2900085449219,256.510009765625,256.510009765625
18-11-2022,257.0799865722656,259.8900146484375,284300,263.05999755859375,259.7900085449219,259.7900085449219
21-11-2022,254.50999450683594,259.7699890136719,213300,262.70001220703125,255.8800048828125,255.8800048828125
22-11-2022,254.36000061035156,256.8999938964844,184100,257.8800048828125,256.2799987792969,256.2799987792969
23-11-2022,252.0500030517578,257.1499938964844,175800,259.1199951171875,256.80999755859375,256.80999755859375
25-11-2022,255.2899932861328,256.80999755859375,62900,257.6600036621094,256.8399963378906,256.8399963378906
28-11-2022,254.07000732421875,255.92999267578125,167100,256.7200012207031,254.6199951171875,254.6199951171875
29-11-2022,252.77999877929688,254.55999755859375,195500,260.19000244140625,256.0799865722656,256.0799865722656
30-11-2022,253.9600067138672,257.3399963378906,590500,269.07000732421875,267.9200134277344,267.9200134277344
01-12-2022,268.5799865722656,269.3699951171875,429800,277.29998779296875,273.2699890136719,273.2699890136719
02-12-2022,268.1099853515625,268.9800109863281,456500,281.6300048828125,281.1600036621094,281.1600036621094
05-12-2022,278.6199951171875,279.8900146484375,567600,286.8900146484375,284.7799987792969,284.7799987792969
06-12-2022,281.5899963378906,283.9100036621094,464300,288.3699951171875,285.04998779296875,285.04998779296875
07-12-2022,271.7699890136719,284.1700134277344,391800,287.0,275.1400146484375,275.1400146484375
08-12-2022,275.3500061035156,277.07000732421875,364100,285.0199890136719,283.1600036621094,283.1600036621094
09-12-2022,278.8699951171875,283.1600036621094,273600,284.8800048828125,280.92999267578125,280.92999267578125
12-12-2022,276.9375915527344,280.0,59916,283.95001220703125,283.70001220703125,283.70001220703125
